question_id,question_key,question_number,correct_answer,canonical_skill_key,is_untagged,is_multitag,had_duplicate_tags,tag_count,skill_id
1,q1,1,b,1;2;179;181,False,True,False,4,2
2,q2,2,a,2;15;182,False,True,False,3,75
3,q3,3,b,2;14;179;183,False,True,False,4,65
4,q4,4,b,2;9;179;184,False,True,False,4,42
5,q5,5,c,2;8;179;181,False,True,False,4,32
6,q6,6,d,2;9;179;182,False,True,False,4,41
7,q7,7,d,7;11;179;183,False,True,False,4,119
8,q8,8,b,20;21;179;184,False,True,False,4,141
9,q9,9,c,2;13;179;183,False,True,False,4,57
10,q10,10,c,7;17;182,False,True,False,3,129
11,q11,11,b,2;15;181,False,True,False,3,74
12,q12,12,c,1;2;182,False,True,False,3,6
13,q13,13,a,1;2;183,False,True,False,3,7
14,q14,14,a,2;8;184,False,True,False,3,38
15,q15,15,d,2;14;181,False,True,False,3,66
16,q16,16,c,20;21;182,False,True,False,3,143
17,q17,17,c,2;19;183,False,True,False,3,89
18,q18,18,b,2;5;179;184,False,True,False,4,27
19,q19,19,a,20;21;183,False,True,False,3,144
20,q20,20,b,7;10;179;182,False,True,False,4,112
21,q21,21,d,2;9;179;181,False,True,False,4,40
22,q22,22,c,6;7;179;182,False,True,False,4,104
23,q23,23,d,2;8;183,False,True,False,3,37
24,q24,24,a,6;7;184,False,True,False,3,109
25,q25,25,c,6;7;181,False,True,False,3,106
26,q26,26,a,6;7;182,False,True,False,3,107
27,q27,27,a,2;4;179;183,False,True,False,4,18
28,q28,28,a,6;7;184,False,True,False,3,109
29,q29,29,d,2;4;183,False,True,False,3,21
30,q30,30,b,2;13;179;182,False,True,False,4,56
31,q31,31,b,1;2;179;181,False,True,False,4,2
32,q32,32,a,2;3;179;182,False,True,False,4,11
33,q33,33,c,2;4;179;183,False,True,False,4,18
34,q34,34,b,2;5;179;181,False,True,False,4,24
35,q35,35,a,6;7;183,False,True,False,3,108
36,q36,36,b,2;8;182,False,True,False,3,36
37,q37,37,c,2;9;179;181,False,True,False,4,40
38,q38,38,a,2;3;182,False,True,False,3,13
39,q39,39,b,7;10;179;183,False,True,False,4,113
40,q40,40,b,7;11;181,False,True,False,3,120
41,q41,41,d,2;4;181,False,True,False,3,19
42,q42,42,b,2;5;179;182,False,True,False,4,25
43,q43,43,a,2;16;183,False,True,False,3,84
44,q44,44,d,2;13;179;184,False,True,False,4,58
45,q45,45,d,6;7;181,False,True,False,3,106
46,q46,46,a,7;17;179;182,False,True,False,4,125
47,q47,47,d,2;4;179;183,False,True,False,4,18
48,q48,48,d,6;7;184,False,True,False,3,109
49,q49,49,c,6;7;179;183,False,True,False,4,105
50,q50,50,d,7;17;179;182,False,True,False,4,125
51,q51,51,c,2;14;181,False,True,False,3,66
52,q52,52,b,2;22;182,False,True,False,3,95
53,q53,53,c,2;19;183,False,True,False,3,89
54,q54,54,b,2;9;179;184,False,True,False,4,42
55,q55,55,d,6;7;181,False,True,False,3,106
56,q56,56,c,2;15;179;182,False,True,False,4,72
57,q57,57,a,20;21;179;183,False,True,False,4,140
58,q58,58,b,2;5;179;184,False,True,False,4,27
59,q59,59,b,7;17;183,False,True,False,3,130
60,q60,60,a,2;14;179;182,False,True,False,4,64
61,q61,61,c,6;7;181,False,True,False,3,106
62,q62,62,c,7;17;185,False,True,False,3,132
63,q63,63,b,2;4;185,False,True,False,3,23
64,q64,64,d,2;9;181,False,True,False,3,43
65,q65,65,b,2;12;183,False,True,False,3,52
66,q66,66,d,2;15;185,False,True,False,3,78
67,q67,67,c,2;4;181,False,True,False,3,19
68,q68,68,b,2;22;185,False,True,False,3,98
69,q69,69,d,1;2;185,False,True,False,3,9
70,q70,70,d,6;7;181,False,True,False,3,106
71,q71,71,b,1;2;179;181,False,True,False,4,2
72,q72,72,a,2;14;179;182,False,True,False,4,64
73,q73,73,b,2;5;179;183,False,True,False,4,26
74,q74,74,a,2;5;179;184,False,True,False,4,27
75,q75,75,b,6;7;181,False,True,False,3,106
76,q76,76,a,2;8;182,False,True,False,3,36
77,q77,77,c,7;11;183,False,True,False,3,122
78,q78,78,d,7;17;184,False,True,False,3,131
79,q79,79,a,2;4;183,False,True,False,3,21
80,q80,80,d,2;15;179;182,False,True,False,4,72
81,q81,81,b,6;7;181,False,True,False,3,106
82,q82,82,a,2;8;185,False,True,False,3,39
83,q83,83,d,6;7;185,False,True,False,3,110
84,q84,84,c,20;21;181,False,True,False,3,142
85,q85,85,d,2;15;183,False,True,False,3,76
86,q86,86,a,2;13;185,False,True,False,3,62
87,q87,87,b,7;10;181,False,True,False,3,114
88,q88,88,a,2;12;185,False,True,False,3,54
89,q89,89,a,2;14;185,False,True,False,3,70
90,q90,90,a,2;15;181,False,True,False,3,74
91,q91,91,d,2;5;179;181,False,True,False,4,24
92,q92,92,a,2;4;182,False,True,False,3,20
93,q93,93,c,2;22;183,False,True,False,3,96
94,q94,94,c,1;2;179;184,False,True,False,4,4
95,q95,95,d,2;8;179;181,False,True,False,4,32
96,q96,96,c,6;7;182,False,True,False,3,107
97,q97,97,d,6;7;183,False,True,False,3,108
98,q98,98,a,2;5;179;184,False,True,False,4,27
99,q99,99,a,7;18;179;182,False,True,False,4,133
100,q100,100,c,2;22;181,False,True,False,3,94
101,q101,101,b,2;8;182,False,True,False,3,36
102,q102,102,c,2;22;179;183,False,True,False,4,93
103,q103,103,c,2;4;184,False,True,False,3,22
104,q104,104,b,6;7;181,False,True,False,3,106
105,q105,105,d,2;5;179;182,False,True,False,4,25
106,q106,106,a,2;4;184,False,True,False,3,22
107,q107,107,d,7;10;179;183,False,True,False,4,113
108,q108,108,a,7;10;182,False,True,False,3,115
109,q109,109,c,2;4;183,False,True,False,3,21
110,q110,110,c,2;12;182,False,True,False,3,51
111,q111,111,a,2;13;181,False,True,False,3,59
112,q112,112,b,2;14;179;182,False,True,False,4,64
113,q113,113,d,2;14;183,False,True,False,3,68
114,q114,114,b,7;10;179;181,False,True,False,4,111
115,q115,115,a,2;15;183,False,True,False,3,76
116,q116,116,a,2;16;179;182,False,True,False,4,80
117,q117,117,b,7;10;181,False,True,False,3,114
118,q118,118,d,2;14;179;182,False,True,False,4,64
119,q119,119,d,2;4;181,False,True,False,3,19
120,q120,120,b,1;2;185,False,True,False,3,9
121,q121,121,c,20;21;185,False,True,False,3,146
122,q122,122,d,2;8;181,False,True,False,3,35
123,q123,123,a,7;17;183,False,True,False,3,130
124,q124,124,b,20;21;185,False,True,False,3,146
125,q125,125,a,6;7;181,False,True,False,3,106
126,q126,126,c,2;15;185,False,True,False,3,78
127,q127,127,b,6;7;185,False,True,False,3,110
128,q128,128,b,2;13;181,False,True,False,3,59
129,q129,129,b,2;9;183,False,True,False,3,45
130,q130,130,d,6;7;182,False,True,False,3,107
131,q131,131,c,2;19;181,False,True,False,3,87
132,q132,132,a,2;12;179;182,False,True,False,4,48
133,q133,133,b,2;8;179;183,False,True,False,4,34
134,q134,134,b,2;5;181,False,True,False,3,28
135,q135,135,d,2;4;183,False,True,False,3,21
136,q136,136,c,2;3;179;182,False,True,False,4,11
137,q137,137,b,2;5;181,False,True,False,3,28
138,q138,138,c,7;10;179;182,False,True,False,4,112
139,q139,139,a,2;14;183,False,True,False,3,68
140,q140,140,d,2;16;179;181,False,True,False,4,79
141,q141,141,b,2;9;183,False,True,False,3,45
142,q142,142,d,2;12;182,False,True,False,3,51
143,q143,143,c,7;11;181,False,True,False,3,120
144,q144,144,d,2;4;182,False,True,False,3,20
145,q145,145,b,2;13;183,False,True,False,3,60
146,q146,146,b,6;7;179;181,False,True,False,4,103
147,q147,147,b,7;17;183,False,True,False,3,130
148,q148,148,c,2;14;182,False,True,False,3,67
149,q149,149,b,2;13;181,False,True,False,3,59
150,q150,150,d,2;5;182,False,True,False,3,29
151,q151,151,d,6;7;181,False,True,False,3,106
152,q152,152,c,2;5;179;183,False,True,False,4,26
153,q153,153,a,2;8;179;182,False,True,False,4,33
154,q154,154,b,7;18;181,False,True,False,3,135
155,q155,155,c,7;10;182,False,True,False,3,115
156,q156,156,a,2;4;183,False,True,False,3,21
157,q157,157,d,2;14;179;181,False,True,False,4,63
158,q158,158,c,2;8;181,False,True,False,3,35
159,q159,159,a,2;9;185,False,True,False,3,47
160,q160,160,d,2;8;185,False,True,False,3,39
161,q161,161,d,2;5;181,False,True,False,3,28
162,q162,162,b,2;3;183,False,True,False,3,14
163,q163,163,a,6;7;185,False,True,False,3,110
164,q164,164,c,7;10;181,False,True,False,3,114
165,q165,165,b,20;21;185,False,True,False,3,146
166,q166,166,c,7;18;185,False,True,False,3,139
167,q167,167,a,2;5;181,False,True,False,3,28
168,q168,168,d,2;16;179;181,False,True,False,4,79
169,q169,169,c,2;22;179;182,False,True,False,4,92
170,q170,170,b,2;9;183,False,True,False,3,45
171,q171,171,d,2;9;184,False,True,False,3,46
172,q172,172,a,2;5;181,False,True,False,3,28
173,q173,173,a,7;17;182,False,True,False,3,129
174,q174,174,a,7;10;183,False,True,False,3,116
175,q175,175,b,7;17;184,False,True,False,3,131
176,q176,176,d,6;7;183,False,True,False,3,108
177,q177,177,b,6;7;182,False,True,False,3,107
178,q178,178,d,2;9;182,False,True,False,3,44
179,q179,179,c,2;5;179;183,False,True,False,4,26
180,q180,180,b,2;15;184,False,True,False,3,77
181,q181,181,d,2;9;181,False,True,False,3,43
182,q182,182,b,2;4;182,False,True,False,3,20
183,q183,183,d,2;15;179;183,False,True,False,4,73
184,q184,184,a,20;21;179;184,False,True,False,4,141
185,q185,185,a,7;11;183,False,True,False,3,122
186,q186,186,b,2;12;182,False,True,False,3,51
187,q187,187,a,2;4;181,False,True,False,3,19
188,q188,188,c,2;19;185,False,True,False,3,91
189,q189,189,b,2;8;185,False,True,False,3,39
190,q190,190,a,6;7;181,False,True,False,3,106
191,q191,191,b,2;4;183,False,True,False,3,21
192,q192,192,d,2;3;185,False,True,False,3,16
193,q193,193,a,2;4;181,False,True,False,3,19
194,q194,194,d,7;10;185,False,True,False,3,118
195,q195,195,c,20;21;185,False,True,False,3,146
196,q196,196,b,7;17;181,False,True,False,3,128
197,q197,197,a,24;25;181;183,False,True,False,4,180
198,q198,198,a,31;32;183;185,False,True,False,4,461
199,q199,199,b,24;33;183;184,False,True,False,4,253
200,q200,200,c,24;26;51;181;185,False,True,False,5,197
201,q201,201,c,28;29;183;184,False,True,False,4,360
202,q202,202,a,24;40;181;185,False,True,False,4,261
203,q203,203,b,38;39;183;185,False,True,False,4,534
204,q204,204,a,24;41;181;185,False,True,False,4,272
205,q205,205,a,44;49;181;185,False,True,False,4,553
206,q206,206,c,31;32;183;185,False,True,False,4,461
207,q207,207,b,24;33;51;181;182,False,True,False,5,242
208,q208,208,c,24;25;181;183,False,True,False,4,180
209,q209,209,b,31;42;181;185,False,True,False,4,465
210,q210,210,a,32;36;181;185,False,True,False,4,475
211,q211,211,b,28;29;181;183,False,True,False,4,355
212,q212,212,b,24;26;27;183;184,False,True,False,5,192
213,q213,213,a,24;27;40;183;185,False,True,False,5,213
214,q214,214,c,31;32;183;185,False,True,False,4,461
215,q215,215,a,30;34;35;183;185,False,True,False,5,409
216,q216,216,c,23;24;25;183;184,False,True,False,5,156
217,q217,217,a,24;48;181;185,False,True,False,4,295
218,q218,218,b,24;50;184;185,False,True,False,4,310
219,q219,219,c,44;45;184;185,False,True,False,4,550
220,q220,220,a,27;31;32;181;185,False,True,False,5,317
221,q221,221,b,36;37;183;185,False,True,False,4,515
222,q222,222,c,24;33;181;183,False,True,False,4,248
223,q223,223,b,36;37;183;185,False,True,False,4,515
224,q224,224,c,28;32;183;185,False,True,False,4,370
225,q225,225,c,30;34;35;181;185,False,True,False,5,405
226,q226,226,a,24;43;184;185,False,True,False,4,288
227,q227,227,c,23;24;25;181;183,False,True,False,5,151
228,q228,228,b,24;26;183;185,False,True,False,4,207
229,q229,229,a,24;33;183;185,False,True,False,4,254
230,q230,230,b,24;48;181;183,False,True,False,4,293
231,q231,231,c,24;33;184;185,False,True,False,4,255
232,q232,232,a,31;32;183;185,False,True,False,4,461
233,q233,233,c,28;29;181;185,False,True,False,4,357
234,q234,234,a,23;24;25;181;185,False,True,False,5,153
235,q235,235,b,24;33;181;185,False,True,False,4,250
236,q236,236,c,44;45;183;185,False,True,False,4,549
237,q237,237,c,23;46;47;181;185,False,True,False,5,168
238,q238,238,a,24;26;27;181;183,False,True,False,5,188
239,q239,239,a,28;29;181;185,False,True,False,4,357
240,q240,240,b,34;35;181;185,False,True,False,4,487
241,q241,241,b,24;40;181;183,False,True,False,4,259
242,q242,242,b,24;41;183;185,False,True,False,4,276
243,q243,243,c,27;28;29;183;185,False,True,False,5,313
244,q244,244,a,31;32;183;185,False,True,False,4,461
245,q245,245,c,24;25;183;185,False,True,False,4,186
246,q246,246,c,24;30;50;183;185,False,True,False,5,241
247,q247,247,b,31;32;181;185,False,True,False,4,457
248,q248,248,b,24;40;181;184,False,True,False,4,260
249,q249,249,b,27;38;39;184;185,False,True,False,5,328
250,q250,250,c,38;39;179;181;185,False,True,False,5,524
251,q251,251,b,36;37;183;184,False,True,False,4,514
252,q252,252,a,24;41;181;183,False,True,False,4,270
253,q253,253,c,31;32;183;185,False,True,False,4,461
254,q254,254,a,36;37;183;185,False,True,False,4,515
255,q255,255,c,31;32;181;185,False,True,False,4,457
256,q256,256,c,34;42;183;184,False,True,False,4,504
257,q257,257,c,30;36;37;181;183,False,True,False,5,420
258,q258,258,b,46;47;182;184,False,True,False,4,564
259,q259,259,a,24;25;182;183,False,True,False,4,183
260,q260,260,a,30;38;39;182;184,False,True,False,5,434
261,q261,261,c,31;32;181;184,False,True,False,4,456
262,q262,262,a,44;45;182;183,False,True,False,4,546
263,q263,263,b,24;48;181;184,False,True,False,4,294
264,q264,264,a,38;39;179;182;184,False,True,False,5,525
265,q265,265,b,24;33;181;182,False,True,False,4,247
266,q266,266,a,24;26;181;184,False,True,False,4,202
267,q267,267,c,28;29;30;183;184,False,True,False,5,346
268,q268,268,b,24;43;181;184,False,True,False,4,282
269,q269,269,c,24;26;27;181;183,False,True,False,5,188
270,q270,270,a,30;34;35;181;184,False,True,False,5,404
271,q271,271,c,36;37;182;183,False,True,False,4,512
272,q272,272,a,31;32;183;184,False,True,False,4,460
273,q273,273,b,44;45;179;181;183,False,True,False,5,537
274,q274,274,c,24;40;182;184,False,True,False,4,263
275,q275,275,c,30;34;35;179;181;184,False,True,False,6,399
276,q276,276,b,30;34;35;182;183,False,True,False,5,406
277,q277,277,c,31;32;181;182,False,True,False,4,454
278,q278,278,a,27;46;47;181;183,False,True,False,5,335
279,q279,279,a,28;29;182;183,False,True,False,4,358
280,q280,280,b,38;39;181;182,False,True,False,4,527
281,q281,281,c,44;45;182;184,False,True,False,4,547
282,q282,282,a,38;39;181;183,False,True,False,4,528
283,q283,283,a,24;25;27;179;182;184,False,True,False,6,169
284,q284,284,b,24;27;33;182;183,False,True,False,5,209
285,q285,285,a,34;35;182;184,False,True,False,4,489
286,q286,286,b,24;40;181;184,False,True,False,4,260
287,q287,287,a,30;34;35;181;182,False,True,False,5,402
288,q288,288,a,24;26;181;182,False,True,False,4,200
289,q289,289,b,24;33;51;182;183,False,True,False,5,245
290,q290,290,b,24;26;183;184,False,True,False,4,206
291,q291,291,a,24;41;181;182,False,True,False,4,269
292,q292,292,c,31;32;182;183,False,True,False,4,458
293,q293,293,c,24;40;181;182,False,True,False,4,258
294,q294,294,a,24;43;182;183,False,True,False,4,284
295,q295,295,c,34;42;181;182,False,True,False,4,498
296,q296,296,c,24;27;48;181;182,False,True,False,5,221
297,q297,297,b,24;40;183;184,False,True,False,4,264
298,q298,298,c,23;24;25;182;183,False,True,False,5,154
299,q299,299,a,27;34;35;181;182,False,True,False,5,318
300,q300,300,c,44;45;181;182,False,True,False,4,542
301,q301,301,b,34;42;182;183,False,True,False,4,502
302,q302,302,b,31;32;183;184,False,True,False,4,460
303,q303,303,b,30;34;42;181;182,False,True,False,5,412
304,q304,304,a,24;26;182;183,False,True,False,4,204
305,q305,305,b,30;38;39;181;182,False,True,False,5,430
306,q306,306,c,24;27;33;182;183,False,True,False,5,209
307,q307,307,c,24;30;48;181;182,False,True,False,5,240
308,q308,308,a,30;34;35;181;182,False,True,False,5,402
309,q309,309,c,28;29;183;184,False,True,False,4,360
310,q310,310,a,28;37;182;183,False,True,False,4,374
311,q311,311,c,34;35;183;184,False,True,False,4,490
312,q312,312,c,23;24;25;181;183,False,True,False,5,151
313,q313,313,c,24;33;183;185,False,True,False,4,254
314,q314,314,c,24;43;183;185,False,True,False,4,287
315,q315,315,a,24;26;181;183,False,True,False,4,201
316,q316,316,b,31;32;184;185,False,True,False,4,462
317,q317,317,a,23;24;25;179;183;185,False,True,False,6,149
318,q318,318,b,24;41;181;185,False,True,False,4,272
319,q319,319,b,24;40;181;185,False,True,False,4,261
320,q320,320,a,36;37;181;185,False,True,False,4,511
321,q321,321,b,23;24;33;183;185,False,True,False,5,165
322,q322,322,b,30;31;32;181;185,False,True,False,5,387
323,q323,323,a,28;29;181;183,False,True,False,4,355
324,q324,324,a,24;26;181;185,False,True,False,4,203
325,q325,325,c,38;39;181;185,False,True,False,4,530
326,q326,326,b,24;43;181;183,False,True,False,4,281
327,q327,327,c,30;32;36;183;185,False,True,False,5,398
328,q328,328,b,44;45;179;183;185,False,True,False,5,541
329,q329,329,a,30;38;39;179;183;185,False,True,False,6,429
330,q330,330,c,34;35;183;185,False,True,False,4,491
331,q331,331,c,31;32;183;185,False,True,False,4,461
332,q332,332,a,24;40;181;185,False,True,False,4,261
333,q333,333,c,30;36;37;181;184,False,True,False,5,421
334,q334,334,c,24;50;184;185,False,True,False,4,310
335,q335,335,c,44;45;181;185,False,True,False,4,545
336,q336,336,b,28;29;179;183;184,False,True,False,5,353
337,q337,337,c,34;35;181;183,False,True,False,4,485
338,q338,338,b,31;32;183;185,False,True,False,4,461
339,q339,339,c,38;39;183;185,False,True,False,4,534
340,q340,340,b,24;41;181;185,False,True,False,4,272
341,q341,341,c,30;38;39;183;184,False,True,False,5,435
342,q342,342,c,46;47;179;181;183,False,True,False,5,557
343,q343,343,a,24;25;182;184,False,True,False,4,184
344,q344,344,b,24;43;182;183,False,True,False,4,284
345,q345,345,b,24;26;182;184,False,True,False,4,205
346,q346,346,a,34;35;179;182;184,False,True,False,5,481
347,q347,347,b,24;43;182;183,False,True,False,4,284
348,q348,348,a,30;31;32;181;184,False,True,False,5,386
349,q349,349,c,24;40;182;184,False,True,False,4,263
350,q350,350,a,46;47;179;181;182,False,True,False,5,556
351,q351,351,b,28;29;181;184,False,True,False,4,356
352,q352,352,b,24;25;183;184,False,True,False,4,185
353,q353,353,c,44;45;181;184,False,True,False,4,544
354,q354,354,a,30;38;39;181;183,False,True,False,5,431
355,q355,355,c,30;36;37;181;184,False,True,False,5,421
356,q356,356,b,30;34;42;181;183,False,True,False,5,413
357,q357,357,b,24;33;183;184,False,True,False,4,253
358,q358,358,c,34;35;181;183,False,True,False,4,485
359,q359,359,b,28;30;37;182;184,False,True,False,5,364
360,q360,360,c,30;36;37;181;184,False,True,False,5,421
361,q361,361,a,24;41;182;183,False,True,False,4,273
362,q362,362,a,28;29;30;181;182,False,True,False,5,341
363,q363,363,b,31;32;181;183,False,True,False,4,455
364,q364,364,c,30;34;42;182;183,False,True,False,5,416
365,q365,365,a,24;41;181;182,False,True,False,4,269
366,q366,366,a,34;35;182;184,False,True,False,4,489
367,q367,367,c,24;25;181;183,False,True,False,4,180
368,q368,368,b,24;30;33;183;185,False,True,False,5,227
369,q369,369,c,24;40;183;184,False,True,False,4,264
370,q370,370,c,24;48;181;185,False,True,False,4,295
371,q371,371,b,24;33;183;184,False,True,False,4,253
372,q372,372,c,24;26;27;181;185,False,True,False,5,189
373,q373,373,b,23;24;25;183;185,False,True,False,5,157
374,q374,374,b,30;31;32;183;185,False,True,False,5,391
375,q375,375,a,28;29;181;185,False,True,False,4,357
376,q376,376,b,24;43;183;185,False,True,False,4,287
377,q377,377,a,30;31;32;181;185,False,True,False,5,387
378,q378,378,c,24;40;181;183,False,True,False,4,259
379,q379,379,a,31;32;181;185,False,True,False,4,457
380,q380,380,b,36;37;181;185,False,True,False,4,511
381,q381,381,a,31;32;181;183,False,True,False,4,455
382,q382,382,a,36;37;183;184,False,True,False,4,514
383,q383,383,b,31;32;183;185,False,True,False,4,461
384,q384,384,c,44;45;183;185,False,True,False,4,549
385,q385,385,b,24;41;183;185,False,True,False,4,276
386,q386,386,a,38;39;183;184,False,True,False,4,533
387,q387,387,a,34;35;181;185,False,True,False,4,487
388,q388,388,b,44;45;184;185,False,True,False,4,550
389,q389,389,a,24;50;184;185,False,True,False,4,310
390,q390,390,c,44;45;181;185,False,True,False,4,545
391,q391,391,b,38;39;183;185,False,True,False,4,534
392,q392,392,b,31;32;181;183,False,True,False,4,455
393,q393,393,c,30;36;37;183;185,False,True,False,5,425
394,q394,394,b,30;34;35;183;185,False,True,False,5,409
395,q395,395,c,30;34;35;181;185,False,True,False,5,405
396,q396,396,a,34;35;184;185,False,True,False,4,492
397,q397,397,b,24;50;181;183,False,True,False,4,303
398,q398,398,c,24;30;43;183;184,False,True,False,5,237
399,q399,399,a,30;31;32;181;185,False,True,False,5,387
400,q400,400,b,46;47;183;185,False,True,False,4,566
401,q401,401,a,23;24;25;181;185,False,True,False,5,153
402,q402,402,c,24;26;30;181;183,False,True,False,5,194
403,q403,403,b,30;44;45;183;184,False,True,False,5,442
404,q404,404,b,24;40;181;185,False,True,False,4,261
405,q405,405,b,38;39;181;185,False,True,False,4,530
406,q406,406,a,46;47;181;183,False,True,False,4,561
407,q407,407,a,34;35;181;184,False,True,False,4,486
408,q408,408,c,31;42;183;185,False,True,False,4,468
409,q409,409,a,24;43;181;185,False,True,False,4,283
410,q410,410,b,44;45;181;185,False,True,False,4,545
411,q411,411,c,30;34;42;181;185,False,True,False,5,415
412,q412,412,a,31;42;183;184,False,True,False,4,467
413,q413,413,c,38;39;181;183,False,True,False,4,528
414,q414,414,a,30;34;42;181;185,False,True,False,5,415
415,q415,415,c,24;41;181;185,False,True,False,4,272
416,q416,416,a,28;29;30;181;185,False,True,False,5,344
417,q417,417,a,24;26;183;184,False,True,False,4,206
418,q418,418,c,30;34;35;181;183,False,True,False,5,403
419,q419,419,a,34;42;183;185,False,True,False,4,505
420,q420,420,b,24;40;183;185,False,True,False,4,265
421,q421,421,a,46;47;181;184,False,True,False,4,562
422,q422,422,b,23;24;33;181;185,False,True,False,5,162
423,q423,423,b,24;25;183;185,False,True,False,4,186
424,q424,424,a,24;26;27;183;185,False,True,False,5,193
425,q425,425,c,36;37;181;183,False,True,False,4,509
426,q426,426,a,34;35;184;185,False,True,False,4,492
427,q427,427,b,24;40;183;185,False,True,False,4,265
428,q428,428,b,24;40;181;185,False,True,False,4,261
429,q429,429,c,30;34;35;181;185,False,True,False,5,405
430,q430,430,c,36;37;181;185,False,True,False,4,511
431,q431,431,b,24;43;179;183;185,False,True,False,5,279
432,q432,432,a,24;41;181;185,False,True,False,4,272
433,q433,433,b,24;40;181;183,False,True,False,4,259
434,q434,434,c,31;32;181;185,False,True,False,4,457
435,q435,435,b,24;27;41;181;185,False,True,False,5,217
436,q436,436,c,28;42;181;183,False,True,False,4,376
437,q437,437,c,31;32;183;185,False,True,False,4,461
438,q438,438,b,30;31;32;183;185,False,True,False,5,391
439,q439,439,c,44;49;183;185,False,True,False,4,555
440,q440,440,b,31;32;183;185,False,True,False,4,461
441,q441,441,a,31;32;183;185,False,True,False,4,461
442,q442,442,c,38;39;181;185,False,True,False,4,530
443,q443,443,c,24;43;181;184,False,True,False,4,282
444,q444,444,b,28;29;30;179;184;185,False,True,False,6,340
445,q445,445,a,28;29;181;185,False,True,False,4,357
446,q446,446,b,34;35;183;184,False,True,False,4,490
447,q447,447,a,27;46;47;181;183,False,True,False,5,335
448,q448,448,b,30;34;35;179;183;185,False,True,False,6,401
449,q449,449,b,24;41;179;183;185,False,True,False,5,268
450,q450,450,c,34;42;181;185,False,True,False,4,501
451,q451,451,b,31;32;183;184,False,True,False,4,460
452,q452,452,c,24;43;181;183,False,True,False,4,281
453,q453,453,b,24;26;182;184,False,True,False,4,205
454,q454,454,a,24;40;182;183,False,True,False,4,262
455,q455,455,c,23;24;33;182;184,False,True,False,5,163
456,q456,456,c,44;45;181;184,False,True,False,4,544
457,q457,457,a,23;24;25;182;183,False,True,False,5,154
458,q458,458,a,24;48;181;184,False,True,False,4,294
459,q459,459,a,38;39;182;184,False,True,False,4,532
460,q460,460,a,24;43;181;182,False,True,False,4,280
461,q461,461,b,24;30;33;181;184,False,True,False,5,225
462,q462,462,b,24;50;183;184,False,True,False,4,308
463,q463,463,b,27;38;39;179;181;184,False,True,False,6,326
464,q464,464,c,34;35;179;181;183,False,True,False,5,477
465,q465,465,c,28;29;181;184,False,True,False,4,356
466,q466,466,a,28;29;181;183,False,True,False,4,355
467,q467,467,a,27;46;47;183;184,False,True,False,5,337
468,q468,468,c,24;50;181;183,False,True,False,4,303
469,q469,469,c,28;29;179;182;184,False,True,False,5,352
470,q470,470,b,24;26;27;179;181;184,False,True,False,6,187
471,q471,471,a,34;42;179;182;183,False,True,False,5,496
472,q472,472,b,34;42;181;182,False,True,False,4,498
473,q473,473,b,24;43;181;183,False,True,False,4,281
474,q474,474,b,31;32;182;183,False,True,False,4,458
475,q475,475,c,36;37;181;182,False,True,False,4,508
476,q476,476,a,31;32;182;184,False,True,False,4,459
477,q477,477,b,44;45;181;183,False,True,False,4,543
478,q478,478,b,34;42;182;184,False,True,False,4,503
479,q479,479,b,24;40;179;182;183,False,True,False,5,257
480,q480,480,a,24;43;182;184,False,True,False,4,285
481,q481,481,b,30;34;42;181;184,False,True,False,5,414
482,q482,482,b,46;47;179;181;183,False,True,False,5,557
483,q483,483,c,24;43;182;184,False,True,False,4,285
484,q484,484,c,28;29;182;183,False,True,False,4,358
485,q485,485,b,30;34;35;182;184,False,True,False,5,407
486,q486,486,b,24;26;181;184,False,True,False,4,202
487,q487,487,c,24;40;182;183,False,True,False,4,262
488,q488,488,b,28;29;30;179;182;183,False,True,False,6,339
489,q489,489,c,30;34;35;182;184,False,True,False,5,407
490,q490,490,b,30;34;42;181;182,False,True,False,5,412
491,q491,491,b,34;35;179;181;184,False,True,False,5,478
492,q492,492,b,24;43;183;184,False,True,False,4,286
493,q493,493,b,24;48;181;184,False,True,False,4,294
494,q494,494,b,36;37;181;183,False,True,False,4,509
495,q495,495,c,28;29;30;179;181;184,False,True,False,6,338
496,q496,496,b,24;40;179;181;183,False,True,False,5,256
497,q497,497,b,28;29;183;184,False,True,False,4,360
498,q498,498,c,24;25;30;181;183,False,True,False,5,175
499,q499,499,a,24;26;27;182;184,False,True,False,5,191
500,q500,500,b,24;43;181;184,False,True,False,4,282
501,q501,501,a,34;35;182;183,False,True,False,4,488
502,q502,502,c,34;42;181;182,False,True,False,4,498
503,q503,503,b,36;37;181;183,False,True,False,4,509
504,q504,504,b,24;50;182;183,False,True,False,4,306
505,q505,505,a,31;32;181;182,False,True,False,4,454
506,q506,506,b,44;45;182;184,False,True,False,4,547
507,q507,507,c,24;27;41;181;183,False,True,False,5,216
508,q508,508,c,31;32;182;184,False,True,False,4,459
509,q509,509,a,31;32;182;183,False,True,False,4,458
510,q510,510,b,34;35;182;184,False,True,False,4,489
511,q511,511,a,36;37;181;184,False,True,False,4,510
512,q512,512,c,24;33;179;181;183,False,True,False,5,246
513,q513,513,a,24;43;183;185,False,True,False,4,287
514,q514,514,a,24;33;181;183,False,True,False,4,248
515,q515,515,c,24;26;184;185,False,True,False,4,208
516,q516,516,a,44;45;179;183;185,False,True,False,5,541
517,q517,517,a,24;25;181;185,False,True,False,4,182
518,q518,518,b,24;25;181;185,False,True,False,4,182
519,q519,519,c,30;36;37;181;185,False,True,False,5,422
520,q520,520,a,24;25;183;185,False,True,False,4,186
521,q521,521,c,24;30;40;181;185,False,True,False,5,229
522,q522,522,a,24;33;181;183,False,True,False,4,248
523,q523,523,c,30;34;42;179;181;185,False,True,False,6,411
524,q524,524,a,31;32;181;185,False,True,False,4,457
525,q525,525,c,34;35;181;183,False,True,False,4,485
526,q526,526,b,28;29;183;185,False,True,False,4,361
527,q527,527,b,34;35;179;183;185,False,True,False,5,483
528,q528,528,b,24;30;40;183;185,False,True,False,5,232
529,q529,529,b,24;30;50;183;185,False,True,False,5,241
530,q530,530,a,31;32;183;185,False,True,False,4,461
531,q531,531,b,34;35;181;185,False,True,False,4,487
532,q532,532,b,24;50;181;184,False,True,False,4,304
533,q533,533,a,28;29;30;184;185,False,True,False,5,348
534,q534,534,a,34;42;181;185,False,True,False,4,501
535,q535,535,c,34;35;183;184,False,True,False,4,490
536,q536,536,a,30;38;39;179;181;183,False,True,False,6,426
537,q537,537,b,24;40;183;185,False,True,False,4,265
538,q538,538,b,31;32;183;185,False,True,False,4,461
539,q539,539,a,34;35;179;181;185,False,True,False,5,479
540,q540,540,b,28;45;183;184,False,True,False,4,379
541,q541,541,b,30;31;32;181;183,False,True,False,5,385
542,q542,542,c,30;31;49;182;184,False,True,False,5,396
543,q543,543,b,24;50;182;183,False,True,False,4,306
544,q544,544,c,34;42;182;184,False,True,False,4,503
545,q545,545,b,30;38;39;179;181;184,False,True,False,6,427
546,q546,546,c,30;34;35;182;183,False,True,False,5,406
547,q547,547,a,27;28;29;179;181;184,False,True,False,6,311
548,q548,548,a,24;30;43;182;184,False,True,False,5,236
549,q549,549,b,44;45;181;182,False,True,False,4,542
550,q550,550,a,24;41;181;184,False,True,False,4,271
551,q551,551,a,28;29;183;184,False,True,False,4,360
552,q552,552,b,36;37;181;184,False,True,False,4,510
553,q553,553,b,24;40;181;183,False,True,False,4,259
554,q554,554,c,30;34;35;181;184,False,True,False,5,404
555,q555,555,c,27;36;37;181;183,False,True,False,5,321
556,q556,556,c,24;30;40;183;184,False,True,False,5,231
557,q557,557,a,38;39;181;183,False,True,False,4,528
558,q558,558,b,24;40;182;184,False,True,False,4,263
559,q559,559,c,30;31;32;181;184,False,True,False,5,386
560,q560,560,c,34;42;179;182;183,False,True,False,5,496
561,q561,561,b,38;39;181;182,False,True,False,4,527
562,q562,562,c,30;31;32;181;183,False,True,False,5,385
563,q563,563,a,30;34;35;182;183,False,True,False,5,406
564,q564,564,b,24;43;181;182,False,True,False,4,280
565,q565,565,b,36;37;182;184,False,True,False,4,513
566,q566,566,b,24;43;181;183,False,True,False,4,281
567,q567,567,b,24;26;182;184,False,True,False,4,205
568,q568,568,a,24;25;182;183,False,True,False,4,183
569,q569,569,a,24;48;182;183,False,True,False,4,296
570,q570,570,c,24;40;181;184,False,True,False,4,260
571,q571,571,c,24;30;40;182;183,False,True,False,5,230
572,q572,572,b,30;31;32;181;184,False,True,False,5,386
573,q573,573,c,46;47;182;184,False,True,False,4,564
574,q574,574,a,24;40;181;182,False,True,False,4,258
575,q575,575,b,24;41;181;184,False,True,False,4,271
576,q576,576,c,24;26;183;184,False,True,False,4,206
577,q577,577,b,28;29;179;181;184,False,True,False,5,349
578,q578,578,c,24;40;181;183,False,True,False,4,259
579,q579,579,c,28;29;181;184,False,True,False,4,356
580,q580,580,a,24;25;181;183,False,True,False,4,180
581,q581,581,b,24;26;183;184,False,True,False,4,206
582,q582,582,c,34;35;181;183,False,True,False,4,485
583,q583,583,a,30;44;45;182;184,False,True,False,5,441
584,q584,584,a,24;27;43;181;184,False,True,False,5,219
585,q585,585,c,24;33;182;183,False,True,False,4,251
586,q586,586,b,34;42;181;182,False,True,False,4,498
587,q587,587,c,36;37;181;183,False,True,False,4,509
588,q588,588,a,24;25;182;183,False,True,False,4,183
589,q589,589,a,44;45;181;182,False,True,False,4,542
590,q590,590,c,31;37;182;184,False,True,False,4,463
591,q591,591,b,28;29;181;183,False,True,False,4,355
592,q592,592,a,30;34;35;182;184,False,True,False,5,407
593,q593,593,c,31;32;182;183,False,True,False,4,458
594,q594,594,a,24;50;181;184,False,True,False,4,304
595,q595,595,c,24;25;27;181;184,False,True,False,5,171
596,q596,596,b,24;33;181;183,False,True,False,4,248
597,q597,597,a,24;41;182;184,False,True,False,4,274
598,q598,598,c,24;48;182;183,False,True,False,4,296
599,q599,599,a,24;50;182;184,False,True,False,4,307
600,q600,600,c,23;24;33;181;184,False,True,False,5,161
601,q601,601,c,24;33;182;183,False,True,False,4,251
602,q602,602,a,24;40;181;184,False,True,False,4,260
603,q603,603,a,24;40;182;184,False,True,False,4,263
604,q604,604,a,24;25;181;182,False,True,False,4,179
605,q605,605,b,37;38;181;184,False,True,False,4,518
606,q606,606,a,36;37;183;184,False,True,False,4,514
607,q607,607,a,34;35;181;184,False,True,False,4,486
608,q608,608,b,44;45;179;181;183,False,True,False,5,537
609,q609,609,b,38;39;181;184,False,True,False,4,529
610,q610,610,a,30;38;39;181;183,False,True,False,5,431
611,q611,611,b,24;26;183;184,False,True,False,4,206
612,q612,612,c,28;29;181;183,False,True,False,4,355
613,q613,613,b,31;32;182;184,False,True,False,4,459
614,q614,614,c,24;43;181;184,False,True,False,4,282
615,q615,615,a,30;31;32;182;183,False,True,False,5,388
616,q616,616,c,36;37;181;182,False,True,False,4,508
617,q617,617,b,30;31;32;181;183,False,True,False,5,385
618,q618,618,a,38;39;182;183,False,True,False,4,531
619,q619,619,b,24;40;181;182,False,True,False,4,258
620,q620,620,b,36;37;182;184,False,True,False,4,513
621,q621,621,a,23;24;25;181;183,False,True,False,5,151
622,q622,622,c,34;35;182;184,False,True,False,4,489
623,q623,623,a,24;41;182;183,False,True,False,4,273
624,q624,624,c,31;32;182;184,False,True,False,4,459
625,q625,625,b,34;35;181;184,False,True,False,4,486
626,q626,626,a,23;24;33;181;183,False,True,False,5,160
627,q627,627,b,24;26;182;184,False,True,False,4,205
628,q628,628,a,44;45;179;182;183,False,True,False,5,540
629,q629,629,a,28;29;182;184,False,True,False,4,359
630,q630,630,c,28;29;181;184,False,True,False,4,356
631,q631,631,a,24;26;182;183,False,True,False,4,204
632,q632,632,b,24;41;181;184,False,True,False,4,271
633,q633,633,c,28;29;30;182;184,False,True,False,5,345
634,q634,634,a,38;39;181;182,False,True,False,4,527
635,q635,635,b,30;44;45;181;184,False,True,False,5,438
636,q636,636,c,31;32;183;184,False,True,False,4,460
637,q637,637,a,30;34;35;181;183,False,True,False,5,403
638,q638,638,b,34;42;181;184,False,True,False,4,500
639,q639,639,b,24;33;51;181;183,False,True,False,5,243
640,q640,640,a,24;26;183;184,False,True,False,4,206
641,q641,641,a,44;45;181;183,False,True,False,4,543
642,q642,642,c,30;31;32;179;182;184,False,True,False,6,382
643,q643,643,c,28;37;181;184,False,True,False,4,373
644,q644,644,a,24;25;182;183,False,True,False,4,183
645,q645,645,a,32;34;181;182,False,True,False,4,473
646,q646,646,a,28;37;181;183,False,True,False,4,372
647,q647,647,c,27;46;47;182;183,False,True,False,5,336
648,q648,648,c,30;44;45;181;182,False,True,False,5,436
649,q649,649,a,31;32;182;184,False,True,False,4,459
650,q650,650,b,24;48;179;181;183,False,True,False,5,290
651,q651,651,a,31;32;182;184,False,True,False,4,459
652,q652,652,c,31;32;182;183,False,True,False,4,458
653,q653,653,a,24;40;181;184,False,True,False,4,260
654,q654,654,b,23;24;25;181;183,False,True,False,5,151
655,q655,655,a,24;26;30;182;183,False,True,False,5,195
656,q656,656,b,23;24;25;183;184,False,True,False,5,156
657,q657,657,a,27;28;45;179;181;182,False,True,False,6,314
658,q658,658,a,30;31;32;179;181;183,False,True,False,6,380
659,q659,659,b,23;24;33;182;184,False,True,False,5,163
660,q660,660,b,30;34;35;179;182;183,False,True,False,6,400
661,q661,661,c,28;30;49;181;182,False,True,False,5,367
662,q662,662,c,23;24;33;181;183,False,True,False,5,160
663,q663,663,b,36;37;182;183,False,True,False,4,512
664,q664,664,a,38;39;181;182,False,True,False,4,527
665,q665,665,b,24;26;181;183,False,True,False,4,201
666,q666,666,a,24;40;181;182,False,True,False,4,258
667,q667,667,c,37;38;181;182,False,True,False,4,517
668,q668,668,c,24;30;40;181;183,False,True,False,5,228
669,q669,669,c,24;41;182;183,False,True,False,4,273
670,q670,670,a,34;42;179;182;183,False,True,False,5,496
671,q671,671,a,30;34;35;182;183,False,True,False,5,406
672,q672,672,c,24;40;182;183,False,True,False,4,262
673,q673,673,a,30;32;36;182;183,False,True,False,5,397
674,q674,674,c,30;31;32;181;182,False,True,False,5,384
675,q675,675,a,24;25;182;183,False,True,False,4,183
676,q676,676,c,31;32;182;183,False,True,False,4,458
677,q677,677,b,31;32;181;182,False,True,False,4,454
678,q678,678,b,37;38;182;183,False,True,False,4,519
679,q679,679,a,28;29;181;183,False,True,False,4,355
680,q680,680,a,24;33;182;184,False,True,False,4,252
681,q681,681,a,24;26;182;183,False,True,False,4,204
682,q682,682,c,31;32;182;184,False,True,False,4,459
683,q683,683,b,38;39;181;184,False,True,False,4,529
684,q684,684,b,24;50;182;183,False,True,False,4,306
685,q685,685,c,23;24;25;181;184,False,True,False,5,152
686,q686,686,b,30;38;39;179;182;184,False,True,False,6,428
687,q687,687,c,24;43;181;182,False,True,False,4,280
688,q688,688,a,31;32;181;184,False,True,False,4,456
689,q689,689,a,38;39;183;184,False,True,False,4,533
690,q690,690,a,31;32;181;184,False,True,False,4,456
691,q691,691,c,24;50;181;183,False,True,False,4,303
692,q692,692,c,44;45;179;181;184,False,True,False,5,538
693,q693,693,a,34;35;181;183,False,True,False,4,485
694,q694,694,b,30;31;42;183;184,False,True,False,5,394
695,q695,695,a,28;29;30;181;183,False,True,False,5,342
696,q696,696,c,27;44;45;182;184,False,True,False,5,332
697,q697,697,a,30;34;42;181;184,False,True,False,5,414
698,q698,698,b,24;25;30;182;183,False,True,False,5,177
699,q699,699,a,28;30;37;181;182,False,True,False,5,363
700,q700,700,a,24;50;179;181;183,False,True,False,5,300
701,q701,701,a,44;45;182;183,False,True,False,4,546
702,q702,702,c,28;29;181;182,False,True,False,4,354
703,q703,703,a,38;39;182;184,False,True,False,4,532
704,q704,704,b,38;39;181;183,False,True,False,4,528
705,q705,705,a,24;40;182;184,False,True,False,4,263
706,q706,706,a,24;26;182;183,False,True,False,4,204
707,q707,707,a,28;29;179;182;184,False,True,False,5,352
708,q708,708,a,28;29;181;184,False,True,False,4,356
709,q709,709,c,24;25;179;181;183,False,True,False,5,178
710,q710,710,a,28;29;179;183;184,False,True,False,5,353
711,q711,711,a,24;50;183;185,False,True,False,4,309
712,q712,712,c,23;24;25;181;183,False,True,False,5,151
713,q713,713,b,38;39;184;185,False,True,False,4,535
714,q714,714,a,24;30;33;183;185,False,True,False,5,227
715,q715,715,c,30;34;35;181;185,False,True,False,5,405
716,q716,716,b,24;26;184;185,False,True,False,4,208
717,q717,717,a,30;31;32;183;184,False,True,False,5,390
718,q718,718,c,31;32;183;185,False,True,False,4,461
719,q719,719,b,44;45;181;185,False,True,False,4,545
720,q720,720,a,28;29;181;183,False,True,False,4,355
721,q721,721,c,34;42;179;181;185,False,True,False,5,495
722,q722,722,a,24;33;51;181;185,False,True,False,5,244
723,q723,723,a,24;41;181;183,False,True,False,4,270
724,q724,724,a,31;42;183;185,False,True,False,4,468
725,q725,725,a,31;32;183;185,False,True,False,4,461
726,q726,726,a,46;47;183;185,False,True,False,4,566
727,q727,727,a,24;26;183;185,False,True,False,4,207
728,q728,728,b,44;45;183;185,False,True,False,4,549
729,q729,729,b,27;36;37;181;183,False,True,False,5,321
730,q730,730,a,28;29;181;185,False,True,False,4,357
731,q731,731,b,24;43;184;185,False,True,False,4,288
732,q732,732,c,36;37;181;185,False,True,False,4,511
733,q733,733,c,31;32;183;184,False,True,False,4,460
734,q734,734,a,44;45;181;183,False,True,False,4,543
735,q735,735,b,38;39;183;185,False,True,False,4,534
736,q736,736,a,24;40;183;184,False,True,False,4,264
737,q737,737,c,27;44;45;179;184;185,False,True,False,6,330
738,q738,738,c,30;34;35;183;184,False,True,False,5,408
739,q739,739,a,24;25;30;181;182,False,True,False,5,174
740,q740,740,b,24;43;181;182,False,True,False,4,280
741,q741,741,b,27;38;39;182;183,False,True,False,5,327
742,q742,742,b,24;30;45;183;184,False,True,False,5,239
743,q743,743,b,24;33;181;182,False,True,False,4,247
744,q744,744,c,31;32;182;183,False,True,False,4,458
745,q745,745,a,24;27;43;181;182,False,True,False,5,218
746,q746,746,c,24;41;182;183,False,True,False,4,273
747,q747,747,c,24;26;181;182,False,True,False,4,200
748,q748,748,a,38;39;181;182,False,True,False,4,527
749,q749,749,a,24;41;183;184,False,True,False,4,275
750,q750,750,a,31;32;182;183,False,True,False,4,458
751,q751,751,a,46;47;181;182,False,True,False,4,560
752,q752,752,c,36;37;181;182,False,True,False,4,508
753,q753,753,a,28;29;182;183,False,True,False,4,358
754,q754,754,a,28;29;183;184,False,True,False,4,360
755,q755,755,a,44;45;181;182,False,True,False,4,542
756,q756,756,a,24;50;182;183,False,True,False,4,306
757,q757,757,c,24;40;181;182,False,True,False,4,258
758,q758,758,c,30;34;42;182;183,False,True,False,5,416
759,q759,759,c,30;34;42;181;182,False,True,False,5,412
760,q760,760,b,23;24;33;181;182,False,True,False,5,159
761,q761,761,c,24;30;41;183;184,False,True,False,5,234
762,q762,762,b,30;44;45;182;183,False,True,False,5,440
763,q763,763,c,30;34;35;183;184,False,True,False,5,408
764,q764,764,b,23;24;25;181;183,False,True,False,5,151
765,q765,765,b,31;32;183;185,False,True,False,4,461
766,q766,766,a,24;41;183;185,False,True,False,4,276
767,q767,767,c,24;48;181;183,False,True,False,4,293
768,q768,768,a,31;32;184;185,False,True,False,4,462
769,q769,769,b,23;24;25;183;185,False,True,False,5,157
770,q770,770,c,31;32;179;181;185,False,True,False,5,450
771,q771,771,c,24;40;181;185,False,True,False,4,261
772,q772,772,c,38;39;179;181;185,False,True,False,5,524
773,q773,773,a,24;50;183;185,False,True,False,4,309
774,q774,774,a,38;39;181;185,False,True,False,4,530
775,q775,775,b,34;35;181;183,False,True,False,4,485
776,q776,776,b,23;24;33;181;185,False,True,False,5,162
777,q777,777,a,24;40;181;185,False,True,False,4,261
778,q778,778,a,44;45;181;183,False,True,False,4,543
779,q779,779,a,28;29;183;185,False,True,False,4,361
780,q780,780,b,28;32;183;185,False,True,False,4,370
781,q781,781,a,44;45;183;185,False,True,False,4,549
782,q782,782,c,24;43;183;185,False,True,False,4,287
783,q783,783,a,24;26;179;181;185,False,True,False,5,199
784,q784,784,b,24;25;181;184,False,True,False,4,181
785,q785,785,c,24;26;184;185,False,True,False,4,208
786,q786,786,b,24;33;181;185,False,True,False,4,250
787,q787,787,a,30;38;39;183;184,False,True,False,5,435
788,q788,788,c,31;42;181;183,False,True,False,4,464
789,q789,789,c,31;32;179;183;185,False,True,False,5,453
790,q790,790,b,24;27;40;183;185,False,True,False,5,213
791,q791,791,c,28;29;181;185,False,True,False,4,357
792,q792,792,c,28;35;183;184,False,True,False,4,371
793,q793,793,a,23;24;25;181;184,False,True,False,5,152
794,q794,794,c,44;45;179;183;185,False,True,False,5,541
795,q795,795,c,24;50;181;184,False,True,False,4,304
796,q796,796,a,28;29;181;184,False,True,False,4,356
797,q797,797,b,31;32;181;185,False,True,False,4,457
798,q798,798,a,24;43;181;184,False,True,False,4,282
799,q799,799,b,24;33;183;185,False,True,False,4,254
800,q800,800,c,24;41;181;184,False,True,False,4,271
801,q801,801,a,24;26;183;184,False,True,False,4,206
802,q802,802,b,24;43;181;184,False,True,False,4,282
803,q803,803,c,46;47;179;181;185,False,True,False,5,558
804,q804,804,c,34;35;181;184,False,True,False,4,486
805,q805,805,b,34;35;179;183;184,False,True,False,5,482
806,q806,806,a,30;38;39;181;184,False,True,False,5,432
807,q807,807,b,24;26;184;185,False,True,False,4,208
808,q808,808,a,28;32;181;184,False,True,False,4,369
809,q809,809,c,24;50;181;184,False,True,False,4,304
810,q810,810,a,44;45;181;184,False,True,False,4,544
811,q811,811,b,31;32;179;183;185,False,True,False,5,453
812,q812,812,a,24;43;181;184,False,True,False,4,282
813,q813,813,b,31;32;181;184,False,True,False,4,456
814,q814,814,c,24;40;183;185,False,True,False,4,265
815,q815,815,a,38;39;179;181;184,False,True,False,5,523
816,q816,816,b,24;40;181;184,False,True,False,4,260
817,q817,817,c,30;34;35;183;184,False,True,False,5,408
818,q818,818,a,46;47;181;184,False,True,False,4,562
819,q819,819,a,36;37;179;183;185,False,True,False,5,507
820,q820,820,a,30;34;42;181;184,False,True,False,5,414
821,q821,821,b,34;35;181;184,False,True,False,4,486
822,q822,822,b,28;29;181;183,False,True,False,4,355
823,q823,823,b,24;40;181;183,False,True,False,4,259
824,q824,824,b,24;50;182;184,False,True,False,4,307
825,q825,825,b,46;47;182;183,False,True,False,4,563
826,q826,826,c,30;31;32;182;184,False,True,False,5,389
827,q827,827,a,38;39;182;184,False,True,False,4,532
828,q828,828,c,30;31;32;182;183,False,True,False,5,388
829,q829,829,c,24;48;181;184,False,True,False,4,294
830,q830,830,b,27;28;45;182;184,False,True,False,5,316
831,q831,831,c,24;43;181;182,False,True,False,4,280
832,q832,832,a,30;31;32;181;184,False,True,False,5,386
833,q833,833,c,24;41;183;184,False,True,False,4,275
834,q834,834,a,24;33;181;184,False,True,False,4,249
835,q835,835,c,36;37;181;183,False,True,False,4,509
836,q836,836,b,24;50;181;184,False,True,False,4,304
837,q837,837,c,30;34;42;181;183,False,True,False,5,413
838,q838,838,c,34;35;179;183;184,False,True,False,5,482
839,q839,839,c,24;40;181;183,False,True,False,4,259
840,q840,840,b,34;35;182;184,False,True,False,4,489
841,q841,841,c,38;39;181;184,False,True,False,4,529
842,q842,842,a,34;42;182;183,False,True,False,4,502
843,q843,843,a,24;26;181;182,False,True,False,4,200
844,q844,844,c,28;29;181;183,False,True,False,4,355
845,q845,845,a,34;42;182;183,False,True,False,4,502
846,q846,846,b,31;32;181;182,False,True,False,4,454
847,q847,847,a,24;33;182;184,False,True,False,4,252
848,q848,848,b,24;48;181;183,False,True,False,4,293
849,q849,849,b,24;40;183;185,False,True,False,4,265
850,q850,850,b,24;26;183;185,False,True,False,4,207
851,q851,851,b,24;50;181;183,False,True,False,4,303
852,q852,852,b,24;40;184;185,False,True,False,4,266
853,q853,853,b,31;32;183;185,False,True,False,4,461
854,q854,854,b,23;24;25;181;185,False,True,False,5,153
855,q855,855,a,34;35;181;185,False,True,False,4,487
856,q856,856,a,28;29;30;181;185,False,True,False,5,344
857,q857,857,a,31;32;179;183;185,False,True,False,5,453
858,q858,858,b,24;50;181;185,False,True,False,4,305
859,q859,859,b,28;29;181;183,False,True,False,4,355
860,q860,860,b,24;48;181;185,False,True,False,4,295
861,q861,861,b,24;41;181;185,False,True,False,4,272
862,q862,862,c,23;24;25;181;183,False,True,False,5,151
863,q863,863,a,31;32;183;185,False,True,False,4,461
864,q864,864,b,31;32;183;185,False,True,False,4,461
865,q865,865,b,38;39;183;185,False,True,False,4,534
866,q866,866,c,44;45;183;185,False,True,False,4,549
867,q867,867,a,34;35;179;183;185,False,True,False,5,483
868,q868,868,a,24;41;181;185,False,True,False,4,272
869,q869,869,b,44;45;181;184,False,True,False,4,544
870,q870,870,b,30;31;32;179;184;185,False,True,False,6,383
871,q871,871,b,30;34;42;181;185,False,True,False,5,415
872,q872,872,c,27;36;37;183;184,False,True,False,5,324
873,q873,873,a,36;37;181;183,False,True,False,4,509
874,q874,874,c,30;36;37;183;185,False,True,False,5,425
875,q875,875,a,34;35;183;185,False,True,False,4,491
876,q876,876,b,44;45;179;181;185,False,True,False,5,539
877,q877,877,c,28;29;179;183;184,False,True,False,5,353
878,q878,878,b,24;26;51;181;183,False,True,False,5,196
879,q879,879,a,24;25;27;183;184,False,True,False,5,172
880,q880,880,a,24;41;183;184,False,True,False,4,275
881,q881,881,b,27;44;45;179;181;182,False,True,False,6,329
882,q882,882,c,30;31;32;179;181;183,False,True,False,6,380
883,q883,883,a,24;33;182;184,False,True,False,4,252
884,q884,884,a,34;42;183;184,False,True,False,4,504
885,q885,885,a,23;24;25;181;182,False,True,False,5,150
886,q886,886,b,36;37;181;184,False,True,False,4,510
887,q887,887,c,44;49;183;184,False,True,False,4,554
888,q888,888,c,34;35;181;182,False,True,False,4,484
889,q889,889,a,30;34;35;181;183,False,True,False,5,403
890,q890,890,c,23;24;33;181;182,False,True,False,5,159
891,q891,891,c,28;29;181;182,False,True,False,4,354
892,q892,892,c,24;26;27;181;183,False,True,False,5,188
893,q893,893,b,30;34;42;183;184,False,True,False,5,417
894,q894,894,b,24;50;182;183,False,True,False,4,306
895,q895,895,c,44;45;182;183,False,True,False,4,546
896,q896,896,c,31;32;182;183,False,True,False,4,458
897,q897,897,b,30;36;37;182;183,False,True,False,5,423
898,q898,898,c,30;31;32;181;184,False,True,False,5,386
899,q899,899,c,24;40;182;184,False,True,False,4,263
900,q900,900,b,24;43;182;184,False,True,False,4,285
901,q901,901,b,28;29;183;184,False,True,False,4,360
902,q902,902,a,30;46;47;181;184,False,True,False,5,447
903,q903,903,b,24;25;181;183,False,True,False,4,180
904,q904,904,c,24;41;182;184,False,True,False,4,274
905,q905,905,c,24;41;182;183,False,True,False,4,273
906,q906,906,a,24;26;182;184,False,True,False,4,205
907,q907,907,c,24;25;181;184,False,True,False,4,181
908,q908,908,b,38;39;182;183,False,True,False,4,531
909,q909,909,a,36;37;181;184,False,True,False,4,510
910,q910,910,c,24;40;182;184,False,True,False,4,263
911,q911,911,a,24;43;181;182,False,True,False,4,280
912,q912,912,c,24;43;181;184,False,True,False,4,282
913,q913,913,a,24;40;183;184,False,True,False,4,264
914,q914,914,b,24;30;33;181;184,False,True,False,5,225
915,q915,915,a,31;42;181;183,False,True,False,4,464
916,q916,916,c,31;32;181;184,False,True,False,4,456
917,q917,917,a,44;45;181;183,False,True,False,4,543
918,q918,918,c,24;27;48;183;184,False,True,False,5,222
919,q919,919,a,24;43;181;183,False,True,False,4,281
920,q920,920,a,24;48;182;184,False,True,False,4,297
921,q921,921,b,38;39;181;184,False,True,False,4,529
922,q922,922,c,24;26;27;182;183,False,True,False,5,190
923,q923,923,b,31;32;181;182,False,True,False,4,454
924,q924,924,b,36;37;181;183,False,True,False,4,509
925,q925,925,a,24;50;182;183,False,True,False,4,306
926,q926,926,a,24;40;181;182,False,True,False,4,258
927,q927,927,c,34;35;179;182;184,False,True,False,5,481
928,q928,928,c,34;42;179;181;183,False,True,False,5,493
929,q929,929,b,24;43;182;184,False,True,False,4,285
930,q930,930,b,30;31;32;182;183,False,True,False,5,388
931,q931,931,c,27;36;37;182;184,False,True,False,5,323
932,q932,932,b,24;40;181;184,False,True,False,4,260
933,q933,933,a,24;48;181;183,False,True,False,4,293
934,q934,934,b,23;24;33;183;184,False,True,False,5,164
935,q935,935,c,24;50;179;183;184,False,True,False,5,301
936,q936,936,b,24;40;181;182,False,True,False,4,258
937,q937,937,b,28;32;181;183,False,True,False,4,368
938,q938,938,a,36;37;182;184,False,True,False,4,513
939,q939,939,b,24;50;183;184,False,True,False,4,308
940,q940,940,b,28;30;47;179;181;182,False,True,False,6,366
941,q941,941,b,24;43;181;184,False,True,False,4,282
942,q942,942,a,34;42;183;184,False,True,False,4,504
943,q943,943,c,44;45;181;182,False,True,False,4,542
944,q944,944,c,24;33;181;183,False,True,False,4,248
945,q945,945,a,23;24;25;179;181;182,False,True,False,6,147
946,q946,946,b,32;36;181;182,False,True,False,4,474
947,q947,947,b,24;27;40;181;183,False,True,False,5,211
948,q948,948,a,36;37;183;184,False,True,False,4,514
949,q949,949,a,38;39;182;183,False,True,False,4,531
950,q950,950,c,24;50;182;183,False,True,False,4,306
951,q951,951,a,24;40;182;183,False,True,False,4,262
952,q952,952,b,24;26;51;182;183,False,True,False,5,198
953,q953,953,c,31;32;181;184,False,True,False,4,456
954,q954,954,b,30;31;42;182;184,False,True,False,5,393
955,q955,955,a,23;24;25;182;184,False,True,False,5,155
956,q956,956,a,44;45;181;184,False,True,False,4,544
957,q957,957,b,27;36;37;183;184,False,True,False,5,324
958,q958,958,a,28;29;30;181;182,False,True,False,5,341
959,q959,959,c,30;38;39;181;182,False,True,False,5,430
960,q960,960,a,24;26;182;183,False,True,False,4,204
961,q961,961,a,36;37;183;184,False,True,False,4,514
962,q962,962,c,38;39;181;182,False,True,False,4,527
963,q963,963,c,24;40;182;183,False,True,False,4,262
964,q964,964,b,30;31;42;181;182,False,True,False,5,392
965,q965,965,a,24;33;182;183,False,True,False,4,251
966,q966,966,c,36;37;181;182,False,True,False,4,508
967,q967,967,b,31;32;181;182,False,True,False,4,454
968,q968,968,a,44;45;183;184,False,True,False,4,548
969,q969,969,b,24;40;182;183,False,True,False,4,262
970,q970,970,b,27;37;38;181;182,False,True,False,5,325
971,q971,971,a,24;33;181;182,False,True,False,4,247
972,q972,972,a,24;43;182;183,False,True,False,4,284
973,q973,973,b,28;29;183;184,False,True,False,4,360
974,q974,974,a,24;40;183;184,False,True,False,4,264
975,q975,975,b,30;34;42;181;182,False,True,False,5,412
976,q976,976,a,31;32;182;183,False,True,False,4,458
977,q977,977,c,44;45;181;182,False,True,False,4,542
978,q978,978,c,30;34;35;182;183,False,True,False,5,406
979,q979,979,b,24;40;181;182,False,True,False,4,258
980,q980,980,a,36;37;181;182,False,True,False,4,508
981,q981,981,c,36;37;183;184,False,True,False,4,514
982,q982,982,c,24;33;182;183,False,True,False,4,251
983,q983,983,a,31;32;179;181;183,False,True,False,5,448
984,q984,984,b,24;33;183;184,False,True,False,4,253
985,q985,985,b,46;47;183;184,False,True,False,4,565
986,q986,986,a,24;26;181;182,False,True,False,4,200
987,q987,987,a,24;27;40;181;183,False,True,False,5,211
988,q988,988,c,31;32;182;184,False,True,False,4,459
989,q989,989,a,24;26;183;184,False,True,False,4,206
990,q990,990,c,24;25;181;182,False,True,False,4,179
991,q991,991,b,24;40;181;184,False,True,False,4,260
992,q992,992,c,24;48;179;183;184,False,True,False,5,291
993,q993,993,a,30;38;39;181;182,False,True,False,5,430
994,q994,994,c,24;41;181;183,False,True,False,4,270
995,q995,995,b,28;29;30;181;182,False,True,False,5,341
996,q996,996,b,24;27;41;181;182,False,True,False,5,215
997,q997,997,b,44;49;179;181;183,False,True,False,5,551
998,q998,998,c,24;43;183;184,False,True,False,4,286
999,q999,999,a,36;37;182;183,False,True,False,4,512
1000,q1000,1000,c,24;33;182;183,False,True,False,4,251
1001,q1001,1001,a,34;35;182;183,False,True,False,4,488
1002,q1002,1002,c,31;32;182;183,False,True,False,4,458
1003,q1003,1003,c,44;45;181;182,False,True,False,4,542
1004,q1004,1004,b,30;34;35;182;184,False,True,False,5,407
1005,q1005,1005,c,30;38;39;182;184,False,True,False,5,434
1006,q1006,1006,c,34;42;179;181;183,False,True,False,5,493
1007,q1007,1007,c,34;35;183;184,False,True,False,4,490
1008,q1008,1008,c,23;24;25;181;183,False,True,False,5,151
1009,q1009,1009,c,28;45;183;184,False,True,False,4,379
1010,q1010,1010,a,24;41;183;185,False,True,False,4,276
1011,q1011,1011,a,38;39;181;183,False,True,False,4,528
1012,q1012,1012,b,23;24;33;184;185,False,True,False,5,166
1013,q1013,1013,a,24;26;183;185,False,True,False,4,207
1014,q1014,1014,b,24;40;181;185,False,True,False,4,261
1015,q1015,1015,a,44;45;181;185,False,True,False,4,545
1016,q1016,1016,b,28;29;181;185,False,True,False,4,357
1017,q1017,1017,a,28;29;183;185,False,True,False,4,361
1018,q1018,1018,b,30;34;35;181;185,False,True,False,5,405
1019,q1019,1019,c,38;39;181;183,False,True,False,4,528
1020,q1020,1020,c,30;31;32;179;181;185,False,True,False,6,381
1021,q1021,1021,b,24;40;181;185,False,True,False,4,261
1022,q1022,1022,b,34;42;181;183,False,True,False,4,499
1023,q1023,1023,b,24;33;183;185,False,True,False,4,254
1024,q1024,1024,a,24;50;183;185,False,True,False,4,309
1025,q1025,1025,a,38;39;183;185,False,True,False,4,534
1026,q1026,1026,a,24;27;43;183;185,False,True,False,5,220
1027,q1027,1027,b,34;35;183;185,False,True,False,4,491
1028,q1028,1028,b,24;26;181;185,False,True,False,4,203
1029,q1029,1029,b,31;32;181;184,False,True,False,4,456
1030,q1030,1030,a,34;35;184;185,False,True,False,4,492
1031,q1031,1031,a,24;25;30;181;185,False,True,False,5,176
1032,q1032,1032,c,31;32;183;184,False,True,False,4,460
1033,q1033,1033,b,34;35;181;183,False,True,False,4,485
1034,q1034,1034,c,24;26;183;185,False,True,False,4,207
1035,q1035,1035,b,36;37;183;185,False,True,False,4,515
1036,q1036,1036,b,30;31;32;181;185,False,True,False,5,387
1037,q1037,1037,b,31;32;183;184,False,True,False,4,460
1038,q1038,1038,a,24;41;181;185,False,True,False,4,272
1039,q1039,1039,a,24;26;183;185,False,True,False,4,207
1040,q1040,1040,a,24;25;27;183;185,False,True,False,5,173
1041,q1041,1041,c,28;29;181;183,False,True,False,4,355
1042,q1042,1042,b,24;33;184;185,False,True,False,4,255
1043,q1043,1043,b,38;39;183;185,False,True,False,4,534
1044,q1044,1044,a,24;40;181;185,False,True,False,4,261
1045,q1045,1045,b,24;30;33;181;185,False,True,False,5,226
1046,q1046,1046,b,24;40;181;185,False,True,False,4,261
1047,q1047,1047,a,31;32;183;185,False,True,False,4,461
1048,q1048,1048,b,36;37;181;185,False,True,False,4,511
1049,q1049,1049,b,31;42;181;183,False,True,False,4,464
1050,q1050,1050,a,36;37;181;185,False,True,False,4,511
1051,q1051,1051,c,24;41;181;185,False,True,False,4,272
1052,q1052,1052,c,38;39;179;181;183,False,True,False,5,522
1053,q1053,1053,b,38;39;183;185,False,True,False,4,534
1054,q1054,1054,a,44;45;183;185,False,True,False,4,549
1055,q1055,1055,a,24;26;27;183;185,False,True,False,5,193
1056,q1056,1056,c,38;39;179;183;185,False,True,False,5,526
1057,q1057,1057,b,28;29;183;185,False,True,False,4,361
1058,q1058,1058,b,30;34;42;181;185,False,True,False,5,415
1059,q1059,1059,a,24;43;181;184,False,True,False,4,282
1060,q1060,1060,c,44;45;184;185,False,True,False,4,550
1061,q1061,1061,c,34;42;181;185,False,True,False,4,501
1062,q1062,1062,c,24;43;183;184,False,True,False,4,286
1063,q1063,1063,b,23;24;33;181;183,False,True,False,5,160
1064,q1064,1064,c,34;42;183;185,False,True,False,4,505
1065,q1065,1065,c,30;36;37;183;185,False,True,False,5,425
1066,q1066,1066,b,24;43;181;185,False,True,False,4,283
1067,q1067,1067,a,28;29;183;184,False,True,False,4,360
1068,q1068,1068,a,23;28;47;179;181;183,False,True,False,6,167
1069,q1069,1069,b,31;32;183;184,False,True,False,4,460
1070,q1070,1070,c,30;34;35;179;182;183,False,True,False,6,400
1071,q1071,1071,c,24;26;181;182,False,True,False,4,200
1072,q1072,1072,a,23;24;25;181;182,False,True,False,5,150
1073,q1073,1073,c,24;41;182;183,False,True,False,4,273
1074,q1074,1074,a,28;29;182;183,False,True,False,4,358
1075,q1075,1075,a,38;39;181;182,False,True,False,4,527
1076,q1076,1076,c,30;36;37;181;183,False,True,False,5,420
1077,q1077,1077,b,24;43;182;183,False,True,False,4,284
1078,q1078,1078,c,28;29;181;182,False,True,False,4,354
1079,q1079,1079,b,27;44;45;181;183,False,True,False,5,331
1080,q1080,1080,b,24;40;181;182,False,True,False,4,258
1081,q1081,1081,a,23;24;33;181;182,False,True,False,5,159
1082,q1082,1082,c,24;40;181;183,False,True,False,4,259
1083,q1083,1083,b,34;35;182;183,False,True,False,4,488
1084,q1084,1084,a,34;42;182;183,False,True,False,4,502
1085,q1085,1085,b,24;43;182;183,False,True,False,4,284
1086,q1086,1086,b,36;37;179;182;183,False,True,False,5,506
1087,q1087,1087,a,34;42;182;183,False,True,False,4,502
1088,q1088,1088,a,31;32;181;183,False,True,False,4,455
1089,q1089,1089,b,34;35;179;182;183,False,True,False,5,480
1090,q1090,1090,a,38;39;182;183,False,True,False,4,531
1091,q1091,1091,b,24;26;30;181;183,False,True,False,5,194
1092,q1092,1092,a,24;25;182;183,False,True,False,4,183
1093,q1093,1093,b,24;26;30;181;183,False,True,False,5,194
1094,q1094,1094,b,24;40;183;185,False,True,False,4,265
1095,q1095,1095,c,24;33;183;185,False,True,False,4,254
1096,q1096,1096,b,28;29;179;181;185,False,True,False,5,350
1097,q1097,1097,b,39;46;179;181;183,False,True,False,5,536
1098,q1098,1098,b,24;41;184;185,False,True,False,4,277
1099,q1099,1099,c,34;35;183;185,False,True,False,4,491
1100,q1100,1100,c,31;32;181;185,False,True,False,4,457
1101,q1101,1101,b,24;26;27;181;185,False,True,False,5,189
1102,q1102,1102,b,31;32;179;183;185,False,True,False,5,453
1103,q1103,1103,a,24;26;181;185,False,True,False,4,203
1104,q1104,1104,a,24;43;181;183,False,True,False,4,281
1105,q1105,1105,c,30;34;35;181;185,False,True,False,5,405
1106,q1106,1106,b,31;32;181;185,False,True,False,4,457
1107,q1107,1107,b,24;48;181;183,False,True,False,4,293
1108,q1108,1108,a,36;37;183;185,False,True,False,4,515
1109,q1109,1109,a,31;32;183;185,False,True,False,4,461
1110,q1110,1110,c,24;27;50;183;185,False,True,False,5,223
1111,q1111,1111,a,44;49;179;183;185,False,True,False,5,552
1112,q1112,1112,c,24;40;183;185,False,True,False,4,265
1113,q1113,1113,a,24;40;181;185,False,True,False,4,261
1114,q1114,1114,c,36;37;184;185,False,True,False,4,516
1115,q1115,1115,c,24;50;184;185,False,True,False,4,310
1116,q1116,1116,a,34;42;179;181;185,False,True,False,5,495
1117,q1117,1117,b,24;43;183;185,False,True,False,4,287
1118,q1118,1118,a,31;32;181;183,False,True,False,4,455
1119,q1119,1119,c,30;34;35;181;184,False,True,False,5,404
1120,q1120,1120,c,31;32;183;185,False,True,False,4,461
1121,q1121,1121,b,34;42;179;183;185,False,True,False,5,497
1122,q1122,1122,b,31;32;183;185,False,True,False,4,461
1123,q1123,1123,b,24;40;181;183,False,True,False,4,259
1124,q1124,1124,c,30;34;35;182;184,False,True,False,5,407
1125,q1125,1125,c,38;39;182;183,False,True,False,4,531
1126,q1126,1126,c,44;45;182;184,False,True,False,4,547
1127,q1127,1127,b,28;29;181;184,False,True,False,4,356
1128,q1128,1128,c,31;32;182;183,False,True,False,4,458
1129,q1129,1129,c,24;25;181;184,False,True,False,4,181
1130,q1130,1130,a,38;39;182;184,False,True,False,4,532
1131,q1131,1131,a,31;32;181;182,False,True,False,4,454
1132,q1132,1132,b,24;43;181;184,False,True,False,4,282
1133,q1133,1133,a,23;24;25;181;184,False,True,False,5,152
1134,q1134,1134,b,24;26;181;184,False,True,False,4,202
1135,q1135,1135,c,31;32;181;183,False,True,False,4,455
1136,q1136,1136,a,34;35;181;184,False,True,False,4,486
1137,q1137,1137,b,44;45;181;183,False,True,False,4,543
1138,q1138,1138,c,31;32;179;183;184,False,True,False,5,452
1139,q1139,1139,a,24;41;181;183,False,True,False,4,270
1140,q1140,1140,b,31;32;182;184,False,True,False,4,459
1141,q1141,1141,a,31;32;181;184,False,True,False,4,456
1142,q1142,1142,b,24;50;182;183,False,True,False,4,306
1143,q1143,1143,c,36;37;181;182,False,True,False,4,508
1144,q1144,1144,b,28;29;181;183,False,True,False,4,355
1145,q1145,1145,a,24;40;182;183,False,True,False,4,262
1146,q1146,1146,c,38;39;181;182,False,True,False,4,527
1147,q1147,1147,a,24;26;181;182,False,True,False,4,200
1148,q1148,1148,b,23;24;25;181;183,False,True,False,5,151
1149,q1149,1149,b,24;48;182;184,False,True,False,4,297
1150,q1150,1150,b,44;45;182;183,False,True,False,4,546
1151,q1151,1151,a,24;43;182;184,False,True,False,4,285
1152,q1152,1152,c,24;33;181;184,False,True,False,4,249
1153,q1153,1153,a,24;30;41;182;183,False,True,False,5,233
1154,q1154,1154,b,28;29;181;184,False,True,False,4,356
1155,q1155,1155,a,23;24;25;182;184,False,True,False,5,155
1156,q1156,1156,c,31;32;181;182,False,True,False,4,454
1157,q1157,1157,a,24;25;183;184,False,True,False,4,185
1158,q1158,1158,a,24;27;40;181;184,False,True,False,5,212
1159,q1159,1159,c,30;44;45;181;183,False,True,False,5,437
1160,q1160,1160,c,181;184,False,True,False,2,1490
1161,q1161,1161,b,24;25;27;181;183,False,True,False,5,170
1162,q1162,1162,a,38;39;183;184,False,True,False,4,533
1163,q1163,1163,b,30;36;37;181;183,False,True,False,5,420
1164,q1164,1164,a,24;43;179;182;184,False,True,False,5,278
1165,q1165,1165,c,44;45;181;184,False,True,False,4,544
1166,q1166,1166,b,34;35;182;183,False,True,False,4,488
1167,q1167,1167,b,34;35;179;181;182,False,True,False,5,476
1168,q1168,1168,b,31;32;181;183,False,True,False,4,455
1169,q1169,1169,c,24;40;182;183,False,True,False,4,262
1170,q1170,1170,a,28;29;181;182,False,True,False,4,354
1171,q1171,1171,b,36;37;182;184,False,True,False,4,513
1172,q1172,1172,c,24;40;181;183,False,True,False,4,259
1173,q1173,1173,b,34;35;182;184,False,True,False,4,489
1174,q1174,1174,c,30;34;42;182;183,False,True,False,5,416
1175,q1175,1175,a,27;34;42;182;184,False,True,False,5,320
1176,q1176,1176,c,28;29;181;184,False,True,False,4,356
1177,q1177,1177,a,24;33;179;181;183,False,True,False,5,246
1178,q1178,1178,c,24;50;182;184,False,True,False,4,307
1179,q1179,1179,a,31;45;179;182;183,False,True,False,5,469
1180,q1180,1180,c,38;39;179;182;184,False,True,False,5,525
1181,q1181,1181,b,24;43;181;184,False,True,False,4,282
1182,q1182,1182,a,46;47;179;182;183,False,True,False,5,559
1183,q1183,1183,b,24;40;181;184,False,True,False,4,260
1184,q1184,1184,b,31;32;179;182;184,False,True,False,5,451
1185,q1185,1185,a,24;41;181;182,False,True,False,4,269
1186,q1186,1186,b,36;37;181;184,False,True,False,4,510
1187,q1187,1187,a,30;31;32;183;184,False,True,False,5,390
1188,q1188,1188,c,44;45;179;181;184,False,True,False,5,538
1189,q1189,1189,c,24;25;181;183,False,True,False,4,180
1190,q1190,1190,a,31;32;179;181;184,False,True,False,5,449
1191,q1191,1191,b,46;47;179;181;183,False,True,False,5,557
1192,q1192,1192,c,30;34;42;183;184,False,True,False,5,417
1193,q1193,1193,b,24;33;51;181;183,False,True,False,5,243
1194,q1194,1194,a,30;31;32;182;184,False,True,False,5,389
1195,q1195,1195,c,31;32;181;184,False,True,False,4,456
1196,q1196,1196,b,28;29;179;182;183,False,True,False,5,351
1197,q1197,1197,b,44;45;181;182,False,True,False,4,542
1198,q1198,1198,a,24;26;181;183,False,True,False,4,201
1199,q1199,1199,a,36;37;182;183,False,True,False,4,512
1200,q1200,1200,c,34;35;181;182,False,True,False,4,484
1201,q1201,1201,c,37;38;182;184,False,True,False,4,520
1202,q1202,1202,a,24;33;181;183,False,True,False,4,248
1203,q1203,1203,a,24;30;43;183;185,False,True,False,5,238
1204,q1204,1204,c,24;25;183;185,False,True,False,4,186
1205,q1205,1205,c,38;39;179;181;183,False,True,False,5,522
1206,q1206,1206,c,24;41;183;184,False,True,False,4,275
1207,q1207,1207,b,28;29;30;183;185,False,True,False,5,347
1208,q1208,1208,a,28;29;179;181;185,False,True,False,5,350
1209,q1209,1209,c,24;25;181;185,False,True,False,4,182
1210,q1210,1210,b,24;26;27;181;185,False,True,False,5,189
1211,q1211,1211,c,34;42;183;185,False,True,False,4,505
1212,q1212,1212,b,30;31;32;179;181;185,False,True,False,6,381
1213,q1213,1213,b,28;29;181;183,False,True,False,4,355
1214,q1214,1214,b,23;24;33;181;185,False,True,False,5,162
1215,q1215,1215,b,24;30;33;181;185,False,True,False,5,226
1216,q1216,1216,c,36;37;181;183,False,True,False,4,509
1217,q1217,1217,a,24;26;183;185,False,True,False,4,207
1218,q1218,1218,a,44;45;183;185,False,True,False,4,549
1219,q1219,1219,c,24;26;183;185,False,True,False,4,207
1220,q1220,1220,a,34;42;183;185,False,True,False,4,505
1221,q1221,1221,b,31;32;183;185,False,True,False,4,461
1222,q1222,1222,c,24;43;181;185,False,True,False,4,283
1223,q1223,1223,c,31;32;184;185,False,True,False,4,462
1224,q1224,1224,c,30;34;42;184;185,False,True,False,5,418
1225,q1225,1225,c,44;49;181;185,False,True,False,4,553
1226,q1226,1226,c,46;47;183;185,False,True,False,4,566
1227,q1227,1227,c,24;26;181;183,False,True,False,4,201
1228,q1228,1228,a,30;32;36;183;185,False,True,False,5,398
1229,q1229,1229,a,30;31;32;183;184,False,True,False,5,390
1230,q1230,1230,b,31;32;181;185,False,True,False,4,457
1231,q1231,1231,b,24;50;184;185,False,True,False,4,310
1232,q1232,1232,c,24;50;183;184,False,True,False,4,308
1233,q1233,1233,a,23;24;33;179;183;185,False,True,False,6,158
1234,q1234,1234,a,24;48;183;184,False,True,False,4,298
1235,q1235,1235,a,23;24;25;179;181;185,False,True,False,6,148
1236,q1236,1236,b,24;26;183;184,False,True,False,4,206
1237,q1237,1237,b,24;33;181;185,False,True,False,4,250
1238,q1238,1238,c,31;32;183;185,False,True,False,4,461
1239,q1239,1239,a,24;40;181;185,False,True,False,4,261
1240,q1240,1240,b,27;28;45;181;185,False,True,False,5,315
1241,q1241,1241,b,24;27;43;183;185,False,True,False,5,220
1242,q1242,1242,c,31;32;181;185,False,True,False,4,457
1243,q1243,1243,b,28;29;181;183,False,True,False,4,355
1244,q1244,1244,c,34;35;181;185,False,True,False,4,487
1245,q1245,1245,c,24;40;181;185,False,True,False,4,261
1246,q1246,1246,b,36;37;181;183,False,True,False,4,509
1247,q1247,1247,c,28;37;183;184,False,True,False,4,375
1248,q1248,1248,a,30;31;42;183;185,False,True,False,5,395
1249,q1249,1249,c,44;45;183;185,False,True,False,4,549
1250,q1250,1250,b,24;41;183;185,False,True,False,4,276
1251,q1251,1251,a,30;36;37;183;184,False,True,False,5,424
1252,q1252,1252,b,24;25;30;181;185,False,True,False,5,176
1253,q1253,1253,a,46;47;184;185,False,True,False,4,567
1254,q1254,1254,b,28;29;30;184;185,False,True,False,5,348
1255,q1255,1255,a,31;32;181;185,False,True,False,4,457
1256,q1256,1256,a,28;30;37;183;185,False,True,False,5,365
1257,q1257,1257,c,27;34;42;181;183,False,True,False,5,319
1258,q1258,1258,a,28;42;183;185,False,True,False,4,377
1259,q1259,1259,b,24;40;183;185,False,True,False,4,265
1260,q1260,1260,c,24;27;41;179;181;185,False,True,False,6,214
1261,q1261,1261,b,30;34;35;184;185,False,True,False,5,410
1262,q1262,1262,c,31;45;181;183,False,True,False,4,470
1263,q1263,1263,a,24;50;182;184,False,True,False,4,307
1264,q1264,1264,a,30;34;35;182;183,False,True,False,5,406
1265,q1265,1265,c,24;43;182;184,False,True,False,4,285
1266,q1266,1266,b,31;45;182;184,False,True,False,4,471
1267,q1267,1267,a,34;42;182;183,False,True,False,4,502
1268,q1268,1268,b,24;41;179;181;184,False,True,False,5,267
1269,q1269,1269,b,24;40;182;184,False,True,False,4,263
1270,q1270,1270,c,24;33;181;182,False,True,False,4,247
1271,q1271,1271,c,24;50;181;184,False,True,False,4,304
1272,q1272,1272,a,34;35;183;184,False,True,False,4,490
1273,q1273,1273,c,24;50;181;184,False,True,False,4,304
1274,q1274,1274,b,36;37;181;183,False,True,False,4,509
1275,q1275,1275,c,34;42;179;181;184,False,True,False,5,494
1276,q1276,1276,c,34;35;181;183,False,True,False,4,485
1277,q1277,1277,a,24;25;183;184,False,True,False,4,185
1278,q1278,1278,b,28;29;181;183,False,True,False,4,355
1279,q1279,1279,c,24;26;182;184,False,True,False,4,205
1280,q1280,1280,a,23;24;33;181;184,False,True,False,5,161
1281,q1281,1281,b,24;30;43;182;183,False,True,False,5,235
1282,q1282,1282,a,28;29;181;182,False,True,False,4,354
1283,q1283,1283,b,28;43;181;183,False,True,False,4,378
1284,q1284,1284,b,24;26;182;183,False,True,False,4,204
1285,q1285,1285,b,38;39;179;181;182,False,True,False,5,521
1286,q1286,1286,a,34;42;182;184,False,True,False,4,503
1287,q1287,1287,a,23;24;25;181;183,False,True,False,5,151
1288,q1288,1288,b,24;26;183;185,False,True,False,4,207
1289,q1289,1289,c,24;33;183;184,False,True,False,4,253
1290,q1290,1290,c,24;43;181;185,False,True,False,4,283
1291,q1291,1291,c,46;47;183;184,False,True,False,4,565
1292,q1292,1292,c,24;33;181;185,False,True,False,4,250
1293,q1293,1293,c,24;43;183;185,False,True,False,4,287
1294,q1294,1294,c,24;41;181;185,False,True,False,4,272
1295,q1295,1295,b,30;44;45;181;185,False,True,False,5,439
1296,q1296,1296,c,24;40;183;185,False,True,False,4,265
1297,q1297,1297,b,24;48;181;185,False,True,False,4,295
1298,q1298,1298,a,24;26;181;183,False,True,False,4,201
1299,q1299,1299,b,24;40;181;185,False,True,False,4,261
1300,q1300,1300,b,24;50;181;185,False,True,False,4,305
1301,q1301,1301,b,31;32;181;183,False,True,False,4,455
1302,q1302,1302,b,34;35;183;184,False,True,False,4,490
1303,q1303,1303,a,44;45;183;185,False,True,False,4,549
1304,q1304,1304,a,30;36;37;183;185,False,True,False,5,425
1305,q1305,1305,c,28;29;183;185,False,True,False,4,361
1306,q1306,1306,c,34;35;183;184,False,True,False,4,490
1307,q1307,1307,a,31;32;181;185,False,True,False,4,457
1308,q1308,1308,c,31;32;184;185,False,True,False,4,462
1309,q1309,1309,c,34;35;184;185,False,True,False,4,492
1310,q1310,1310,a,38;39;181;185,False,True,False,4,530
1311,q1311,1311,c,28;29;183;185,False,True,False,4,361
1312,q1312,1312,c,24;40;181;183,False,True,False,4,259
1313,q1313,1313,b,28;29;183;185,False,True,False,4,361
1314,q1314,1314,b,46;47;183;185,False,True,False,4,566
1315,q1315,1315,c,38;39;181;185,False,True,False,4,530
1316,q1316,1316,c,28;29;30;184;185,False,True,False,5,348
1317,q1317,1317,a,24;33;181;183,False,True,False,4,248
1318,q1318,1318,c,24;41;181;183,False,True,False,4,270
1319,q1319,1319,c,24;26;183;185,False,True,False,4,207
1320,q1320,1320,a,24;25;179;181;183,False,True,False,5,178
1321,q1321,1321,a,28;29;184;185,False,True,False,4,362
1322,q1322,1322,c,44;45;183;185,False,True,False,4,549
1323,q1323,1323,a,24;50;181;185,False,True,False,4,305
1324,q1324,1324,a,24;40;181;185,False,True,False,4,261
1325,q1325,1325,b,30;38;39;181;185,False,True,False,5,433
1326,q1326,1326,c,30;34;35;183;185,False,True,False,5,409
1327,q1327,1327,a,24;43;181;185,False,True,False,4,283
1328,q1328,1328,b,31;32;181;183,False,True,False,4,455
1329,q1329,1329,b,28;29;30;181;185,False,True,False,5,344
1330,q1330,1330,c,24;40;181;185,False,True,False,4,261
1331,q1331,1331,b,44;45;181;183,False,True,False,4,543
1332,q1332,1332,b,31;32;183;185,False,True,False,4,461
1333,q1333,1333,a,23;24;25;179;183;185,False,True,False,6,149
1334,q1334,1334,c,31;32;179;183;185,False,True,False,5,453
1335,q1335,1335,b,24;43;183;185,False,True,False,4,287
1336,q1336,1336,b,24;26;27;183;185,False,True,False,5,193
1337,q1337,1337,c,34;42;181;185,False,True,False,4,501
1338,q1338,1338,b,28;37;181;184,False,True,False,4,373
1339,q1339,1339,c,31;32;184;185,False,True,False,4,462
1340,q1340,1340,a,44;49;181;185,False,True,False,4,553
1341,q1341,1341,c,30;31;42;183;184,False,True,False,5,394
1342,q1342,1342,a,36;37;181;183,False,True,False,4,509
1343,q1343,1343,b,24;48;183;185,False,True,False,4,299
1344,q1344,1344,a,31;32;183;185,False,True,False,4,461
1345,q1345,1345,c,30;46;47;179;183;185,False,True,False,6,446
1346,q1346,1346,c,30;38;39;179;183;185,False,True,False,6,429
1347,q1347,1347,b,23;24;33;181;183,False,True,False,5,160
1348,q1348,1348,b,24;26;182;184,False,True,False,4,205
1349,q1349,1349,c,24;48;182;183,False,True,False,4,296
1350,q1350,1350,b,24;33;182;184,False,True,False,4,252
1351,q1351,1351,b,24;33;181;184,False,True,False,4,249
1352,q1352,1352,a,24;43;182;183,False,True,False,4,284
1353,q1353,1353,b,24;40;181;184,False,True,False,4,260
1354,q1354,1354,b,28;29;30;182;184,False,True,False,5,345
1355,q1355,1355,a,31;32;181;182,False,True,False,4,454
1356,q1356,1356,c,24;45;179;181;184,False,True,False,5,289
1357,q1357,1357,a,34;35;183;184,False,True,False,4,490
1358,q1358,1358,b,28;29;181;184,False,True,False,4,356
1359,q1359,1359,a,24;50;181;183,False,True,False,4,303
1360,q1360,1360,c,34;42;181;184,False,True,False,4,500
1361,q1361,1361,c,24;25;181;183,False,True,False,4,180
1362,q1362,1362,c,31;32;183;184,False,True,False,4,460
1363,q1363,1363,b,31;32;181;183,False,True,False,4,455
1364,q1364,1364,a,28;29;179;182;184,False,True,False,5,352
1365,q1365,1365,b,38;39;181;184,False,True,False,4,529
1366,q1366,1366,c,31;32;182;183,False,True,False,4,458
1367,q1367,1367,b,30;36;37;181;182,False,True,False,5,419
1368,q1368,1368,b,24;30;33;181;183,False,True,False,5,224
1369,q1369,1369,c,36;37;182;183,False,True,False,4,512
1370,q1370,1370,a,31;32;181;182,False,True,False,4,454
1371,q1371,1371,b,24;40;182;184,False,True,False,4,263
1372,q1372,1372,b,24;40;181;183,False,True,False,4,259
1373,q1373,1373,c,24;50;182;184,False,True,False,4,307
1374,q1374,1374,c,24;50;182;183,False,True,False,4,306
1375,q1375,1375,c,27;44;45;182;184,False,True,False,5,332
1376,q1376,1376,a,24;43;181;183,False,True,False,4,281
1377,q1377,1377,b,24;25;182;184,False,True,False,4,184
1378,q1378,1378,b,34;42;182;183,False,True,False,4,502
1379,q1379,1379,c,24;48;182;184,False,True,False,4,297
1380,q1380,1380,a,24;26;181;184,False,True,False,4,202
1381,q1381,1381,b,28;29;182;183,False,True,False,4,358
1382,q1382,1382,c,24;43;181;184,False,True,False,4,282
1383,q1383,1383,b,24;40;182;184,False,True,False,4,263
1384,q1384,1384,a,30;44;45;181;182,False,True,False,5,436
1385,q1385,1385,c,28;29;30;181;184,False,True,False,5,343
1386,q1386,1386,b,24;43;183;184,False,True,False,4,286
1387,q1387,1387,a,24;40;181;184,False,True,False,4,260
1388,q1388,1388,b,24;41;183;184,False,True,False,4,275
1389,q1389,1389,c,28;29;181;184,False,True,False,4,356
1390,q1390,1390,a,34;35;179;181;183,False,True,False,5,477
1391,q1391,1391,b,24;26;183;184,False,True,False,4,206
1392,q1392,1392,c,34;42;181;183,False,True,False,4,499
1393,q1393,1393,c,30;38;39;182;184,False,True,False,5,434
1394,q1394,1394,a,34;35;181;184,False,True,False,4,486
1395,q1395,1395,a,31;32;182;183,False,True,False,4,458
1396,q1396,1396,b,24;25;181;182,False,True,False,4,179
1397,q1397,1397,c,24;26;181;183,False,True,False,4,201
1398,q1398,1398,c,24;40;182;183,False,True,False,4,262
1399,q1399,1399,b,30;34;35;181;182,False,True,False,5,402
1400,q1400,1400,a,46;47;182;184,False,True,False,4,564
1401,q1401,1401,b,53;183;185,False,True,False,3,748
1402,q1402,1402,b,52;183;185,False,True,False,3,669
1403,q1403,1403,a,54;183;185,False,True,False,3,833
1404,q1404,1404,a,56;181;184,False,True,False,3,984
1405,q1405,1405,b,52;181;184,False,True,False,3,658
1406,q1406,1406,c,54;181;184,False,True,False,3,823
1407,q1407,1407,d,56;181;185,False,True,False,3,986
1408,q1408,1408,c,52;181;185,False,True,False,3,660
1409,q1409,1409,d,55;181;185,False,True,False,3,895
1410,q1410,1410,c,54;183;184,False,True,False,3,831
1411,q1411,1411,c,52;183;184,False,True,False,3,667
1412,q1412,1412,a,52;183;184,False,True,False,3,667
1413,q1413,1413,b,52;181;184,False,True,False,3,658
1414,q1414,1414,d,53;181;184,False,True,False,3,738
1415,q1415,1415,d,54;181;184,False,True,False,3,823
1416,q1416,1416,a,53;181;185,False,True,False,3,740
1417,q1417,1417,c,52;181;185,False,True,False,3,660
1418,q1418,1418,d,54;181;185,False,True,False,3,825
1419,q1419,1419,d,52;181;184,False,True,False,3,658
1420,q1420,1420,c,53;181;184,False,True,False,3,738
1421,q1421,1421,a,54;181;184,False,True,False,3,823
1422,q1422,1422,c,53;183;184,False,True,False,3,746
1423,q1423,1423,a,54;183;184,False,True,False,3,831
1424,q1424,1424,b,55;183;184,False,True,False,3,900
1425,q1425,1425,c,53;183;185,False,True,False,3,748
1426,q1426,1426,a,52;183;185,False,True,False,3,669
1427,q1427,1427,b,54;183;185,False,True,False,3,833
1428,q1428,1428,b,56;181;184,False,True,False,3,984
1429,q1429,1429,a,52;181;184,False,True,False,3,658
1430,q1430,1430,d,52;181;184,False,True,False,3,658
1431,q1431,1431,d,53;181;184,False,True,False,3,738
1432,q1432,1432,c,54;181;184,False,True,False,3,823
1433,q1433,1433,a,52;181;184,False,True,False,3,658
1434,q1434,1434,a,52;181;184,False,True,False,3,658
1435,q1435,1435,c,53;181;184,False,True,False,3,738
1436,q1436,1436,d,55;181;184,False,True,False,3,894
1437,q1437,1437,d,56;183;184,False,True,False,3,992
1438,q1438,1438,b,53;183;184,False,True,False,3,746
1439,q1439,1439,a,52;183;184,False,True,False,3,667
1440,q1440,1440,c,56;179;181;185,False,True,False,4,977
1441,q1441,1441,a,53;181;185,False,True,False,3,740
1442,q1442,1442,c,54;181;185,False,True,False,3,825
1443,q1443,1443,c,56;183;184,False,True,False,3,992
1444,q1444,1444,b,52;183;184,False,True,False,3,667
1445,q1445,1445,a,54;179;183;184,False,True,False,4,816
1446,q1446,1446,c,53;181;184,False,True,False,3,738
1447,q1447,1447,a,52;181;184,False,True,False,3,658
1448,q1448,1448,d,52;181;184,False,True,False,3,658
1449,q1449,1449,b,52;183;185,False,True,False,3,669
1450,q1450,1450,d,53;183;185,False,True,False,3,748
1451,q1451,1451,b,54;183;185,False,True,False,3,833
1452,q1452,1452,a,53;181;184,False,True,False,3,738
1453,q1453,1453,c,54;181;184,False,True,False,3,823
1454,q1454,1454,d,52;181;184,False,True,False,3,658
1455,q1455,1455,c,52;181;185,False,True,False,3,660
1456,q1456,1456,d,52;179;181;185,False,True,False,4,648
1457,q1457,1457,c,52;181;185,False,True,False,3,660
1458,q1458,1458,a,52;183;184,False,True,False,3,667
1459,q1459,1459,b,52;179;183;184,False,True,False,4,651
1460,q1460,1460,c,54;183;184,False,True,False,3,831
1461,q1461,1461,d,53;184;185,False,True,False,3,750
1462,q1462,1462,d,52;184;185,False,True,False,3,671
1463,q1463,1463,a,54;184;185,False,True,False,3,835
1464,q1464,1464,c,56;181;184,False,True,False,3,984
1465,q1465,1465,b,53;181;184,False,True,False,3,738
1466,q1466,1466,b,52;181;184,False,True,False,3,658
1467,q1467,1467,b,56;183;184,False,True,False,3,992
1468,q1468,1468,b,53;183;184,False,True,False,3,746
1469,q1469,1469,c,52;183;184,False,True,False,3,667
1470,q1470,1470,a,53;183;185,False,True,False,3,748
1471,q1471,1471,c,54;183;185,False,True,False,3,833
1472,q1472,1472,d,52;183;185,False,True,False,3,669
1473,q1473,1473,a,56;181;185,False,True,False,3,986
1474,q1474,1474,d,53;181;185,False,True,False,3,740
1475,q1475,1475,c,54;181;185,False,True,False,3,825
1476,q1476,1476,b,52;181;184,False,True,False,3,658
1477,q1477,1477,b,52;181;184,False,True,False,3,658
1478,q1478,1478,b,54;181;184,False,True,False,3,823
1479,q1479,1479,c,52;183;184,False,True,False,3,667
1480,q1480,1480,b,52;183;184,False,True,False,3,667
1481,q1481,1481,a,54;183;184,False,True,False,3,831
1482,q1482,1482,d,53;181;185,False,True,False,3,740
1483,q1483,1483,b,53;181;185,False,True,False,3,740
1484,q1484,1484,b,54;181;185,False,True,False,3,825
1485,q1485,1485,b,56;183;184,False,True,False,3,992
1486,q1486,1486,d,53;183;184,False,True,False,3,746
1487,q1487,1487,a,55;183;184,False,True,False,3,900
1488,q1488,1488,d,53;181;184,False,True,False,3,738
1489,q1489,1489,b,52;181;184,False,True,False,3,658
1490,q1490,1490,c,54;181;184,False,True,False,3,823
1491,q1491,1491,a,56;181;182;184,False,True,False,4,982
1492,q1492,1492,b,52;181;182;184,False,True,False,4,654
1493,q1493,1493,c,54;181;182;184,False,True,False,4,820
1494,q1494,1494,a,52;182;183;184,False,True,False,4,664
1495,q1495,1495,d,52;182;183;184,False,True,False,4,664
1496,q1496,1496,d,55;182;183;184,False,True,False,4,897
1497,q1497,1497,c,56;181;182;183,False,True,False,4,981
1498,q1498,1498,c,53;181;182;183,False,True,False,4,733
1499,q1499,1499,a,54;181;182;183,False,True,False,4,819
1500,q1500,1500,c,56;181;182;183,False,True,False,4,981
1501,q1501,1501,b,52;181;182;183,False,True,False,4,653
1502,q1502,1502,c,54;181;182;183,False,True,False,4,819
1503,q1503,1503,d,53;182;183;184,False,True,False,4,743
1504,q1504,1504,c,54;182;183;184,False,True,False,4,828
1505,q1505,1505,b,52;182;183;184,False,True,False,4,664
1506,q1506,1506,a,56;181;182;184,False,True,False,4,982
1507,q1507,1507,c,52;181;182;184,False,True,False,4,654
1508,q1508,1508,a,52;179;181;182;184,False,True,False,5,646
1509,q1509,1509,a,53;181;182;183,False,True,False,4,733
1510,q1510,1510,a,52;181;182;183,False,True,False,4,653
1511,q1511,1511,c,52;181;182;183,False,True,False,4,653
1512,q1512,1512,d,53;182;183;184,False,True,False,4,743
1513,q1513,1513,b,53;182;183;184,False,True,False,4,743
1514,q1514,1514,c,54;182;183;184,False,True,False,4,828
1515,q1515,1515,d,56;181;182;183,False,True,False,4,981
1516,q1516,1516,b,52;181;182;183,False,True,False,4,653
1517,q1517,1517,d,55;181;182;183,False,True,False,4,890
1518,q1518,1518,b,56;181;182;183,False,True,False,4,981
1519,q1519,1519,a,53;181;182;183,False,True,False,4,733
1520,q1520,1520,a,55;181;182;183,False,True,False,4,890
1521,q1521,1521,b,52;181;185,False,True,False,3,660
1522,q1522,1522,c,58;181;185,False,True,False,3,1080
1523,q1523,1523,d,55;181;185,False,True,False,3,895
1524,q1524,1524,a,54;183;184,False,True,False,3,831
1525,q1525,1525,b,58;183;184,False,True,False,3,1085
1526,q1526,1526,b,55;183;184,False,True,False,3,900
1527,q1527,1527,b,53;181;185,False,True,False,3,740
1528,q1528,1528,c,54;181;185,False,True,False,3,825
1529,q1529,1529,b,58;181;185,False,True,False,3,1080
1530,q1530,1530,a,52;183;185,False,True,False,3,669
1531,q1531,1531,a,58;183;185,False,True,False,3,1086
1532,q1532,1532,d,54;183;185,False,True,False,3,833
1533,q1533,1533,c,56;181;185,False,True,False,3,986
1534,q1534,1534,c,58;181;185,False,True,False,3,1080
1535,q1535,1535,a,52;181;185,False,True,False,3,660
1536,q1536,1536,a,53;182;183,False,True,False,3,742
1537,q1537,1537,d,53;179;182;183,False,True,False,4,728
1538,q1538,1538,b,55;182;183,False,True,False,3,896
1539,q1539,1539,c,56;183;184,False,True,False,3,992
1540,q1540,1540,b,53;179;183;184,False,True,False,4,729
1541,q1541,1541,b,55;183;184,False,True,False,3,900
1542,q1542,1542,d,53;181;182,False,True,False,3,732
1543,q1543,1543,b,53;181;182,False,True,False,3,732
1544,q1544,1544,c,54;181;182,False,True,False,3,818
1545,q1545,1545,d,54;183;184,False,True,False,3,831
1546,q1546,1546,a,52;179;183;184,False,True,False,4,651
1547,q1547,1547,a,52;183;184,False,True,False,3,667
1548,q1548,1548,d,53;182;183,False,True,False,3,742
1549,q1549,1549,c,53;182;183,False,True,False,3,742
1550,q1550,1550,a,54;182;183,False,True,False,3,827
1551,q1551,1551,b,53;181;182,False,True,False,3,732
1552,q1552,1552,a,55;181;182,False,True,False,3,889
1553,q1553,1553,c,55;181;182,False,True,False,3,889
1554,q1554,1554,a,53;181;183,False,True,False,3,735
1555,q1555,1555,d,53;181;183,False,True,False,3,735
1556,q1556,1556,b,55;181;183,False,True,False,3,892
1557,q1557,1557,b,56;181;182,False,True,False,3,980
1558,q1558,1558,d,52;179;181;182,False,True,False,4,645
1559,q1559,1559,a,54;181;182,False,True,False,3,818
1560,q1560,1560,b,53;179;181;182,False,True,False,4,725
1561,q1561,1561,a,56;181;182,False,True,False,3,980
1562,q1562,1562,c,54;181;182,False,True,False,3,818
1563,q1563,1563,d,56;183;184;185,False,True,False,4,993
1564,q1564,1564,b,57;183;184;185,False,True,False,4,1041
1565,q1565,1565,c,52;183;184;185,False,True,False,4,668
1566,q1566,1566,b,53;181;184;185,False,True,False,4,739
1567,q1567,1567,a,52;181;184;185,False,True,False,4,659
1568,q1568,1568,a,52;181;184;185,False,True,False,4,659
1569,q1569,1569,d,53;181;183;185,False,True,False,4,737
1570,q1570,1570,b,57;181;183;185,False,True,False,4,1035
1571,q1571,1571,a,52;181;183;185,False,True,False,4,657
1572,q1572,1572,b,56;181;183;185,False,True,False,4,983
1573,q1573,1573,a,54;181;183;185,False,True,False,4,822
1574,q1574,1574,d,52;181;183;185,False,True,False,4,657
1575,q1575,1575,c,53;183;184;185,False,True,False,4,747
1576,q1576,1576,d,57;183;184;185,False,True,False,4,1041
1577,q1577,1577,c,52;183;184;185,False,True,False,4,668
1578,q1578,1578,d,53;181;182,False,True,False,3,732
1579,q1579,1579,c,58;181;182,False,True,False,3,1078
1580,q1580,1580,a,52;181;182,False,True,False,3,652
1581,q1581,1581,b,56;181;182,False,True,False,3,980
1582,q1582,1582,b,58;181;182,False,True,False,3,1078
1583,q1583,1583,d,54;181;182,False,True,False,3,818
1584,q1584,1584,b,56;183;184,False,True,False,3,992
1585,q1585,1585,d,58;183;184,False,True,False,3,1085
1586,q1586,1586,a,55;183;184,False,True,False,3,900
1587,q1587,1587,c,52;181;182,False,True,False,3,652
1588,q1588,1588,c,58;181;182,False,True,False,3,1078
1589,q1589,1589,d,54;179;181;182,False,True,False,4,813
1590,q1590,1590,b,53;182;183,False,True,False,3,742
1591,q1591,1591,c,58;182;183,False,True,False,3,1083
1592,q1592,1592,b,54;182;183,False,True,False,3,827
1593,q1593,1593,a,52;182;183,False,True,False,3,663
1594,q1594,1594,c,58;182;183,False,True,False,3,1083
1595,q1595,1595,c,54;179;182;183,False,True,False,4,815
1596,q1596,1596,c,53;181;182,False,True,False,3,732
1597,q1597,1597,a,58;181;182,False,True,False,3,1078
1598,q1598,1598,b,54;181;182,False,True,False,3,818
1599,q1599,1599,a,52;183;184,False,True,False,3,667
1600,q1600,1600,d,58;183;184,False,True,False,3,1085
1601,q1601,1601,b,54;183;184,False,True,False,3,831
1602,q1602,1602,c,52;181;182,False,True,False,3,652
1603,q1603,1603,b,58;181;182,False,True,False,3,1078
1604,q1604,1604,a,52;181;182,False,True,False,3,652
1605,q1605,1605,b,54;181;182,False,True,False,3,818
1606,q1606,1606,b,58;181;182,False,True,False,3,1078
1607,q1607,1607,d,55;179;181;182,False,True,False,4,885
1608,q1608,1608,a,52;182;183,False,True,False,3,663
1609,q1609,1609,a,53;182;183,False,True,False,3,742
1610,q1610,1610,c,57;182;183,False,True,False,3,1039
1611,q1611,1611,c,52;181;182,False,True,False,3,652
1612,q1612,1612,a,57;181;182,False,True,False,3,1031
1613,q1613,1613,a,52;181;182,False,True,False,3,652
1614,q1614,1614,b,56;181;182,False,True,False,3,980
1615,q1615,1615,b,57;181;182,False,True,False,3,1031
1616,q1616,1616,d,52;179;181;182,False,True,False,4,645
1617,q1617,1617,a,54;182;183,False,True,False,3,827
1618,q1618,1618,a,53;182;183,False,True,False,3,742
1619,q1619,1619,b,57;182;183,False,True,False,3,1039
1620,q1620,1620,a,56;181;184,False,True,False,3,984
1621,q1621,1621,b,57;179;181;184,False,True,False,4,1029
1622,q1622,1622,b,55;181;184,False,True,False,3,894
1623,q1623,1623,b,56;182;183,False,True,False,3,989
1624,q1624,1624,d,57;182;183,False,True,False,3,1039
1625,q1625,1625,d,55;182;183,False,True,False,3,896
1626,q1626,1626,c,56;181;182,False,True,False,3,980
1627,q1627,1627,c,57;181;182,False,True,False,3,1031
1628,q1628,1628,d,55;181;182,False,True,False,3,889
1629,q1629,1629,d,53;181;182,False,True,False,3,732
1630,q1630,1630,a,57;179;181;182,False,True,False,4,1028
1631,q1631,1631,b,54;181;182,False,True,False,3,818
1632,q1632,1632,d,53;179;181;184,False,True,False,4,726
1633,q1633,1633,c,57;181;184,False,True,False,3,1036
1634,q1634,1634,b,55;181;184,False,True,False,3,894
1635,q1635,1635,d,53;182;183,False,True,False,3,742
1636,q1636,1636,a,57;182;183,False,True,False,3,1039
1637,q1637,1637,a,54;182;183,False,True,False,3,827
1638,q1638,1638,c,53;181;185,False,True,False,3,740
1639,q1639,1639,d,56;181;185,False,True,False,3,986
1640,q1640,1640,d,52;181;185,False,True,False,3,660
1641,q1641,1641,c,53;181;184,False,True,False,3,738
1642,q1642,1642,c,54;181;184,False,True,False,3,823
1643,q1643,1643,a,52;181;184,False,True,False,3,658
1644,q1644,1644,d,52;181;183,False,True,False,3,655
1645,q1645,1645,c,53;181;183,False,True,False,3,735
1646,q1646,1646,c,52;181;183,False,True,False,3,655
1647,q1647,1647,c,52;181;185,False,True,False,3,660
1648,q1648,1648,a,52;181;185,False,True,False,3,660
1649,q1649,1649,a,52;181;185,False,True,False,3,660
1650,q1650,1650,d,56;184;185,False,True,False,3,997
1651,q1651,1651,b,52;184;185,False,True,False,3,671
1652,q1652,1652,c,55;184;185,False,True,False,3,905
1653,q1653,1653,a,53;181;184,False,True,False,3,738
1654,q1654,1654,b,52;181;184,False,True,False,3,658
1655,q1655,1655,a,52;181;184,False,True,False,3,658
1656,q1656,1656,b,52;183;184,False,True,False,3,667
1657,q1657,1657,b,52;183;184,False,True,False,3,667
1658,q1658,1658,d,52;183;184,False,True,False,3,667
1659,q1659,1659,c,56;183;185,False,True,False,3,994
1660,q1660,1660,c,53;183;185,False,True,False,3,748
1661,q1661,1661,d,55;183;185,False,True,False,3,902
1662,q1662,1662,d,56;181;185,False,True,False,3,986
1663,q1663,1663,d,52;181;185,False,True,False,3,660
1664,q1664,1664,c,52;181;185,False,True,False,3,660
1665,q1665,1665,a,53;183;184,False,True,False,3,746
1666,q1666,1666,c,52;183;184,False,True,False,3,667
1667,q1667,1667,b,52;183;184,False,True,False,3,667
1668,q1668,1668,a,56;181;184,False,True,False,3,984
1669,q1669,1669,b,52;181;184,False,True,False,3,658
1670,q1670,1670,d,55;181;184,False,True,False,3,894
1671,q1671,1671,a,56;179;183;184,False,True,False,4,979
1672,q1672,1672,c,53;183;184,False,True,False,3,746
1673,q1673,1673,a,54;183;184,False,True,False,3,831
1674,q1674,1674,b,53;183;185,False,True,False,3,748
1675,q1675,1675,d,56;183;185,False,True,False,3,994
1676,q1676,1676,a,54;183;185,False,True,False,3,833
1677,q1677,1677,b,56;181;185,False,True,False,3,986
1678,q1678,1678,a,54;181;185,False,True,False,3,825
1679,q1679,1679,d,52;179;181;185,False,True,False,4,648
1680,q1680,1680,d,54;181;185,False,True,False,3,825
1681,q1681,1681,c,52;181;185,False,True,False,3,660
1682,q1682,1682,a,54;179;181;185,False,True,False,4,814
1683,q1683,1683,b,56;183;185,False,True,False,3,994
1684,q1684,1684,c,53;179;183;185,False,True,False,4,731
1685,q1685,1685,b,55;183;185,False,True,False,3,902
1686,q1686,1686,a,52;181;185,False,True,False,3,660
1687,q1687,1687,b,54;181;185,False,True,False,3,825
1688,q1688,1688,c,55;181;185,False,True,False,3,895
1689,q1689,1689,a,53;183;185,False,True,False,3,748
1690,q1690,1690,b,52;183;185,False,True,False,3,669
1691,q1691,1691,d,54;183;185,False,True,False,3,833
1692,q1692,1692,d,53;183;184,False,True,False,3,746
1693,q1693,1693,b,52;183;184,False,True,False,3,667
1694,q1694,1694,a,52;183;184,False,True,False,3,667
1695,q1695,1695,a,53;181;185,False,True,False,3,740
1696,q1696,1696,b,52;181;185,False,True,False,3,660
1697,q1697,1697,a,52;181;185,False,True,False,3,660
1698,q1698,1698,d,58;179;183;185,False,True,False,4,1077
1699,q1699,1699,a,52;183;185,False,True,False,3,669
1700,q1700,1700,b,54;183;185,False,True,False,3,833
1701,q1701,1701,b,53;183;184,False,True,False,3,746
1702,q1702,1702,d,52;183;184,False,True,False,3,667
1703,q1703,1703,c,58;183;184,False,True,False,3,1085
1704,q1704,1704,a,53;181;185,False,True,False,3,740
1705,q1705,1705,b,54;181;185,False,True,False,3,825
1706,q1706,1706,d,58;181;185,False,True,False,3,1080
1707,q1707,1707,c,53;183;185,False,True,False,3,748
1708,q1708,1708,a,53;183;185,False,True,False,3,748
1709,q1709,1709,b,58;183;185,False,True,False,3,1086
1710,q1710,1710,c,52;181;185,False,True,False,3,660
1711,q1711,1711,b,52;181;185,False,True,False,3,660
1712,q1712,1712,c,58;181;185,False,True,False,3,1080
1713,q1713,1713,a,56;183;185,False,True,False,3,994
1714,q1714,1714,b,52;183;185,False,True,False,3,669
1715,q1715,1715,a,58;183;185,False,True,False,3,1086
1716,q1716,1716,d,52;183;184,False,True,False,3,667
1717,q1717,1717,b,58;183;184,False,True,False,3,1085
1718,q1718,1718,b,54;183;184,False,True,False,3,831
1719,q1719,1719,b,52;181;185,False,True,False,3,660
1720,q1720,1720,d,58;181;185,False,True,False,3,1080
1721,q1721,1721,c,55;181;185,False,True,False,3,895
1722,q1722,1722,b,56;183;184,False,True,False,3,992
1723,q1723,1723,a,54;183;184,False,True,False,3,831
1724,q1724,1724,c,58;179;183;184,False,True,False,4,1076
1725,q1725,1725,d,53;181;184,False,True,False,3,738
1726,q1726,1726,a,58;181;184,False,True,False,3,1079
1727,q1727,1727,a,55;181;184,False,True,False,3,894
1728,q1728,1728,b,53;182;183,False,True,False,3,742
1729,q1729,1729,b,58;182;183,False,True,False,3,1083
1730,q1730,1730,d,55;182;183,False,True,False,3,896
1731,q1731,1731,a,52;182;183,False,True,False,3,663
1732,q1732,1732,b,58;182;183,False,True,False,3,1083
1733,q1733,1733,c,54;182;183,False,True,False,3,827
1734,q1734,1734,d,56;182;183,False,True,False,3,989
1735,q1735,1735,b,52;182;183,False,True,False,3,663
1736,q1736,1736,d,58;182;183,False,True,False,3,1083
1737,q1737,1737,d,53;182;183,False,True,False,3,742
1738,q1738,1738,a,58;182;183,False,True,False,3,1083
1739,q1739,1739,b,55;182;183,False,True,False,3,896
1740,q1740,1740,a,54;182;183,False,True,False,3,827
1741,q1741,1741,d,52;182;183,False,True,False,3,663
1742,q1742,1742,a,58;182;183,False,True,False,3,1083
1743,q1743,1743,a,58;182;183,False,True,False,3,1083
1744,q1744,1744,a,54;182;183,False,True,False,3,827
1745,q1745,1745,d,54;182;183,False,True,False,3,827
1746,q1746,1746,b,52;182;183,False,True,False,3,663
1747,q1747,1747,d,58;182;183,False,True,False,3,1083
1748,q1748,1748,c,54;182;183,False,True,False,3,827
1749,q1749,1749,d,52;185;186,False,True,False,3,672
1750,q1750,1750,d,58;185;186,False,True,False,3,1088
1751,q1751,1751,c,54;185;186,False,True,False,3,836
1752,q1752,1752,b,54;182;183,False,True,False,3,827
1753,q1753,1753,d,58;182;183,False,True,False,3,1083
1754,q1754,1754,b,52;182;183,False,True,False,3,663
1755,q1755,1755,a,52;182;183,False,True,False,3,663
1756,q1756,1756,d,54;182;183,False,True,False,3,827
1757,q1757,1757,c,58;182;183,False,True,False,3,1083
1758,q1758,1758,b,53;183;184;185,False,True,False,4,747
1759,q1759,1759,a,57;183;184;185,False,True,False,4,1041
1760,q1760,1760,c,55;179;183;184;185,False,True,False,5,888
1761,q1761,1761,d,53;181;183;185,False,True,False,4,737
1762,q1762,1762,a,52;181;183;185,False,True,False,4,657
1763,q1763,1763,b,55;181;183;185,False,True,False,4,893
1764,q1764,1764,a,53;179;183;184;185,False,True,False,5,730
1765,q1765,1765,a,53;183;184;185,False,True,False,4,747
1766,q1766,1766,b,55;183;184;185,False,True,False,4,901
1767,q1767,1767,d,53;181;183;184,False,True,False,4,736
1768,q1768,1768,a,52;181;183;184,False,True,False,4,656
1769,q1769,1769,b,57;181;183;184,False,True,False,4,1034
1770,q1770,1770,a,52;181;184;185,False,True,False,4,659
1771,q1771,1771,c,52;181;184;185,False,True,False,4,659
1772,q1772,1772,b,57;181;184;185,False,True,False,4,1037
1773,q1773,1773,d,52;183;184;185,False,True,False,4,668
1774,q1774,1774,c,54;183;184;185,False,True,False,4,832
1775,q1775,1775,d,52;183;184;185,False,True,False,4,668
1776,q1776,1776,a,56;181;183;185,False,True,False,4,983
1777,q1777,1777,d,53;181;183;185,False,True,False,4,737
1778,q1778,1778,c,52;181;183;185,False,True,False,4,657
1779,q1779,1779,a,54;181;184;185,False,True,False,4,824
1780,q1780,1780,c,54;181;184;185,False,True,False,4,824
1781,q1781,1781,b,54;181;184;185,False,True,False,4,824
1782,q1782,1782,a,53;181;183;185,False,True,False,4,737
1783,q1783,1783,b,52;181;183;185,False,True,False,4,657
1784,q1784,1784,a,55;181;183;185,False,True,False,4,893
1785,q1785,1785,d,53;181;183;184,False,True,False,4,736
1786,q1786,1786,d,52;181;183;184,False,True,False,4,656
1787,q1787,1787,b,54;181;183;184,False,True,False,4,821
1788,q1788,1788,c,52;181;182,False,True,False,3,652
1789,q1789,1789,b,53;181;182,False,True,False,3,732
1790,q1790,1790,d,54;181;182,False,True,False,3,818
1791,q1791,1791,d,53;181;182,False,True,False,3,732
1792,q1792,1792,b,53;179;181;182,False,True,False,4,725
1793,q1793,1793,d,55;181;182,False,True,False,3,889
1794,q1794,1794,b,53;181;184,False,True,False,3,738
1795,q1795,1795,c,55;181;184,False,True,False,3,894
1796,q1796,1796,a,52;181;184,False,True,False,3,658
1797,q1797,1797,b,53;181;182,False,True,False,3,732
1798,q1798,1798,a,54;181;182,False,True,False,3,818
1799,q1799,1799,d,55;181;182,False,True,False,3,889
1800,q1800,1800,c,53;183;184,False,True,False,3,746
1801,q1801,1801,c,54;183;184,False,True,False,3,831
1802,q1802,1802,a,52;179;183;184,False,True,False,4,651
1803,q1803,1803,b,56;179;182;183,False,True,False,4,978
1804,q1804,1804,b,53;182;183,False,True,False,3,742
1805,q1805,1805,d,54;182;183,False,True,False,3,827
1806,q1806,1806,c,56;181;182,False,True,False,3,980
1807,q1807,1807,d,52;181;182,False,True,False,3,652
1808,q1808,1808,a,52;181;182,False,True,False,3,652
1809,q1809,1809,b,53;183;184,False,True,False,3,746
1810,q1810,1810,d,52;183;184,False,True,False,3,667
1811,q1811,1811,c,54;179;183;184,False,True,False,4,816
1812,q1812,1812,c,56;181;182,False,True,False,3,980
1813,q1813,1813,b,52;181;182,False,True,False,3,652
1814,q1814,1814,d,55;181;182,False,True,False,3,889
1815,q1815,1815,b,53;181;182,False,True,False,3,732
1816,q1816,1816,a,53;181;182,False,True,False,3,732
1817,q1817,1817,c,55;181;182,False,True,False,3,889
1818,q1818,1818,c,53;183;185,False,True,False,3,748
1819,q1819,1819,b,52;183;185,False,True,False,3,669
1820,q1820,1820,a,54;179;183;185,False,True,False,4,817
1821,q1821,1821,b,53;181;184,False,True,False,3,738
1822,q1822,1822,c,52;179;181;184,False,True,False,4,647
1823,q1823,1823,d,52;181;184,False,True,False,3,658
1824,q1824,1824,a,53;183;185,False,True,False,3,748
1825,q1825,1825,d,52;183;185,False,True,False,3,669
1826,q1826,1826,c,52;183;185,False,True,False,3,669
1827,q1827,1827,a,56;181;184,False,True,False,3,984
1828,q1828,1828,c,52;179;181;184,False,True,False,4,647
1829,q1829,1829,d,55;181;184,False,True,False,3,894
1830,q1830,1830,c,53;179;183;185,False,True,False,4,731
1831,q1831,1831,a,52;183;185,False,True,False,3,669
1832,q1832,1832,d,54;183;185,False,True,False,3,833
1833,q1833,1833,b,56;181;184,False,True,False,3,984
1834,q1834,1834,d,54;181;184,False,True,False,3,823
1835,q1835,1835,a,52;181;184,False,True,False,3,658
1836,q1836,1836,b,56;181;185,False,True,False,3,986
1837,q1837,1837,a,53;181;185,False,True,False,3,740
1838,q1838,1838,a,54;181;185,False,True,False,3,825
1839,q1839,1839,c,53;181;184,False,True,False,3,738
1840,q1840,1840,c,52;181;184,False,True,False,3,658
1841,q1841,1841,d,52;181;184,False,True,False,3,658
1842,q1842,1842,b,56;181;185,False,True,False,3,986
1843,q1843,1843,b,52;181;185,False,True,False,3,660
1844,q1844,1844,d,55;181;185,False,True,False,3,895
1845,q1845,1845,d,52;181;184,False,True,False,3,658
1846,q1846,1846,b,52;181;184,False,True,False,3,658
1847,q1847,1847,a,54;181;184,False,True,False,3,823
1848,q1848,1848,d,56;182;183,False,True,False,3,989
1849,q1849,1849,c,52;182;183,False,True,False,3,663
1850,q1850,1850,d,58;182;183,False,True,False,3,1083
1851,q1851,1851,a,56;181;182,False,True,False,3,980
1852,q1852,1852,d,52;181;182,False,True,False,3,652
1853,q1853,1853,b,58;181;182,False,True,False,3,1078
1854,q1854,1854,d,53;181;184,False,True,False,3,738
1855,q1855,1855,c,58;181;184,False,True,False,3,1079
1856,q1856,1856,b,54;181;184,False,True,False,3,823
1857,q1857,1857,c,52;181;182,False,True,False,3,652
1858,q1858,1858,a,58;179;181;182,False,True,False,4,1075
1859,q1859,1859,d,54;181;182,False,True,False,3,818
1860,q1860,1860,a,53;181;184,False,True,False,3,738
1861,q1861,1861,b,58;181;184,False,True,False,3,1079
1862,q1862,1862,b,54;181;184,False,True,False,3,823
1863,q1863,1863,c,56;182;183,False,True,False,3,989
1864,q1864,1864,b,57;182;183,False,True,False,3,1039
1865,q1865,1865,a,54;182;183,False,True,False,3,827
1866,q1866,1866,b,56;182;183,False,True,False,3,989
1867,q1867,1867,a,57;182;183,False,True,False,3,1039
1868,q1868,1868,b,54;182;183,False,True,False,3,827
1869,q1869,1869,b,53;182;183,False,True,False,3,742
1870,q1870,1870,d,57;182;183,False,True,False,3,1039
1871,q1871,1871,a,55;182;183,False,True,False,3,896
1872,q1872,1872,c,53;182;183,False,True,False,3,742
1873,q1873,1873,a,57;182;183,False,True,False,3,1039
1874,q1874,1874,a,52;182;183,False,True,False,3,663
1875,q1875,1875,b,56;182;183,False,True,False,3,989
1876,q1876,1876,b,54;182;183,False,True,False,3,827
1877,q1877,1877,c,57;182;183,False,True,False,3,1039
1878,q1878,1878,d,53;182;183,False,True,False,3,742
1879,q1879,1879,a,52;182;183,False,True,False,3,663
1880,q1880,1880,a,57;182;183,False,True,False,3,1039
1881,q1881,1881,d,53;182;183,False,True,False,3,742
1882,q1882,1882,a,57;182;183,False,True,False,3,1039
1883,q1883,1883,d,52;182;183,False,True,False,3,663
1884,q1884,1884,b,52;182;183,False,True,False,3,663
1885,q1885,1885,b,54;182;183,False,True,False,3,827
1886,q1886,1886,c,57;182;183,False,True,False,3,1039
1887,q1887,1887,a,56;182;183,False,True,False,3,989
1888,q1888,1888,c,52;182;183,False,True,False,3,663
1889,q1889,1889,c,57;182;183,False,True,False,3,1039
1890,q1890,1890,d,53;182;183,False,True,False,3,742
1891,q1891,1891,a,52;182;183,False,True,False,3,663
1892,q1892,1892,d,57;182;183,False,True,False,3,1039
1893,q1893,1893,a,56;181;185,False,True,False,3,986
1894,q1894,1894,b,53;181;185,False,True,False,3,740
1895,q1895,1895,d,55;181;185,False,True,False,3,895
1896,q1896,1896,a,52;183;185,False,True,False,3,669
1897,q1897,1897,d,52;183;185,False,True,False,3,669
1898,q1898,1898,c,54;183;185,False,True,False,3,833
1899,q1899,1899,b,56;181;184,False,True,False,3,984
1900,q1900,1900,a,52;181;184,False,True,False,3,658
1901,q1901,1901,d,55;181;184,False,True,False,3,894
1902,q1902,1902,b,53;181;185,False,True,False,3,740
1903,q1903,1903,c,56;181;185,False,True,False,3,986
1904,q1904,1904,a,54;181;185,False,True,False,3,825
1905,q1905,1905,d,53;183;184,False,True,False,3,746
1906,q1906,1906,b,52;183;184,False,True,False,3,667
1907,q1907,1907,a,54;183;184,False,True,False,3,831
1908,q1908,1908,a,56;183;185,False,True,False,3,994
1909,q1909,1909,d,53;183;185,False,True,False,3,748
1910,q1910,1910,b,55;183;185,False,True,False,3,902
1911,q1911,1911,c,53;181;183,False,True,False,3,735
1912,q1912,1912,a,52;181;183,False,True,False,3,655
1913,q1913,1913,a,52;181;183,False,True,False,3,655
1914,q1914,1914,d,52;183;184,False,True,False,3,667
1915,q1915,1915,c,52;183;184,False,True,False,3,667
1916,q1916,1916,c,55;183;184,False,True,False,3,900
1917,q1917,1917,c,56;181;184,False,True,False,3,984
1918,q1918,1918,a,53;181;184,False,True,False,3,738
1919,q1919,1919,b,55;181;184,False,True,False,3,894
1920,q1920,1920,a,56;181;184,False,True,False,3,984
1921,q1921,1921,b,52;181;184,False,True,False,3,658
1922,q1922,1922,d,55;181;184,False,True,False,3,894
1923,q1923,1923,b,53;182;183,False,True,False,3,742
1924,q1924,1924,d,54;182;183,False,True,False,3,827
1925,q1925,1925,a,57;179;182;183,False,True,False,4,1030
1926,q1926,1926,c,52;181;182,False,True,False,3,652
1927,q1927,1927,b,57;181;182,False,True,False,3,1031
1928,q1928,1928,d,55;181;182,False,True,False,3,889
1929,q1929,1929,c,52;182;183,False,True,False,3,663
1930,q1930,1930,d,57;182;183,False,True,False,3,1039
1931,q1931,1931,b,55;182;183,False,True,False,3,896
1932,q1932,1932,d,52;182;183,False,True,False,3,663
1933,q1933,1933,a,57;182;183,False,True,False,3,1039
1934,q1934,1934,b,55;182;183,False,True,False,3,896
1935,q1935,1935,b,53;182;183,False,True,False,3,742
1936,q1936,1936,d,57;182;183,False,True,False,3,1039
1937,q1937,1937,c,54;182;183,False,True,False,3,827
1938,q1938,1938,a,56;181;182,False,True,False,3,980
1939,q1939,1939,c,52;181;182,False,True,False,3,652
1940,q1940,1940,d,54;179;181;182,False,True,False,4,813
1941,q1941,1941,c,53;181;182,False,True,False,3,732
1942,q1942,1942,a,54;179;181;182,False,True,False,4,813
1943,q1943,1943,d,55;181;182,False,True,False,3,889
1944,q1944,1944,a,53;183;184,False,True,False,3,746
1945,q1945,1945,d,52;183;184,False,True,False,3,667
1946,q1946,1946,a,54;179;183;184,False,True,False,4,816
1947,q1947,1947,c,56;181;182,False,True,False,3,980
1948,q1948,1948,a,53;181;182,False,True,False,3,732
1949,q1949,1949,a,55;181;182,False,True,False,3,889
1950,q1950,1950,d,56;179;183;184,False,True,False,4,979
1951,q1951,1951,b,52;183;184,False,True,False,3,667
1952,q1952,1952,a,54;183;184,False,True,False,3,831
1953,q1953,1953,a,56;182;183,False,True,False,3,989
1954,q1954,1954,d,53;182;183,False,True,False,3,742
1955,q1955,1955,b,54;179;182;183,False,True,False,4,815
1956,q1956,1956,d,56;181;182,False,True,False,3,980
1957,q1957,1957,d,54;181;182,False,True,False,3,818
1958,q1958,1958,c,54;181;182,False,True,False,3,818
1959,q1959,1959,c,53;179;183;184,False,True,False,4,729
1960,q1960,1960,b,52;183;184,False,True,False,3,667
1961,q1961,1961,d,54;183;184,False,True,False,3,831
1962,q1962,1962,a,53;181;182,False,True,False,3,732
1963,q1963,1963,b,52;181;182,False,True,False,3,652
1964,q1964,1964,a,54;181;182,False,True,False,3,818
1965,q1965,1965,a,56;181;182,False,True,False,3,980
1966,q1966,1966,b,53;181;182,False,True,False,3,732
1967,q1967,1967,c,55;181;182,False,True,False,3,889
1968,q1968,1968,b,56;182;183,False,True,False,3,989
1969,q1969,1969,a,55;182;183,False,True,False,3,896
1970,q1970,1970,a,54;182;183,False,True,False,3,827
1971,q1971,1971,a,52;181;182,False,True,False,3,652
1972,q1972,1972,d,54;181;182,False,True,False,3,818
1973,q1973,1973,b,54;181;182,False,True,False,3,818
1974,q1974,1974,c,56;182;183,False,True,False,3,989
1975,q1975,1975,a,52;182;183,False,True,False,3,663
1976,q1976,1976,c,54;182;183,False,True,False,3,827
1977,q1977,1977,b,53;181;184,False,True,False,3,738
1978,q1978,1978,a,54;181;184,False,True,False,3,823
1979,q1979,1979,d,54;181;184,False,True,False,3,823
1980,q1980,1980,d,52;181;182;183,False,True,False,4,653
1981,q1981,1981,a,52;181;182;183,False,True,False,4,653
1982,q1982,1982,b,54;181;182;183,False,True,False,4,819
1983,q1983,1983,d,56;181;182,False,True,False,3,980
1984,q1984,1984,a,57;181;182,False,True,False,3,1031
1985,q1985,1985,a,54;181;182,False,True,False,3,818
1986,q1986,1986,d,52;181;182;184,False,True,False,4,654
1987,q1987,1987,a,52;181;182;184,False,True,False,4,654
1988,q1988,1988,d,55;181;182;184,False,True,False,4,891
1989,q1989,1989,b,54;182;183,False,True,False,3,827
1990,q1990,1990,c,52;182;183,False,True,False,3,663
1991,q1991,1991,c,54;182;183,False,True,False,3,827
1992,q1992,1992,a,53;181;184,False,True,False,3,738
1993,q1993,1993,b,54;181;184,False,True,False,3,823
1994,q1994,1994,b,57;181;184,False,True,False,3,1036
1995,q1995,1995,c,53;182;183,False,True,False,3,742
1996,q1996,1996,c,52;182;183,False,True,False,3,663
1997,q1997,1997,d,54;182;183,False,True,False,3,827
1998,q1998,1998,a,53;183;184,False,True,False,3,746
1999,q1999,1999,d,54;183;184,False,True,False,3,831
2000,q2000,2000,d,58;183;184,False,True,False,3,1085
2001,q2001,2001,c,53;182;183,False,True,False,3,742
2002,q2002,2002,c,58;182;183,False,True,False,3,1083
2003,q2003,2003,a,52;182;183,False,True,False,3,663
2004,q2004,2004,c,56;182;183,False,True,False,3,989
2005,q2005,2005,c,58;182;183,False,True,False,3,1083
2006,q2006,2006,c,54;182;183,False,True,False,3,827
2007,q2007,2007,c,56;182;183,False,True,False,3,989
2008,q2008,2008,d,54;182;183,False,True,False,3,827
2009,q2009,2009,a,54;182;183,False,True,False,3,827
2010,q2010,2010,a,53;181;182,False,True,False,3,732
2011,q2011,2011,c,52;181;182,False,True,False,3,652
2012,q2012,2012,a,55;181;182,False,True,False,3,889
2013,q2013,2013,d,53;182;183,False,True,False,3,742
2014,q2014,2014,c,52;182;183,False,True,False,3,663
2015,q2015,2015,b,54;182;183,False,True,False,3,827
2016,q2016,2016,c,53;181;184,False,True,False,3,738
2017,q2017,2017,a,54;181;184,False,True,False,3,823
2018,q2018,2018,b,55;181;184,False,True,False,3,894
2019,q2019,2019,a,56;182;183,False,True,False,3,989
2020,q2020,2020,c,52;182;183,False,True,False,3,663
2021,q2021,2021,b,57;182;183,False,True,False,3,1039
2022,q2022,2022,d,52;181;184,False,True,False,3,658
2023,q2023,2023,b,54;181;184,False,True,False,3,823
2024,q2024,2024,a,52;181;184,False,True,False,3,658
2025,q2025,2025,d,56;181;182,False,True,False,3,980
2026,q2026,2026,b,52;181;182,False,True,False,3,652
2027,q2027,2027,a,54;181;182,False,True,False,3,818
2028,q2028,2028,a,57;182;183,False,True,False,3,1039
2029,q2029,2029,c,52;182;183,False,True,False,3,663
2030,q2030,2030,d,55;182;183,False,True,False,3,896
2031,q2031,2031,d,56;181;182;184,False,True,False,4,982
2032,q2032,2032,b,52;181;182;184,False,True,False,4,654
2033,q2033,2033,a,54;181;182;184,False,True,False,4,820
2034,q2034,2034,b,52;182;183,False,True,False,3,663
2035,q2035,2035,d,54;182;183,False,True,False,3,827
2036,q2036,2036,a,54;182;183,False,True,False,3,827
2037,q2037,2037,d,56;183;184,False,True,False,3,992
2038,q2038,2038,a,52;183;184,False,True,False,3,667
2039,q2039,2039,b,57;183;184,False,True,False,3,1040
2040,q2040,2040,d,56;182;183,False,True,False,3,989
2041,q2041,2041,d,58;182;183,False,True,False,3,1083
2042,q2042,2042,a,52;182;183,False,True,False,3,663
2043,q2043,2043,c,56;182;183,False,True,False,3,989
2044,q2044,2044,a,54;182;183,False,True,False,3,827
2045,q2045,2045,b,58;182;183,False,True,False,3,1083
2046,q2046,2046,a,53;181;185,False,True,False,3,740
2047,q2047,2047,b,52;179;181;185,False,True,False,4,648
2048,q2048,2048,a,52;181;185,False,True,False,3,660
2049,q2049,2049,d,53;179;181;185,False,True,False,4,727
2050,q2050,2050,a,52;181;185,False,True,False,3,660
2051,q2051,2051,a,55;181;185,False,True,False,3,895
2052,q2052,2052,b,53;183;185,False,True,False,3,748
2053,q2053,2053,a,56;183;185,False,True,False,3,994
2054,q2054,2054,c,52;183;185,False,True,False,3,669
2055,q2055,2055,d,53;181;185,False,True,False,3,740
2056,q2056,2056,a,52;181;185,False,True,False,3,660
2057,q2057,2057,c,55;181;185,False,True,False,3,895
2058,q2058,2058,c,52;183;185,False,True,False,3,669
2059,q2059,2059,c,52;183;185,False,True,False,3,669
2060,q2060,2060,c,52;183;185,False,True,False,3,669
2061,q2061,2061,c,52;183;184,False,True,False,3,667
2062,q2062,2062,b,53;183;184,False,True,False,3,746
2063,q2063,2063,a,55;183;184,False,True,False,3,900
2064,q2064,2064,c,53;181;185,False,True,False,3,740
2065,q2065,2065,c,52;181;185,False,True,False,3,660
2066,q2066,2066,b,54;181;185,False,True,False,3,825
2067,q2067,2067,b,52;183;184,False,True,False,3,667
2068,q2068,2068,a,55;183;184,False,True,False,3,900
2069,q2069,2069,d,52;179;183;184,False,True,False,4,651
2070,q2070,2070,a,52;179;181;185,False,True,False,4,648
2071,q2071,2071,a,54;181;185,False,True,False,3,825
2072,q2072,2072,b,54;181;185,False,True,False,3,825
2073,q2073,2073,d,56;181;185,False,True,False,3,986
2074,q2074,2074,b,53;179;181;185,False,True,False,4,727
2075,q2075,2075,a,54;181;185,False,True,False,3,825
2076,q2076,2076,b,53;182;183,False,True,False,3,742
2077,q2077,2077,d,53;182;183,False,True,False,3,742
2078,q2078,2078,b,52;182;183,False,True,False,3,663
2079,q2079,2079,b,52;182;183,False,True,False,3,663
2080,q2080,2080,c,53;182;183,False,True,False,3,742
2081,q2081,2081,a,55;182;183,False,True,False,3,896
2082,q2082,2082,d,56;182;183,False,True,False,3,989
2083,q2083,2083,d,52;182;183,False,True,False,3,663
2084,q2084,2084,b,54;182;183,False,True,False,3,827
2085,q2085,2085,d,52;182;183,False,True,False,3,663
2086,q2086,2086,c,52;182;183,False,True,False,3,663
2087,q2087,2087,d,52;182;183,False,True,False,3,663
2088,q2088,2088,d,53;182;183,False,True,False,3,742
2089,q2089,2089,b,52;182;183,False,True,False,3,663
2090,q2090,2090,c,54;182;183,False,True,False,3,827
2091,q2091,2091,c,56;182;183,False,True,False,3,989
2092,q2092,2092,a,53;182;183,False,True,False,3,742
2093,q2093,2093,d,54;182;183,False,True,False,3,827
2094,q2094,2094,c,53;182;183,False,True,False,3,742
2095,q2095,2095,c,52;182;183,False,True,False,3,663
2096,q2096,2096,a,52;182;183,False,True,False,3,663
2097,q2097,2097,c,56;182;183,False,True,False,3,989
2098,q2098,2098,a,53;182;183,False,True,False,3,742
2099,q2099,2099,d,55;182;183,False,True,False,3,896
2100,q2100,2100,b,53;182;183,False,True,False,3,742
2101,q2101,2101,c,54;182;183,False,True,False,3,827
2102,q2102,2102,b,55;182;183,False,True,False,3,896
2103,q2103,2103,d,56;182;183,False,True,False,3,989
2104,q2104,2104,b,53;182;183,False,True,False,3,742
2105,q2105,2105,b,55;182;183,False,True,False,3,896
2106,q2106,2106,a,53;182;183,False,True,False,3,742
2107,q2107,2107,c,52;182;183,False,True,False,3,663
2108,q2108,2108,d,54;182;183,False,True,False,3,827
2109,q2109,2109,d,53;182;183,False,True,False,3,742
2110,q2110,2110,d,54;182;183,False,True,False,3,827
2111,q2111,2111,a,52;182;183,False,True,False,3,663
2112,q2112,2112,c,56;182;183,False,True,False,3,989
2113,q2113,2113,b,53;182;183,False,True,False,3,742
2114,q2114,2114,b,52;182;183,False,True,False,3,663
2115,q2115,2115,c,56;182;183,False,True,False,3,989
2116,q2116,2116,c,53;182;183,False,True,False,3,742
2117,q2117,2117,b,54;182;183,False,True,False,3,827
2118,q2118,2118,c,56;182;183,False,True,False,3,989
2119,q2119,2119,b,52;182;183,False,True,False,3,663
2120,q2120,2120,d,54;182;183,False,True,False,3,827
2121,q2121,2121,b,53;182;183,False,True,False,3,742
2122,q2122,2122,b,52;182;183,False,True,False,3,663
2123,q2123,2123,a,54;182;183,False,True,False,3,827
2124,q2124,2124,b,53;182;183,False,True,False,3,742
2125,q2125,2125,d,52;182;183,False,True,False,3,663
2126,q2126,2126,a,54;182;183,False,True,False,3,827
2127,q2127,2127,a,52;182;183,False,True,False,3,663
2128,q2128,2128,c,52;182;183,False,True,False,3,663
2129,q2129,2129,a,55;182;183,False,True,False,3,896
2130,q2130,2130,a,56;182;183,False,True,False,3,989
2131,q2131,2131,b,53;182;183,False,True,False,3,742
2132,q2132,2132,c,55;182;183,False,True,False,3,896
2133,q2133,2133,d,53;182;183,False,True,False,3,742
2134,q2134,2134,b,52;182;183,False,True,False,3,663
2135,q2135,2135,c,54;182;183,False,True,False,3,827
2136,q2136,2136,b,54;182;183,False,True,False,3,827
2137,q2137,2137,a,52;182;183,False,True,False,3,663
2138,q2138,2138,d,54;182;183,False,True,False,3,827
2139,q2139,2139,a,53;182;183,False,True,False,3,742
2140,q2140,2140,b,52;182;183,False,True,False,3,663
2141,q2141,2141,d,54;182;183,False,True,False,3,827
2142,q2142,2142,d,53;182;183,False,True,False,3,742
2143,q2143,2143,b,52;182;183,False,True,False,3,663
2144,q2144,2144,c,54;182;183,False,True,False,3,827
2145,q2145,2145,c,53;182;183,False,True,False,3,742
2146,q2146,2146,b,52;182;183,False,True,False,3,663
2147,q2147,2147,c,55;182;183,False,True,False,3,896
2148,q2148,2148,a,52;182;183,False,True,False,3,663
2149,q2149,2149,b,54;182;183,False,True,False,3,827
2150,q2150,2150,a,52;182;183,False,True,False,3,663
2151,q2151,2151,c,56;182;183,False,True,False,3,989
2152,q2152,2152,a,52;182;183,False,True,False,3,663
2153,q2153,2153,a,55;182;183,False,True,False,3,896
2154,q2154,2154,d,56;182;183,False,True,False,3,989
2155,q2155,2155,b,53;182;183,False,True,False,3,742
2156,q2156,2156,a,54;182;183,False,True,False,3,827
2157,q2157,2157,b,53;182;183,False,True,False,3,742
2158,q2158,2158,a,56;182;183,False,True,False,3,989
2159,q2159,2159,d,55;182;183,False,True,False,3,896
2160,q2160,2160,d,53;182;183,False,True,False,3,742
2161,q2161,2161,a,56;182;183,False,True,False,3,989
2162,q2162,2162,d,54;182;183,False,True,False,3,827
2163,q2163,2163,d,56;182;183,False,True,False,3,989
2164,q2164,2164,d,53;182;183,False,True,False,3,742
2165,q2165,2165,c,52;182;183,False,True,False,3,663
2166,q2166,2166,b,56;181;182,False,True,False,3,980
2167,q2167,2167,a,53;181;182,False,True,False,3,732
2168,q2168,2168,b,52;181;182,False,True,False,3,652
2169,q2169,2169,a,52;181;185,False,True,False,3,660
2170,q2170,2170,a,53;181;185,False,True,False,3,740
2171,q2171,2171,d,54;181;185,False,True,False,3,825
2172,q2172,2172,b,53;183;184,False,True,False,3,746
2173,q2173,2173,d,52;179;183;184,False,True,False,4,651
2174,q2174,2174,d,55;183;184,False,True,False,3,900
2175,q2175,2175,d,53;183;184,False,True,False,3,746
2176,q2176,2176,b,52;179;183;184,False,True,False,4,651
2177,q2177,2177,b,54;183;184,False,True,False,3,831
2178,q2178,2178,b,56;182;183,False,True,False,3,989
2179,q2179,2179,d,53;182;183,False,True,False,3,742
2180,q2180,2180,d,54;179;182;183,False,True,False,4,815
2181,q2181,2181,c,53;181;182,False,True,False,3,732
2182,q2182,2182,c,52;179;181;182,False,True,False,4,645
2183,q2183,2183,a,55;181;182,False,True,False,3,889
2184,q2184,2184,b,53;183;184,False,True,False,3,746
2185,q2185,2185,b,54;183;184,False,True,False,3,831
2186,q2186,2186,c,52;183;184,False,True,False,3,667
2187,q2187,2187,d,53;181;182,False,True,False,3,732
2188,q2188,2188,c,53;181;182,False,True,False,3,732
2189,q2189,2189,c,55;181;182,False,True,False,3,889
2190,q2190,2190,d,53;181;182,False,True,False,3,732
2191,q2191,2191,a,52;181;182,False,True,False,3,652
2192,q2192,2192,c,55;179;181;182,False,True,False,4,885
2193,q2193,2193,a,53;183;185,False,True,False,3,748
2194,q2194,2194,c,54;179;183;185,False,True,False,4,817
2195,q2195,2195,c,58;183;185,False,True,False,3,1086
2196,q2196,2196,b,53;181;185,False,True,False,3,740
2197,q2197,2197,c,58;181;185,False,True,False,3,1080
2198,q2198,2198,a,55;181;185,False,True,False,3,895
2199,q2199,2199,c,56;183;185,False,True,False,3,994
2200,q2200,2200,a,53;183;185,False,True,False,3,748
2201,q2201,2201,a,58;179;183;185,False,True,False,4,1077
2202,q2202,2202,d,58;183;184,False,True,False,3,1085
2203,q2203,2203,a,52;183;184,False,True,False,3,667
2204,q2204,2204,b,54;183;184,False,True,False,3,831
2205,q2205,2205,a,52;181;185,False,True,False,3,660
2206,q2206,2206,c,58;181;185,False,True,False,3,1080
2207,q2207,2207,c,54;181;185,False,True,False,3,825
2208,q2208,2208,a,56;183;184,False,True,False,3,992
2209,q2209,2209,b,58;179;183;184,False,True,False,4,1076
2210,q2210,2210,c,52;183;184,False,True,False,3,667
2211,q2211,2211,b,56;181;185,False,True,False,3,986
2212,q2212,2212,c,53;181;185,False,True,False,3,740
2213,q2213,2213,a,58;181;185,False,True,False,3,1080
2214,q2214,2214,b,52;181;185,False,True,False,3,660
2215,q2215,2215,c,52;181;185,False,True,False,3,660
2216,q2216,2216,b,58;181;185,False,True,False,3,1080
2217,q2217,2217,a,53;181;184,False,True,False,3,738
2218,q2218,2218,d,53;181;184,False,True,False,3,738
2219,q2219,2219,c,58;181;184,False,True,False,3,1079
2220,q2220,2220,c,56;183;185,False,True,False,3,994
2221,q2221,2221,a,52;183;185,False,True,False,3,669
2222,q2222,2222,c,58;183;185,False,True,False,3,1086
2223,q2223,2223,d,56;183;184,False,True,False,3,992
2224,q2224,2224,b,56;183;184,False,True,False,3,992
2225,q2225,2225,c,52;179;183;184,False,True,False,4,651
2226,q2226,2226,d,54;182;183,False,True,False,3,827
2227,q2227,2227,c,52;182;183,False,True,False,3,663
2228,q2228,2228,a,55;179;182;183,False,True,False,4,887
2229,q2229,2229,b,56;182;183,False,True,False,3,989
2230,q2230,2230,a,54;182;183,False,True,False,3,827
2231,q2231,2231,b,52;182;183,False,True,False,3,663
2232,q2232,2232,a,53;181;182,False,True,False,3,732
2233,q2233,2233,d,52;181;182,False,True,False,3,652
2234,q2234,2234,c,54;181;182,False,True,False,3,818
2235,q2235,2235,d,53;183;184,False,True,False,3,746
2236,q2236,2236,b,52;183;184,False,True,False,3,667
2237,q2237,2237,d,54;183;184,False,True,False,3,831
2238,q2238,2238,c,53;182;183,False,True,False,3,742
2239,q2239,2239,b,52;182;183,False,True,False,3,663
2240,q2240,2240,b,52;182;183,False,True,False,3,663
2241,q2241,2241,b,56;182;183,False,True,False,3,989
2242,q2242,2242,a,52;179;182;183,False,True,False,4,649
2243,q2243,2243,a,52;182;183,False,True,False,3,663
2244,q2244,2244,c,52;179;182;184,False,True,False,4,650
2245,q2245,2245,c,56;182;184,False,True,False,3,990
2246,q2246,2246,d,54;182;184,False,True,False,3,829
2247,q2247,2247,d,54;182;183,False,True,False,3,827
2248,q2248,2248,d,52;182;183,False,True,False,3,663
2249,q2249,2249,a,54;182;183,False,True,False,3,827
2250,q2250,2250,b,53;179;181;182,False,True,False,4,725
2251,q2251,2251,a,52;181;182,False,True,False,3,652
2252,q2252,2252,c,54;181;182,False,True,False,3,818
2253,q2253,2253,a,56;181;182,False,True,False,3,980
2254,q2254,2254,d,53;181;182,False,True,False,3,732
2255,q2255,2255,c,55;179;181;182,False,True,False,4,885
2256,q2256,2256,c,53;182;183,False,True,False,3,742
2257,q2257,2257,c,52;182;183,False,True,False,3,663
2258,q2258,2258,d,54;179;182;183,False,True,False,4,815
2259,q2259,2259,b,53;179;183;184,False,True,False,4,729
2260,q2260,2260,d,52;183;184,False,True,False,3,667
2261,q2261,2261,a,54;183;184,False,True,False,3,831
2262,q2262,2262,d,54;181;182,False,True,False,3,818
2263,q2263,2263,b,52;181;182,False,True,False,3,652
2264,q2264,2264,a,54;181;182,False,True,False,3,818
2265,q2265,2265,c,52;183;184,False,True,False,3,667
2266,q2266,2266,b,54;183;184,False,True,False,3,831
2267,q2267,2267,d,54;183;184,False,True,False,3,831
2268,q2268,2268,a,56;179;182;183,False,True,False,4,978
2269,q2269,2269,d,52;182;183,False,True,False,3,663
2270,q2270,2270,c,54;182;183,False,True,False,3,827
2271,q2271,2271,c,53;181;182,False,True,False,3,732
2272,q2272,2272,b,52;181;182,False,True,False,3,652
2273,q2273,2273,b,54;181;182,False,True,False,3,818
2274,q2274,2274,c,53;183;184,False,True,False,3,746
2275,q2275,2275,a,54;179;183;184,False,True,False,4,816
2276,q2276,2276,d,52;183;184,False,True,False,3,667
2277,q2277,2277,b,56;181;182,False,True,False,3,980
2278,q2278,2278,c,53;181;182,False,True,False,3,732
2279,q2279,2279,a,54;181;182,False,True,False,3,818
2280,q2280,2280,a,53;179;181;182,False,True,False,4,725
2281,q2281,2281,a,52;181;182,False,True,False,3,652
2282,q2282,2282,d,54;181;182,False,True,False,3,818
2283,q2283,2283,d,52;181;182,False,True,False,3,652
2284,q2284,2284,c,52;181;182,False,True,False,3,652
2285,q2285,2285,b,58;181;182,False,True,False,3,1078
2286,q2286,2286,d,53;181;182,False,True,False,3,732
2287,q2287,2287,c,53;181;182,False,True,False,3,732
2288,q2288,2288,c,58;181;182,False,True,False,3,1078
2289,q2289,2289,b,52;179;183;184,False,True,False,4,651
2290,q2290,2290,d,58;183;184,False,True,False,3,1085
2291,q2291,2291,c,55;183;184,False,True,False,3,900
2292,q2292,2292,d,53;181;182,False,True,False,3,732
2293,q2293,2293,c,58;181;182,False,True,False,3,1078
2294,q2294,2294,c,52;181;182,False,True,False,3,652
2295,q2295,2295,c,53;183;184,False,True,False,3,746
2296,q2296,2296,d,52;183;184,False,True,False,3,667
2297,q2297,2297,c,58;179;183;184,False,True,False,4,1076
2298,q2298,2298,d,56;182;183,False,True,False,3,989
2299,q2299,2299,b,53;182;183,False,True,False,3,742
2300,q2300,2300,d,58;182;183,False,True,False,3,1083
2301,q2301,2301,c,53;183;184,False,True,False,3,746
2302,q2302,2302,d,52;183;184,False,True,False,3,667
2303,q2303,2303,c,58;183;184,False,True,False,3,1085
2304,q2304,2304,d,53;181;182,False,True,False,3,732
2305,q2305,2305,b,58;181;182,False,True,False,3,1078
2306,q2306,2306,c,55;181;182,False,True,False,3,889
2307,q2307,2307,d,56;181;182,False,True,False,3,980
2308,q2308,2308,c,58;181;182,False,True,False,3,1078
2309,q2309,2309,d,54;181;182,False,True,False,3,818
2310,q2310,2310,c,53;182;183,False,True,False,3,742
2311,q2311,2311,b,52;182;183,False,True,False,3,663
2312,q2312,2312,d,58;182;183,False,True,False,3,1083
2313,q2313,2313,b,56;181;182,False,True,False,3,980
2314,q2314,2314,d,54;181;182,False,True,False,3,818
2315,q2315,2315,a,55;181;182,False,True,False,3,889
2316,q2316,2316,c,56;181;182,False,True,False,3,980
2317,q2317,2317,b,54;179;181;182,False,True,False,4,813
2318,q2318,2318,d,54;181;182,False,True,False,3,818
2319,q2319,2319,a,53;179;183;184,False,True,False,4,729
2320,q2320,2320,d,52;183;184,False,True,False,3,667
2321,q2321,2321,d,52;183;184,False,True,False,3,667
2322,q2322,2322,b,53;182;184,False,True,False,3,744
2323,q2323,2323,c,52;179;182;184,False,True,False,4,650
2324,q2324,2324,d,55;182;184,False,True,False,3,898
2325,q2325,2325,c,53;183;184,False,True,False,3,746
2326,q2326,2326,d,52;183;184,False,True,False,3,667
2327,q2327,2327,b,52;183;184,False,True,False,3,667
2328,q2328,2328,c,53;182;183,False,True,False,3,742
2329,q2329,2329,d,54;182;183,False,True,False,3,827
2330,q2330,2330,a,54;182;183,False,True,False,3,827
2331,q2331,2331,c,53;181;182,False,True,False,3,732
2332,q2332,2332,c,55;181;182,False,True,False,3,889
2333,q2333,2333,c,54;181;182,False,True,False,3,818
2334,q2334,2334,c,53;183;184,False,True,False,3,746
2335,q2335,2335,b,55;183;184,False,True,False,3,900
2336,q2336,2336,a,54;183;184,False,True,False,3,831
2337,q2337,2337,c,52;181;182,False,True,False,3,652
2338,q2338,2338,d,54;181;182,False,True,False,3,818
2339,q2339,2339,a,52;181;182,False,True,False,3,652
2340,q2340,2340,b,53;181;182,False,True,False,3,732
2341,q2341,2341,d,53;181;182,False,True,False,3,732
2342,q2342,2342,d,54;179;181;182,False,True,False,4,813
2343,q2343,2343,c,56;181;185,False,True,False,3,986
2344,q2344,2344,b,52;181;185,False,True,False,3,660
2345,q2345,2345,b,55;181;185,False,True,False,3,895
2346,q2346,2346,b,53;183;185,False,True,False,3,748
2347,q2347,2347,a,52;183;185,False,True,False,3,669
2348,q2348,2348,c,54;183;185,False,True,False,3,833
2349,q2349,2349,a,56;181;184;185,False,True,False,4,985
2350,q2350,2350,d,52;181;184;185,False,True,False,4,659
2351,q2351,2351,c,54;181;184;185,False,True,False,4,824
2352,q2352,2352,a,53;183;184;185,False,True,False,4,747
2353,q2353,2353,d,52;183;184;185,False,True,False,4,668
2354,q2354,2354,b,54;183;184;185,False,True,False,4,832
2355,q2355,2355,b,56;183;185,False,True,False,3,994
2356,q2356,2356,a,57;183;185,False,True,False,3,1042
2357,q2357,2357,c,55;183;185,False,True,False,3,902
2358,q2358,2358,d,52;181;184,False,True,False,3,658
2359,q2359,2359,c,53;181;184,False,True,False,3,738
2360,q2360,2360,a,54;181;184,False,True,False,3,823
2361,q2361,2361,d,54;181;185,False,True,False,3,825
2362,q2362,2362,a,55;181;185,False,True,False,3,895
2363,q2363,2363,c,57;181;185,False,True,False,3,1038
2364,q2364,2364,c,53;183;185,False,True,False,3,748
2365,q2365,2365,d,52;183;185,False,True,False,3,669
2366,q2366,2366,a,55;183;185,False,True,False,3,902
2367,q2367,2367,b,52;181;185,False,True,False,3,660
2368,q2368,2368,b,52;181;185,False,True,False,3,660
2369,q2369,2369,a,54;181;185,False,True,False,3,825
2370,q2370,2370,a,53;183;184,False,True,False,3,746
2371,q2371,2371,a,52;183;184,False,True,False,3,667
2372,q2372,2372,d,54;183;184,False,True,False,3,831
2373,q2373,2373,c,53;183;185,False,True,False,3,748
2374,q2374,2374,a,52;183;185,False,True,False,3,669
2375,q2375,2375,c,58;183;185,False,True,False,3,1086
2376,q2376,2376,c,52;181;185,False,True,False,3,660
2377,q2377,2377,d,58;181;185,False,True,False,3,1080
2378,q2378,2378,b,52;181;185,False,True,False,3,660
2379,q2379,2379,a,56;183;185,False,True,False,3,994
2380,q2380,2380,d,52;183;185,False,True,False,3,669
2381,q2381,2381,c,58;183;185,False,True,False,3,1086
2382,q2382,2382,c,53;181;182,False,True,False,3,732
2383,q2383,2383,d,57;181;182,False,True,False,3,1031
2384,q2384,2384,b,55;179;181;182,False,True,False,4,885
2385,q2385,2385,d,53;181;182,False,True,False,3,732
2386,q2386,2386,c,52;181;182,False,True,False,3,652
2387,q2387,2387,a,57;181;182,False,True,False,3,1031
2388,q2388,2388,c,53;181;183;184,False,True,False,4,736
2389,q2389,2389,b,52;181;183;184,False,True,False,4,656
2390,q2390,2390,c,57;181;183;184,False,True,False,4,1034
2391,q2391,2391,c,53;181;182,False,True,False,3,732
2392,q2392,2392,d,54;181;182,False,True,False,3,818
2393,q2393,2393,b,57;179;181;182,False,True,False,4,1028
2394,q2394,2394,d,56;183;184,False,True,False,3,992
2395,q2395,2395,b,53;183;184,False,True,False,3,746
2396,q2396,2396,d,57;183;184,False,True,False,3,1040
2397,q2397,2397,c,56;183;184,False,True,False,3,992
2398,q2398,2398,b,57;183;184,False,True,False,3,1040
2399,q2399,2399,c,52;183;184,False,True,False,3,667
2400,q2400,2400,d,56;179;181;184,False,True,False,4,976
2401,q2401,2401,d,57;181;184,False,True,False,3,1036
2402,q2402,2402,b,55;181;184,False,True,False,3,894
2403,q2403,2403,d,53;182;183,False,True,False,3,742
2404,q2404,2404,d,52;182;183,False,True,False,3,663
2405,q2405,2405,a,57;182;183,False,True,False,3,1039
2406,q2406,2406,b,54;181;182;183,False,True,False,4,819
2407,q2407,2407,d,57;181;182;183,False,True,False,4,1032
2408,q2408,2408,d,55;181;182;183,False,True,False,4,890
2409,q2409,2409,c,53;181;182;184,False,True,False,4,734
2410,q2410,2410,d,57;181;182;184,False,True,False,4,1033
2411,q2411,2411,c,55;181;182;184,False,True,False,4,891
2412,q2412,2412,d,53;183;185,False,True,False,3,748
2413,q2413,2413,c,52;183;185,False,True,False,3,669
2414,q2414,2414,a,54;183;185,False,True,False,3,833
2415,q2415,2415,a,53;183;184,False,True,False,3,746
2416,q2416,2416,a,52;179;183;184,False,True,False,4,651
2417,q2417,2417,d,54;183;184,False,True,False,3,831
2418,q2418,2418,d,56;181;185,False,True,False,3,986
2419,q2419,2419,b,52;179;181;185,False,True,False,4,648
2420,q2420,2420,d,52;181;185,False,True,False,3,660
2421,q2421,2421,a,53;183;184,False,True,False,3,746
2422,q2422,2422,b,54;183;184,False,True,False,3,831
2423,q2423,2423,b,52;179;183;184,False,True,False,4,651
2424,q2424,2424,a,56;181;185,False,True,False,3,986
2425,q2425,2425,d,54;181;185,False,True,False,3,825
2426,q2426,2426,b,54;181;185,False,True,False,3,825
2427,q2427,2427,a,53;181;185,False,True,False,3,740
2428,q2428,2428,b,52;179;181;185,False,True,False,4,648
2429,q2429,2429,a,55;181;185,False,True,False,3,895
2430,q2430,2430,c,53;181;184,False,True,False,3,738
2431,q2431,2431,a,54;181;184,False,True,False,3,823
2432,q2432,2432,b,52;181;184,False,True,False,3,658
2433,q2433,2433,b,53;183;184,False,True,False,3,746
2434,q2434,2434,b,52;183;184,False,True,False,3,667
2435,q2435,2435,b,55;183;184,False,True,False,3,900
2436,q2436,2436,c,56;183;185,False,True,False,3,994
2437,q2437,2437,b,53;183;185,False,True,False,3,748
2438,q2438,2438,d,54;183;185,False,True,False,3,833
2439,q2439,2439,c,53;181;185,False,True,False,3,740
2440,q2440,2440,d,55;179;181;185,False,True,False,4,886
2441,q2441,2441,b,54;181;185,False,True,False,3,825
2442,q2442,2442,b,56;179;181;182,False,True,False,4,975
2443,q2443,2443,d,52;181;182,False,True,False,3,652
2444,q2444,2444,b,52;181;182,False,True,False,3,652
2445,q2445,2445,d,53;181;182,False,True,False,3,732
2446,q2446,2446,c,54;181;182,False,True,False,3,818
2447,q2447,2447,b,55;181;182,False,True,False,3,889
2448,q2448,2448,d,53;183;184,False,True,False,3,746
2449,q2449,2449,a,54;179;183;184,False,True,False,4,816
2450,q2450,2450,c,55;183;184,False,True,False,3,900
2451,q2451,2451,c,56;181;182,False,True,False,3,980
2452,q2452,2452,b,52;181;182,False,True,False,3,652
2453,q2453,2453,a,54;181;182,False,True,False,3,818
2454,q2454,2454,a,53;183;184,False,True,False,3,746
2455,q2455,2455,b,54;183;184,False,True,False,3,831
2456,q2456,2456,d,55;183;184,False,True,False,3,900
2457,q2457,2457,d,53;181;182,False,True,False,3,732
2458,q2458,2458,d,52;181;182,False,True,False,3,652
2459,q2459,2459,d,55;181;182,False,True,False,3,889
2460,q2460,2460,c,183;184,False,True,False,2,1493
2461,q2461,2461,a,183;184,False,True,False,2,1493
2462,q2462,2462,b,183;184,False,True,False,2,1493
2463,q2463,2463,d,56;181;184,False,True,False,3,984
2464,q2464,2464,b,53;181;184,False,True,False,3,738
2465,q2465,2465,a,54;181;184,False,True,False,3,823
2466,q2466,2466,a,52;179;181;182,False,True,False,4,645
2467,q2467,2467,d,52;181;182,False,True,False,3,652
2468,q2468,2468,b,55;181;182,False,True,False,3,889
2469,q2469,2469,a,56;181;185,False,True,False,3,986
2470,q2470,2470,b,52;181;185,False,True,False,3,660
2471,q2471,2471,c,52;181;185,False,True,False,3,660
2472,q2472,2472,a,53;181;184,False,True,False,3,738
2473,q2473,2473,c,56;181;184,False,True,False,3,984
2474,q2474,2474,b,55;181;184,False,True,False,3,894
2475,q2475,2475,d,56;181;185,False,True,False,3,986
2476,q2476,2476,c,52;181;185,False,True,False,3,660
2477,q2477,2477,c,52;181;185,False,True,False,3,660
2478,q2478,2478,c,52;181;185,False,True,False,3,660
2479,q2479,2479,b,53;181;185,False,True,False,3,740
2480,q2480,2480,d,54;181;185,False,True,False,3,825
2481,q2481,2481,d,56;183;184,False,True,False,3,992
2482,q2482,2482,d,53;183;184,False,True,False,3,746
2483,q2483,2483,b,52;183;184,False,True,False,3,667
2484,q2484,2484,a,53;181;185,False,True,False,3,740
2485,q2485,2485,b,54;181;185,False,True,False,3,825
2486,q2486,2486,c,54;181;185,False,True,False,3,825
2487,q2487,2487,c,53;183;184,False,True,False,3,746
2488,q2488,2488,c,52;183;184,False,True,False,3,667
2489,q2489,2489,b,55;183;184,False,True,False,3,900
2490,q2490,2490,b,52;183;184,False,True,False,3,667
2491,q2491,2491,a,52;183;184,False,True,False,3,667
2492,q2492,2492,d,52;183;184,False,True,False,3,667
2493,q2493,2493,b,56;181;185,False,True,False,3,986
2494,q2494,2494,b,54;181;185,False,True,False,3,825
2495,q2495,2495,a,52;181;185,False,True,False,3,660
2496,q2496,2496,c,56;183;184,False,True,False,3,992
2497,q2497,2497,b,52;183;184,False,True,False,3,667
2498,q2498,2498,b,54;183;184,False,True,False,3,831
2499,q2499,2499,a,53;179;181;182,False,True,False,4,725
2500,q2500,2500,d,52;181;182,False,True,False,3,652
2501,q2501,2501,d,54;181;182,False,True,False,3,818
2502,q2502,2502,a,53;181;182,False,True,False,3,732
2503,q2503,2503,d,52;179;181;182,False,True,False,4,645
2504,q2504,2504,b,54;181;182,False,True,False,3,818
2505,q2505,2505,b,53;183;184,False,True,False,3,746
2506,q2506,2506,c,56;183;184,False,True,False,3,992
2507,q2507,2507,a,55;183;184,False,True,False,3,900
2508,q2508,2508,b,53;179;181;182,False,True,False,4,725
2509,q2509,2509,d,53;181;182,False,True,False,3,732
2510,q2510,2510,a,55;181;182,False,True,False,3,889
2511,q2511,2511,d,56;183;184,False,True,False,3,992
2512,q2512,2512,d,53;183;184,False,True,False,3,746
2513,q2513,2513,b,54;183;184,False,True,False,3,831
2514,q2514,2514,a,53;182;183,False,True,False,3,742
2515,q2515,2515,d,52;179;182;183,False,True,False,4,649
2516,q2516,2516,b,52;182;183,False,True,False,3,663
2517,q2517,2517,b,53;181;182,False,True,False,3,732
2518,q2518,2518,c,54;181;182,False,True,False,3,818
2519,q2519,2519,a,55;181;182,False,True,False,3,889
2520,q2520,2520,a,56;183;184,False,True,False,3,992
2521,q2521,2521,a,53;183;184,False,True,False,3,746
2522,q2522,2522,d,55;183;184,False,True,False,3,900
2523,q2523,2523,c,53;181;182,False,True,False,3,732
2524,q2524,2524,c,52;181;182,False,True,False,3,652
2525,q2525,2525,b,52;181;182,False,True,False,3,652
2526,q2526,2526,c,56;181;182,False,True,False,3,980
2527,q2527,2527,b,52;181;182,False,True,False,3,652
2528,q2528,2528,a,54;179;181;182,False,True,False,4,813
2529,q2529,2529,a,53;181;182,False,True,False,3,732
2530,q2530,2530,c,55;181;182,False,True,False,3,889
2531,q2531,2531,d,54;181;182,False,True,False,3,818
2532,q2532,2532,a,182;183,False,True,False,2,1491
2533,q2533,2533,c,182;183,False,True,False,2,1491
2534,q2534,2534,c,182;183,False,True,False,2,1491
2535,q2535,2535,d,52;183;184,False,True,False,3,667
2536,q2536,2536,b,52;183;184,False,True,False,3,667
2537,q2537,2537,c,55;183;184,False,True,False,3,900
2538,q2538,2538,a,183;184,False,True,False,2,1493
2539,q2539,2539,b,183;184,False,True,False,2,1493
2540,q2540,2540,b,183;184,False,True,False,2,1493
2541,q2541,2541,c,56;183;184,False,True,False,3,992
2542,q2542,2542,d,52;183;184,False,True,False,3,667
2543,q2543,2543,a,54;183;184,False,True,False,3,831
2544,q2544,2544,b,182;183,False,True,False,2,1491
2545,q2545,2545,b,182;183,False,True,False,2,1491
2546,q2546,2546,c,182;183,False,True,False,2,1491
2547,q2547,2547,c,53;181;182,False,True,False,3,732
2548,q2548,2548,b,52;181;182,False,True,False,3,652
2549,q2549,2549,a,55;181;182,False,True,False,3,889
2550,q2550,2550,a,56;183;184,False,True,False,3,992
2551,q2551,2551,d,52;179;183;184,False,True,False,4,651
2552,q2552,2552,a,54;183;184,False,True,False,3,831
2553,q2553,2553,b,54;181;182,False,True,False,3,818
2554,q2554,2554,a,52;179;181;182,False,True,False,4,645
2555,q2555,2555,a,54;181;182,False,True,False,3,818
2556,q2556,2556,b,53;179;181;182,False,True,False,4,725
2557,q2557,2557,c,52;181;182,False,True,False,3,652
2558,q2558,2558,b,52;181;182,False,True,False,3,652
2559,q2559,2559,b,53;181;182,False,True,False,3,732
2560,q2560,2560,b,54;181;182,False,True,False,3,818
2561,q2561,2561,b,52;179;181;182,False,True,False,4,645
2562,q2562,2562,c,56;182;183,False,True,False,3,989
2563,q2563,2563,c,52;182;183,False,True,False,3,663
2564,q2564,2564,d,52;179;182;183,False,True,False,4,649
2565,q2565,2565,c,56;181;184,False,True,False,3,984
2566,q2566,2566,a,53;179;181;184,False,True,False,4,726
2567,q2567,2567,c,54;181;184,False,True,False,3,823
2568,q2568,2568,a,53;181;182,False,True,False,3,732
2569,q2569,2569,a,54;181;182,False,True,False,3,818
2570,q2570,2570,c,52;181;182,False,True,False,3,652
2571,q2571,2571,c,56;183;184,False,True,False,3,992
2572,q2572,2572,d,52;183;184,False,True,False,3,667
2573,q2573,2573,c,54;183;184,False,True,False,3,831
2574,q2574,2574,a,56;182;183,False,True,False,3,989
2575,q2575,2575,b,53;182;183,False,True,False,3,742
2576,q2576,2576,d,55;179;182;183,False,True,False,4,887
2577,q2577,2577,a,52;181;182,False,True,False,3,652
2578,q2578,2578,a,54;179;181;182,False,True,False,4,813
2579,q2579,2579,b,52;181;182,False,True,False,3,652
2580,q2580,2580,b,53;183;184,False,True,False,3,746
2581,q2581,2581,a,52;183;184,False,True,False,3,667
2582,q2582,2582,c,54;183;184,False,True,False,3,831
2583,q2583,2583,c,53;179;181;182,False,True,False,4,725
2584,q2584,2584,a,54;181;182,False,True,False,3,818
2585,q2585,2585,a,52;181;182,False,True,False,3,652
2586,q2586,2586,a,53;181;182,False,True,False,3,732
2587,q2587,2587,c,54;181;182,False,True,False,3,818
2588,q2588,2588,b,52;181;182,False,True,False,3,652
2589,q2589,2589,c,56;60;185,False,True,False,3,921
2590,q2590,2590,b,57;60;185,False,True,False,3,1010
2591,q2591,2591,a,54;60;185,False,True,False,3,766
2592,q2592,2592,c,56;64;185,False,True,False,3,946
2593,q2593,2593,c,54;64;185,False,True,False,3,788
2594,q2594,2594,d,57;64;185,False,True,False,3,1021
2595,q2595,2595,c,52;59;183,False,True,False,3,574
2596,q2596,2596,d,57;59;183,False,True,False,3,1003
2597,q2597,2597,b,54;59;183,False,True,False,3,756
2598,q2598,2598,d,56;60;181,False,True,False,3,917
2599,q2599,2599,c,57;60;181,False,True,False,3,1007
2600,q2600,2600,b,54;60;181,False,True,False,3,762
2601,q2601,2601,c,56;59;183,False,True,False,3,912
2602,q2602,2602,a,57;59;183,False,True,False,3,1003
2603,q2603,2603,a,55;59;183,False,True,False,3,842
2604,q2604,2604,a,56;64;185,False,True,False,3,946
2605,q2605,2605,d,57;64;185,False,True,False,3,1021
2606,q2606,2606,b,55;64;185,False,True,False,3,869
2607,q2607,2607,b,56;66;179;181,False,True,False,4,950
2608,q2608,2608,c,57;66;179;181,False,True,False,4,1023
2609,q2609,2609,c,52;66;179;181,False,True,False,4,618
2610,q2610,2610,d,56;64;185,False,True,False,3,946
2611,q2611,2611,c,52;64;185,False,True,False,3,614
2612,q2612,2612,c,57;64;185,False,True,False,3,1021
2613,q2613,2613,c,56;59;183,False,True,False,3,912
2614,q2614,2614,d,52;59;183,False,True,False,3,574
2615,q2615,2615,a,57;59;183,False,True,False,3,1003
2616,q2616,2616,b,53;60;181,False,True,False,3,685
2617,q2617,2617,d,57;60;181,False,True,False,3,1007
2618,q2618,2618,b,55;60;181,False,True,False,3,846
2619,q2619,2619,c,52;63;179;181,False,True,False,4,595
2620,q2620,2620,b,52;63;179;181,False,True,False,4,595
2621,q2621,2621,c,57;63;179;181,False,True,False,4,1012
2622,q2622,2622,d,53;60;179;185,False,True,False,4,684
2623,q2623,2623,c,57;60;179;185,False,True,False,4,1006
2624,q2624,2624,a,52;60;179;185,False,True,False,4,580
2625,q2625,2625,d,53;66;179;183,False,True,False,4,711
2626,q2626,2626,a,57;66;179;183,False,True,False,4,1024
2627,q2627,2627,b,55;66;179;183,False,True,False,4,872
2628,q2628,2628,c,52;64;185,False,True,False,3,614
2629,q2629,2629,d,57;64;185,False,True,False,3,1021
2630,q2630,2630,b,54;64;185,False,True,False,3,788
2631,q2631,2631,c,56;59;179;183,False,True,False,4,908
2632,q2632,2632,b,57;59;179;183,False,True,False,4,1000
2633,q2633,2633,a,55;59;179;183,False,True,False,4,838
2634,q2634,2634,b,56;60;182,False,True,False,3,918
2635,q2635,2635,a,56;60;182,False,True,False,3,918
2636,q2636,2636,a,54;60;182,False,True,False,3,763
2637,q2637,2637,c,53;66;181,False,True,False,3,713
2638,q2638,2638,a,52;66;181,False,True,False,3,622
2639,q2639,2639,d,52;66;181,False,True,False,3,622
2640,q2640,2640,c,56;59;184,False,True,False,3,913
2641,q2641,2641,a,52;59;184,False,True,False,3,575
2642,q2642,2642,a,54;59;184,False,True,False,3,757
2643,q2643,2643,b,56;60;182,False,True,False,3,918
2644,q2644,2644,b,52;60;182,False,True,False,3,582
2645,q2645,2645,c,52;60;182,False,True,False,3,582
2646,q2646,2646,b,53;63;179;183,False,True,False,4,695
2647,q2647,2647,b,52;63;179;183,False,True,False,4,597
2648,q2648,2648,d,55;63;179;183,False,True,False,4,857
2649,q2649,2649,c,52;60;179;184,False,True,False,4,579
2650,q2650,2650,d,54;60;179;184,False,True,False,4,761
2651,q2651,2651,a,54;60;179;184,False,True,False,4,761
2652,q2652,2652,b,52;67;179;182,False,True,False,4,626
2653,q2653,2653,a,52;67;179;182,False,True,False,4,626
2654,q2654,2654,a,54;67;179;182,False,True,False,4,795
2655,q2655,2655,a,53;59;183,False,True,False,3,677
2656,q2656,2656,b,56;59;183,False,True,False,3,912
2657,q2657,2657,a,54;59;183,False,True,False,3,756
2658,q2658,2658,d,53;64;181,False,True,False,3,705
2659,q2659,2659,b,56;64;181,False,True,False,3,942
2660,q2660,2660,a,52;64;181,False,True,False,3,610
2661,q2661,2661,a,53;63;183,False,True,False,3,698
2662,q2662,2662,b,54;63;183,False,True,False,3,777
2663,q2663,2663,a,55;63;183,False,True,False,3,860
2664,q2664,2664,a,56;63;179;183,False,True,False,4,931
2665,q2665,2665,b,54;63;179;183,False,True,False,4,772
2666,q2666,2666,d,52;63;179;183,False,True,False,4,597
2667,q2667,2667,d,56;64;184,False,True,False,3,945
2668,q2668,2668,c,52;64;184,False,True,False,3,613
2669,q2669,2669,a,55;64;184,False,True,False,3,868
2670,q2670,2670,b,56;68;184,False,True,False,3,967
2671,q2671,2671,b,53;68;184,False,True,False,3,721
2672,q2672,2672,a,55;68;184,False,True,False,3,880
2673,q2673,2673,d,53;60;182,False,True,False,3,686
2674,q2674,2674,a,52;60;182,False,True,False,3,582
2675,q2675,2675,a,54;60;182,False,True,False,3,763
2676,q2676,2676,d,56;66;179;184,False,True,False,4,952
2677,q2677,2677,a,52;66;179;184,False,True,False,4,620
2678,q2678,2678,a,52;66;179;184,False,True,False,4,620
2679,q2679,2679,b,53;65;181,False,True,False,3,709
2680,q2680,2680,b,52;65;181,False,True,False,3,616
2681,q2681,2681,a,54;65;181,False,True,False,3,790
2682,q2682,2682,d,56;64;179;182,False,True,False,4,938
2683,q2683,2683,d,52;64;179;182,False,True,False,4,606
2684,q2684,2684,a,54;64;179;182,False,True,False,4,781
2685,q2685,2685,d,56;63;181,False,True,False,3,933
2686,q2686,2686,c,54;63;181,False,True,False,3,775
2687,q2687,2687,d,54;63;181,False,True,False,3,775
2688,q2688,2688,d,56;63;179;181,False,True,False,4,929
2689,q2689,2689,c,52;63;179;181,False,True,False,4,595
2690,q2690,2690,a,54;63;179;181,False,True,False,4,770
2691,q2691,2691,a,53;59;185,False,True,False,3,679
2692,q2692,2692,b,52;59;185,False,True,False,3,576
2693,q2693,2693,d,52;59;185,False,True,False,3,576
2694,q2694,2694,b,56;69;179;185,False,True,False,4,968
2695,q2695,2695,c,54;69;179;185,False,True,False,4,806
2696,q2696,2696,d,52;69;179;185,False,True,False,4,639
2697,q2697,2697,a,53;63;179;181,False,True,False,4,694
2698,q2698,2698,b,52;63;179;181,False,True,False,4,595
2699,q2699,2699,c,54;63;179;181,False,True,False,4,770
2700,q2700,2700,b,56;65;185,False,True,False,3,949
2701,q2701,2701,c,52;65;185,False,True,False,3,617
2702,q2702,2702,a,54;65;185,False,True,False,3,791
2703,q2703,2703,b,56;63;183,False,True,False,3,935
2704,q2704,2704,d,52;63;183,False,True,False,3,602
2705,q2705,2705,b,52;63;183,False,True,False,3,602
2706,q2706,2706,b,56;59;184,False,True,False,3,913
2707,q2707,2707,d,52;59;184,False,True,False,3,575
2708,q2708,2708,c,52;59;184,False,True,False,3,575
2709,q2709,2709,a,56;63;181,False,True,False,3,933
2710,q2710,2710,c,52;63;181,False,True,False,3,600
2711,q2711,2711,b,52;63;181,False,True,False,3,600
2712,q2712,2712,a,183,False,False,False,1,1492
2713,q2713,2713,a,183,False,False,False,1,1492
2714,q2714,2714,d,183,False,False,False,1,1492
2715,q2715,2715,a,53;60;181,False,True,False,3,685
2716,q2716,2716,c,52;60;181,False,True,False,3,581
2717,q2717,2717,b,52;60;181,False,True,False,3,581
2718,q2718,2718,a,53;64;183,False,True,False,3,706
2719,q2719,2719,c,52;64;183,False,True,False,3,612
2720,q2720,2720,a,52;64;183,False,True,False,3,612
2721,q2721,2721,a,53;67;183,False,True,False,3,716
2722,q2722,2722,b,52;67;183,False,True,False,3,629
2723,q2723,2723,c,54;67;183,False,True,False,3,799
2724,q2724,2724,a,53;60;182,False,True,False,3,686
2725,q2725,2725,c,56;60;182,False,True,False,3,918
2726,q2726,2726,d,52;60;182,False,True,False,3,582
2727,q2727,2727,a,56;59;182,False,True,False,3,911
2728,q2728,2728,c,54;59;182,False,True,False,3,755
2729,q2729,2729,d,55;59;182,False,True,False,3,841
2730,q2730,2730,a,56;70;182,False,True,False,3,973
2731,q2731,2731,d,54;70;182,False,True,False,3,812
2732,q2732,2732,c,52;70;182,False,True,False,3,643
2733,q2733,2733,d,53;59;182,False,True,False,3,676
2734,q2734,2734,b,52;59;182,False,True,False,3,573
2735,q2735,2735,d,52;59;182,False,True,False,3,573
2736,q2736,2736,a,56;60;182,False,True,False,3,918
2737,q2737,2737,c,53;60;182,False,True,False,3,686
2738,q2738,2738,d,54;60;182,False,True,False,3,763
2739,q2739,2739,c,53;68;182,False,True,False,3,719
2740,q2740,2740,a,52;68;182,False,True,False,3,635
2741,q2741,2741,b,55;68;182,False,True,False,3,879
2742,q2742,2742,c,56;67;182,False,True,False,3,960
2743,q2743,2743,d,52;67;182,False,True,False,3,628
2744,q2744,2744,c,54;67;182,False,True,False,3,798
2745,q2745,2745,b,56;64;182,False,True,False,3,943
2746,q2746,2746,b,52;64;182,False,True,False,3,611
2747,q2747,2747,b,54;64;182,False,True,False,3,786
2748,q2748,2748,d,53;59;182,False,True,False,3,676
2749,q2749,2749,c,56;59;182,False,True,False,3,911
2750,q2750,2750,a,54;59;182,False,True,False,3,755
2751,q2751,2751,b,54;64;182,False,True,False,3,786
2752,q2752,2752,b,52;64;182,False,True,False,3,611
2753,q2753,2753,c,52;64;182,False,True,False,3,611
2754,q2754,2754,c,56;68;182,False,True,False,3,966
2755,q2755,2755,d,54;68;182,False,True,False,3,803
2756,q2756,2756,b,55;68;182,False,True,False,3,879
2757,q2757,2757,c,53;59;182,False,True,False,3,676
2758,q2758,2758,b,54;59;182,False,True,False,3,755
2759,q2759,2759,a,55;59;182,False,True,False,3,841
2760,q2760,2760,c,53;60;182,False,True,False,3,686
2761,q2761,2761,a,54;60;182,False,True,False,3,763
2762,q2762,2762,c,54;60;182,False,True,False,3,763
2763,q2763,2763,a,53;69;182,False,True,False,3,723
2764,q2764,2764,d,54;69;182,False,True,False,3,807
2765,q2765,2765,d,54;69;182,False,True,False,3,807
2766,q2766,2766,b,53;60;182,False,True,False,3,686
2767,q2767,2767,d,54;60;182,False,True,False,3,763
2768,q2768,2768,b,54;60;182,False,True,False,3,763
2769,q2769,2769,c,56;62;182,False,True,False,3,928
2770,q2770,2770,b,52;62;182,False,True,False,3,594
2771,q2771,2771,d,55;62;182,False,True,False,3,855
2772,q2772,2772,b,56;63;182,False,True,False,3,934
2773,q2773,2773,c,52;63;182,False,True,False,3,601
2774,q2774,2774,d,54;63;182,False,True,False,3,776
2775,q2775,2775,b,53;60;182,False,True,False,3,686
2776,q2776,2776,b,54;60;182,False,True,False,3,763
2777,q2777,2777,d,52;60;182,False,True,False,3,582
2778,q2778,2778,a,53;59;182,False,True,False,3,676
2779,q2779,2779,c,52;59;182,False,True,False,3,573
2780,q2780,2780,c,54;59;182,False,True,False,3,755
2781,q2781,2781,b,56;59;182,False,True,False,3,911
2782,q2782,2782,c,52;59;182,False,True,False,3,573
2783,q2783,2783,b,52;59;182,False,True,False,3,573
2784,q2784,2784,d,56;59;182,False,True,False,3,911
2785,q2785,2785,a,58;59;182,False,True,False,3,1046
2786,q2786,2786,d,52;59;182,False,True,False,3,573
2787,q2787,2787,c,56;59;182,False,True,False,3,911
2788,q2788,2788,d,58;59;182,False,True,False,3,1046
2789,q2789,2789,c,54;59;182,False,True,False,3,755
2790,q2790,2790,b,52;68;182,False,True,False,3,635
2791,q2791,2791,c,54;68;182,False,True,False,3,803
2792,q2792,2792,c,58;68;182,False,True,False,3,1070
2793,q2793,2793,d,54;67;182,False,True,False,3,798
2794,q2794,2794,c,54;67;182,False,True,False,3,798
2795,q2795,2795,c,58;67;182,False,True,False,3,1067
2796,q2796,2796,c,53;63;182,False,True,False,3,697
2797,q2797,2797,b,58;63;182,False,True,False,3,1059
2798,q2798,2798,d,54;63;182,False,True,False,3,776
2799,q2799,2799,c,56;70;182,False,True,False,3,973
2800,q2800,2800,b,52;70;182,False,True,False,3,643
2801,q2801,2801,c,52;70;182,False,True,False,3,643
2802,q2802,2802,d,53;59;182,False,True,False,3,676
2803,q2803,2803,a,52;59;182,False,True,False,3,573
2804,q2804,2804,b,54;59;182,False,True,False,3,755
2805,q2805,2805,c,56;70;182,False,True,False,3,973
2806,q2806,2806,b,56;70;182,False,True,False,3,973
2807,q2807,2807,d,55;70;182,False,True,False,3,883
2808,q2808,2808,c,56;63;182,False,True,False,3,934
2809,q2809,2809,b,54;63;182,False,True,False,3,776
2810,q2810,2810,d,52;63;182,False,True,False,3,601
2811,q2811,2811,b,53;66;182,False,True,False,3,714
2812,q2812,2812,d,52;66;182,False,True,False,3,623
2813,q2813,2813,d,55;66;182,False,True,False,3,873
2814,q2814,2814,b,52;67;182,False,True,False,3,628
2815,q2815,2815,a,54;67;182,False,True,False,3,798
2816,q2816,2816,a,52;67;182,False,True,False,3,628
2817,q2817,2817,a,56;59;182,False,True,False,3,911
2818,q2818,2818,a,52;59;182,False,True,False,3,573
2819,q2819,2819,a,52;59;182,False,True,False,3,573
2820,q2820,2820,d,53;60;182,False,True,False,3,686
2821,q2821,2821,c,56;60;182,False,True,False,3,918
2822,q2822,2822,b,54;60;182,False,True,False,3,763
2823,q2823,2823,c,54;67;182,False,True,False,3,798
2824,q2824,2824,d,52;67;182,False,True,False,3,628
2825,q2825,2825,b,52;67;182,False,True,False,3,628
2826,q2826,2826,c,56;59;182,False,True,False,3,911
2827,q2827,2827,a,52;59;182,False,True,False,3,573
2828,q2828,2828,b,54;59;182,False,True,False,3,755
2829,q2829,2829,b,53;60;183,False,True,False,3,687
2830,q2830,2830,b,52;60;183,False,True,False,3,583
2831,q2831,2831,c,52;60;183,False,True,False,3,583
2832,q2832,2832,b,53;63;181,False,True,False,3,696
2833,q2833,2833,d,52;63;181,False,True,False,3,600
2834,q2834,2834,c,54;63;181,False,True,False,3,775
2835,q2835,2835,c,53;60;183,False,True,False,3,687
2836,q2836,2836,a,52;60;183,False,True,False,3,583
2837,q2837,2837,a,54;60;183,False,True,False,3,764
2838,q2838,2838,d,53;60;184,False,True,False,3,688
2839,q2839,2839,b,52;60;184,False,True,False,3,584
2840,q2840,2840,a,54;60;184,False,True,False,3,765
2841,q2841,2841,b,53;64;179;185,False,True,False,4,704
2842,q2842,2842,d,52;64;179;185,False,True,False,4,609
2843,q2843,2843,a,54;64;179;185,False,True,False,4,784
2844,q2844,2844,b,56;59;181,False,True,False,3,910
2845,q2845,2845,d,52;59;181,False,True,False,3,572
2846,q2846,2846,c,54;59;181,False,True,False,3,754
2847,q2847,2847,c,56;64;185,False,True,False,3,946
2848,q2848,2848,a,53;64;185,False,True,False,3,708
2849,q2849,2849,d,55;64;185,False,True,False,3,869
2850,q2850,2850,c,53;60;183,False,True,False,3,687
2851,q2851,2851,d,52;60;183,False,True,False,3,583
2852,q2852,2852,a,54;60;183,False,True,False,3,764
2853,q2853,2853,c,56;59;185,False,True,False,3,914
2854,q2854,2854,c,52;59;185,False,True,False,3,576
2855,q2855,2855,a,54;59;185,False,True,False,3,758
2856,q2856,2856,a,53;64;179;183,False,True,False,4,702
2857,q2857,2857,d,52;64;179;183,False,True,False,4,607
2858,q2858,2858,d,55;64;179;183,False,True,False,4,862
2859,q2859,2859,a,53;61;179;181,False,True,False,4,690
2860,q2860,2860,b,52;61;179;181,False,True,False,4,586
2861,q2861,2861,a,55;61;179;181,False,True,False,4,850
2862,q2862,2862,a,53;60;184,False,True,False,3,688
2863,q2863,2863,a,56;60;184,False,True,False,3,920
2864,q2864,2864,a,54;60;184,False,True,False,3,765
2865,q2865,2865,a,183,False,False,False,1,1492
2866,q2866,2866,c,183,False,False,False,1,1492
2867,q2867,2867,a,183,False,False,False,1,1492
2868,q2868,2868,b,53;59;183,False,True,False,3,677
2869,q2869,2869,c,52;59;183,False,True,False,3,574
2870,q2870,2870,a,54;59;183,False,True,False,3,756
2871,q2871,2871,b,56;63;179;185,False,True,False,4,932
2872,q2872,2872,b,52;63;179;185,False,True,False,4,599
2873,q2873,2873,c,52;63;179;185,False,True,False,4,599
2874,q2874,2874,b,53;64;181,False,True,False,3,705
2875,q2875,2875,d,52;64;181,False,True,False,3,610
2876,q2876,2876,c,52;64;181,False,True,False,3,610
2877,q2877,2877,b,56;60;185,False,True,False,3,921
2878,q2878,2878,a,52;60;185,False,True,False,3,585
2879,q2879,2879,a,54;60;185,False,True,False,3,766
2880,q2880,2880,d,56;63;179;183,False,True,False,4,931
2881,q2881,2881,a,52;63;179;183,False,True,False,4,597
2882,q2882,2882,b,54;63;179;183,False,True,False,4,772
2883,q2883,2883,d,53;59;179;185,False,True,False,4,674
2884,q2884,2884,a,52;59;179;185,False,True,False,4,571
2885,q2885,2885,a,54;59;179;185,False,True,False,4,753
2886,q2886,2886,b,52;64;183,False,True,False,3,612
2887,q2887,2887,c,56;64;183,False,True,False,3,944
2888,q2888,2888,a,55;64;183,False,True,False,3,867
2889,q2889,2889,b,56;63;182,False,True,False,3,934
2890,q2890,2890,d,55;63;182,False,True,False,3,859
2891,q2891,2891,c,54;63;182,False,True,False,3,776
2892,q2892,2892,a,56;63;181,False,True,False,3,933
2893,q2893,2893,a,54;63;181,False,True,False,3,775
2894,q2894,2894,c,55;63;181,False,True,False,3,858
2895,q2895,2895,d,56;59;183,False,True,False,3,912
2896,q2896,2896,c,54;59;183,False,True,False,3,756
2897,q2897,2897,b,52;59;183,False,True,False,3,574
2898,q2898,2898,b,56;59;182,False,True,False,3,911
2899,q2899,2899,a,52;59;182,False,True,False,3,573
2900,q2900,2900,d,54;59;182,False,True,False,3,755
2901,q2901,2901,a,56;59;183,False,True,False,3,912
2902,q2902,2902,c,52;59;183,False,True,False,3,574
2903,q2903,2903,b,55;59;183,False,True,False,3,842
2904,q2904,2904,a,52;65;179;184,False,True,False,4,615
2905,q2905,2905,a,54;65;179;184,False,True,False,4,789
2906,q2906,2906,d,54;65;179;184,False,True,False,4,789
2907,q2907,2907,d,56;67;179;182,False,True,False,4,957
2908,q2908,2908,b,52;67;179;182,False,True,False,4,626
2909,q2909,2909,a,55;67;179;182,False,True,False,4,876
2910,q2910,2910,d,56;63;183,False,True,False,3,935
2911,q2911,2911,a,52;63;183,False,True,False,3,602
2912,q2912,2912,d,52;63;183,False,True,False,3,602
2913,q2913,2913,a,56;64;181,False,True,False,3,942
2914,q2914,2914,c,53;64;181,False,True,False,3,705
2915,q2915,2915,a,55;64;181,False,True,False,3,865
2916,q2916,2916,a,56;66;179;183,False,True,False,4,951
2917,q2917,2917,a,52;66;179;183,False,True,False,4,619
2918,q2918,2918,a,54;66;179;183,False,True,False,4,792
2919,q2919,2919,b,56;60;184,False,True,False,3,920
2920,q2920,2920,d,52;60;184,False,True,False,3,584
2921,q2921,2921,a,54;60;184,False,True,False,3,765
2922,q2922,2922,b,56;59;183,False,True,False,3,912
2923,q2923,2923,c,52;59;183,False,True,False,3,574
2924,q2924,2924,d,52;59;183,False,True,False,3,574
2925,q2925,2925,d,56;63;179;181,False,True,False,4,929
2926,q2926,2926,a,54;63;179;181,False,True,False,4,770
2927,q2927,2927,c,54;63;179;181,False,True,False,4,770
2928,q2928,2928,d,56;64;179;183,False,True,False,4,939
2929,q2929,2929,a,52;64;179;183,False,True,False,4,607
2930,q2930,2930,b,54;64;179;183,False,True,False,4,782
2931,q2931,2931,a,53;63;185,False,True,False,3,700
2932,q2932,2932,a,52;63;185,False,True,False,3,604
2933,q2933,2933,d,55;63;185,False,True,False,3,861
2934,q2934,2934,d,53;59;181,False,True,False,3,675
2935,q2935,2935,c,52;59;181,False,True,False,3,572
2936,q2936,2936,a,54;59;181,False,True,False,3,754
2937,q2937,2937,a,53;59;185,False,True,False,3,679
2938,q2938,2938,d,52;59;185,False,True,False,3,576
2939,q2939,2939,d,54;59;185,False,True,False,3,758
2940,q2940,2940,d,53;60;185,False,True,False,3,689
2941,q2941,2941,b,52;60;185,False,True,False,3,585
2942,q2942,2942,b,54;60;185,False,True,False,3,766
2943,q2943,2943,d,56;61;179;183,False,True,False,4,922
2944,q2944,2944,d,52;61;179;183,False,True,False,4,587
2945,q2945,2945,b,54;61;179;183,False,True,False,4,768
2946,q2946,2946,d,56;66;183,False,True,False,3,955
2947,q2947,2947,b,53;66;183,False,True,False,3,715
2948,q2948,2948,b,52;66;183,False,True,False,3,624
2949,q2949,2949,d,53;63;184,False,True,False,3,699
2950,q2950,2950,d,52;63;184,False,True,False,3,603
2951,q2951,2951,a,54;63;184,False,True,False,3,778
2952,q2952,2952,a,53;66;179;181,False,True,False,4,710
2953,q2953,2953,d,52;66;179;181,False,True,False,4,618
2954,q2954,2954,c,55;66;179;181,False,True,False,4,871
2955,q2955,2955,c,56;64;185,False,True,False,3,946
2956,q2956,2956,d,52;64;185,False,True,False,3,614
2957,q2957,2957,a,55;64;185,False,True,False,3,869
2958,q2958,2958,a,53;63;179;183,False,True,False,4,695
2959,q2959,2959,b,54;63;179;183,False,True,False,4,772
2960,q2960,2960,c,52;63;179;183,False,True,False,4,597
2961,q2961,2961,a,56;59;181,False,True,False,3,910
2962,q2962,2962,c,54;59;181,False,True,False,3,754
2963,q2963,2963,a,52;59;181,False,True,False,3,572
2964,q2964,2964,c,53;59;181,False,True,False,3,675
2965,q2965,2965,d,52;59;181,False,True,False,3,572
2966,q2966,2966,a,52;59;181,False,True,False,3,572
2967,q2967,2967,b,53;67;185,False,True,False,3,717
2968,q2968,2968,d,52;67;185,False,True,False,3,631
2969,q2969,2969,c,55;67;185,False,True,False,3,877
2970,q2970,2970,b,53;66;179;185,False,True,False,4,712
2971,q2971,2971,c,52;66;179;185,False,True,False,4,621
2972,q2972,2972,d,52;66;179;185,False,True,False,4,621
2973,q2973,2973,a,56;60;184,False,True,False,3,920
2974,q2974,2974,c,54;60;184,False,True,False,3,765
2975,q2975,2975,a,54;60;184,False,True,False,3,765
2976,q2976,2976,d,56;64;179;185,False,True,False,4,941
2977,q2977,2977,a,52;64;179;185,False,True,False,4,609
2978,q2978,2978,b,55;64;179;185,False,True,False,4,864
2979,q2979,2979,c,56;60;182,False,True,False,3,918
2980,q2980,2980,b,56;60;182,False,True,False,3,918
2981,q2981,2981,b,54;60;182,False,True,False,3,763
2982,q2982,2982,c,56;67;179;181,False,True,False,4,956
2983,q2983,2983,a,52;67;179;181,False,True,False,4,625
2984,q2984,2984,b,52;67;179;181,False,True,False,4,625
2985,q2985,2985,c,56;59;179;184,False,True,False,4,909
2986,q2986,2986,a,52;59;179;184,False,True,False,4,570
2987,q2987,2987,c,55;59;179;184,False,True,False,4,839
2988,q2988,2988,c,56;60;179;182,False,True,False,4,916
2989,q2989,2989,a,53;60;179;182,False,True,False,4,681
2990,q2990,2990,a,55;60;179;182,False,True,False,4,845
2991,q2991,2991,c,52;59;183,False,True,False,3,574
2992,q2992,2992,a,53;59;183,False,True,False,3,677
2993,q2993,2993,b,52;59;183,False,True,False,3,574
2994,q2994,2994,c,53;60;179;184,False,True,False,4,683
2995,q2995,2995,a,54;60;179;184,False,True,False,4,761
2996,q2996,2996,b,54;60;179;184,False,True,False,4,761
2997,q2997,2997,d,53;59;182,False,True,False,3,676
2998,q2998,2998,b,53;59;182,False,True,False,3,676
2999,q2999,2999,c,52;59;182,False,True,False,3,573
3000,q3000,3000,b,53;60;183,False,True,False,3,687
3001,q3001,3001,b,52;60;183,False,True,False,3,583
3002,q3002,3002,d,54;60;183,False,True,False,3,764
3003,q3003,3003,a,52;68;181,False,True,False,3,634
3004,q3004,3004,a,56;68;181,False,True,False,3,965
3005,q3005,3005,a,55;68;181,False,True,False,3,878
3006,q3006,3006,a,56;64;183,False,True,False,3,944
3007,q3007,3007,b,53;64;183,False,True,False,3,706
3008,q3008,3008,c,52;64;183,False,True,False,3,612
3009,q3009,3009,a,56;60;182,False,True,False,3,918
3010,q3010,3010,a,53;60;182,False,True,False,3,686
3011,q3011,3011,b,54;60;182,False,True,False,3,763
3012,q3012,3012,c,56;63;182,False,True,False,3,934
3013,q3013,3013,d,52;63;182,False,True,False,3,601
3014,q3014,3014,a,52;63;182,False,True,False,3,601
3015,q3015,3015,c,56;59;182,False,True,False,3,911
3016,q3016,3016,d,52;59;182,False,True,False,3,573
3017,q3017,3017,a,54;59;182,False,True,False,3,755
3018,q3018,3018,c,53;59;182,False,True,False,3,676
3019,q3019,3019,a,52;59;182,False,True,False,3,573
3020,q3020,3020,d,52;59;182,False,True,False,3,573
3021,q3021,3021,a,52;59;182,False,True,False,3,573
3022,q3022,3022,b,54;59;182,False,True,False,3,755
3023,q3023,3023,d,52;59;182,False,True,False,3,573
3024,q3024,3024,a,56;66;182,False,True,False,3,954
3025,q3025,3025,b,52;66;182,False,True,False,3,623
3026,q3026,3026,b,52;66;182,False,True,False,3,623
3027,q3027,3027,c,53;59;182,False,True,False,3,676
3028,q3028,3028,b,54;59;182,False,True,False,3,755
3029,q3029,3029,c,54;59;182,False,True,False,3,755
3030,q3030,3030,a,56;66;182,False,True,False,3,954
3031,q3031,3031,a,52;66;182,False,True,False,3,623
3032,q3032,3032,b,54;66;182,False,True,False,3,793
3033,q3033,3033,c,56;60;182,False,True,False,3,918
3034,q3034,3034,d,53;60;182,False,True,False,3,686
3035,q3035,3035,b,54;60;182,False,True,False,3,763
3036,q3036,3036,a,53;68;182,False,True,False,3,719
3037,q3037,3037,b,56;68;182,False,True,False,3,966
3038,q3038,3038,d,52;68;182,False,True,False,3,635
3039,q3039,3039,b,56;70;185,False,True,False,3,974
3040,q3040,3040,a,52;70;185,False,True,False,3,644
3041,q3041,3041,d,55;70;185,False,True,False,3,884
3042,q3042,3042,d,53;60;185,False,True,False,3,689
3043,q3043,3043,a,54;60;185,False,True,False,3,766
3044,q3044,3044,b,55;60;185,False,True,False,3,849
3045,q3045,3045,b,56;64;183,False,True,False,3,944
3046,q3046,3046,c,52;64;183,False,True,False,3,612
3047,q3047,3047,d,55;64;183,False,True,False,3,867
3048,q3048,3048,d,52;59;181,False,True,False,3,572
3049,q3049,3049,a,57;59;181,False,True,False,3,1001
3050,q3050,3050,b,52;59;181,False,True,False,3,572
3051,q3051,3051,b,56;60;181,False,True,False,3,917
3052,q3052,3052,c,57;60;181,False,True,False,3,1007
3053,q3053,3053,d,54;60;181,False,True,False,3,762
3054,q3054,3054,b,56;67;185,False,True,False,3,963
3055,q3055,3055,d,52;67;185,False,True,False,3,631
3056,q3056,3056,a,52;67;185,False,True,False,3,631
3057,q3057,3057,b,52;59;185,False,True,False,3,576
3058,q3058,3058,a,55;59;185,False,True,False,3,844
3059,q3059,3059,c,55;59;185,False,True,False,3,844
3060,q3060,3060,d,52;66;183,False,True,False,3,624
3061,q3061,3061,b,55;66;183,False,True,False,3,874
3062,q3062,3062,c,57;66;183,False,True,False,3,1025
3063,q3063,3063,c,53;60;181,False,True,False,3,685
3064,q3064,3064,d,58;60;181,False,True,False,3,1051
3065,q3065,3065,a,55;60;181,False,True,False,3,846
3066,q3066,3066,b,56;59;184,False,True,False,3,913
3067,q3067,3067,b,58;59;184,False,True,False,3,1048
3068,q3068,3068,d,55;59;184,False,True,False,3,843
3069,q3069,3069,a,56;60;179;182,False,True,False,4,916
3070,q3070,3070,c,52;60;179;182,False,True,False,4,577
3071,q3071,3071,b,58;60;179;182,False,True,False,4,1050
3072,q3072,3072,a,53;59;181,False,True,False,3,675
3073,q3073,3073,c,54;59;181,False,True,False,3,754
3074,q3074,3074,c,58;59;181,False,True,False,3,1045
3075,q3075,3075,d,56;60;184,False,True,False,3,920
3076,q3076,3076,a,52;60;184,False,True,False,3,584
3077,q3077,3077,c,58;60;184,False,True,False,3,1054
3078,q3078,3078,a,52;59;182,False,True,False,3,573
3079,q3079,3079,c,58;59;182,False,True,False,3,1046
3080,q3080,3080,b,52;59;182,False,True,False,3,573
3081,q3081,3081,a,56;64;179;183,False,True,False,4,939
3082,q3082,3082,b,52;64;179;183,False,True,False,4,607
3083,q3083,3083,b,58;64;179;183,False,True,False,4,1061
3084,q3084,3084,a,56;64;179;184,False,True,False,4,940
3085,q3085,3085,b,58;64;179;184,False,True,False,4,1062
3086,q3086,3086,d,55;64;179;184,False,True,False,4,863
3087,q3087,3087,b,53;59;182,False,True,False,3,676
3088,q3088,3088,c,52;59;182,False,True,False,3,573
3089,q3089,3089,a,58;59;182,False,True,False,3,1046
3090,q3090,3090,d,54;63;179;183,False,True,False,4,772
3091,q3091,3091,b,52;63;179;183,False,True,False,4,597
3092,q3092,3092,a,58;63;179;183,False,True,False,4,1057
3093,q3093,3093,c,52;63;181,False,True,False,3,600
3094,q3094,3094,a,52;63;181,False,True,False,3,600
3095,q3095,3095,b,58;63;181,False,True,False,3,1058
3096,q3096,3096,c,52;64;182,False,True,False,3,611
3097,q3097,3097,b,58;64;182,False,True,False,3,1063
3098,q3098,3098,b,55;64;182,False,True,False,3,866
3099,q3099,3099,b,56;60;185,False,True,False,3,921
3100,q3100,3100,c,52;60;185,False,True,False,3,585
3101,q3101,3101,c,58;60;185,False,True,False,3,1055
3102,q3102,3102,d,56;59;181,False,True,False,3,910
3103,q3103,3103,a,52;59;181,False,True,False,3,572
3104,q3104,3104,c,58;59;181,False,True,False,3,1045
3105,q3105,3105,b,56;63;185,False,True,False,3,937
3106,q3106,3106,c,58;63;185,False,True,False,3,1060
3107,q3107,3107,a,54;63;185,False,True,False,3,779
3108,q3108,3108,a,56;59;183,False,True,False,3,912
3109,q3109,3109,b,58;59;183,False,True,False,3,1047
3110,q3110,3110,d,52;59;183,False,True,False,3,574
3111,q3111,3111,a,56;60;179;181,False,True,False,4,915
3112,q3112,3112,b,53;60;179;181,False,True,False,4,680
3113,q3113,3113,c,58;60;179;181,False,True,False,4,1049
3114,q3114,3114,b,56;70;179;181,False,True,False,4,970
3115,q3115,3115,c,58;70;179;181,False,True,False,4,1074
3116,q3116,3116,c,54;70;179;181,False,True,False,4,809
3117,q3117,3117,d,56;59;183,False,True,False,3,912
3118,q3118,3118,a,52;59;183,False,True,False,3,574
3119,q3119,3119,c,58;59;183,False,True,False,3,1047
3120,q3120,3120,b,53;62;183,False,True,False,3,693
3121,q3121,3121,d,58;62;183,False,True,False,3,1056
3122,q3122,3122,c,55;62;183,False,True,False,3,856
3123,q3123,3123,d,56;60;185,False,True,False,3,921
3124,q3124,3124,c,58;60;185,False,True,False,3,1055
3125,q3125,3125,c,54;60;185,False,True,False,3,766
3126,q3126,3126,a,53;60;183,False,True,False,3,687
3127,q3127,3127,a,58;60;183,False,True,False,3,1053
3128,q3128,3128,d,54;60;183,False,True,False,3,764
3129,q3129,3129,a,56;69;184,False,True,False,3,969
3130,q3130,3130,a,52;69;184,False,True,False,3,641
3131,q3131,3131,d,54;69;184,False,True,False,3,808
3132,q3132,3132,b,56;63;184,False,True,False,3,936
3133,q3133,3133,c,54;63;184,False,True,False,3,778
3134,q3134,3134,b,52;63;184,False,True,False,3,603
3135,q3135,3135,b,53;60;184,False,True,False,3,688
3136,q3136,3136,c,52;60;184,False,True,False,3,584
3137,q3137,3137,c,54;60;184,False,True,False,3,765
3138,q3138,3138,b,56;64;184,False,True,False,3,945
3139,q3139,3139,c,52;64;184,False,True,False,3,613
3140,q3140,3140,a,52;64;184,False,True,False,3,613
3141,q3141,3141,b,53;59;184,False,True,False,3,678
3142,q3142,3142,a,52;59;184,False,True,False,3,575
3143,q3143,3143,d,54;59;184,False,True,False,3,757
3144,q3144,3144,d,56;67;184,False,True,False,3,962
3145,q3145,3145,b,52;67;184,False,True,False,3,630
3146,q3146,3146,a,54;67;184,False,True,False,3,800
3147,q3147,3147,d,56;63;184,False,True,False,3,936
3148,q3148,3148,b,52;63;184,False,True,False,3,603
3149,q3149,3149,c,54;63;184,False,True,False,3,778
3150,q3150,3150,a,53;68;184,False,True,False,3,721
3151,q3151,3151,d,52;68;184,False,True,False,3,637
3152,q3152,3152,c,52;68;184,False,True,False,3,637
3153,q3153,3153,b,53;60;184,False,True,False,3,688
3154,q3154,3154,a,56;60;184,False,True,False,3,920
3155,q3155,3155,d,54;60;184,False,True,False,3,765
3156,q3156,3156,d,56;59;184,False,True,False,3,913
3157,q3157,3157,d,52;59;184,False,True,False,3,575
3158,q3158,3158,d,54;59;184,False,True,False,3,757
3159,q3159,3159,a,56;70;181,False,True,False,3,972
3160,q3160,3160,b,54;70;181,False,True,False,3,811
3161,q3161,3161,c,55;70;181,False,True,False,3,882
3162,q3162,3162,b,53;63;182,False,True,False,3,697
3163,q3163,3163,d,52;63;182,False,True,False,3,601
3164,q3164,3164,b,52;63;182,False,True,False,3,601
3165,q3165,3165,c,56;64;183,False,True,False,3,944
3166,q3166,3166,a,52;64;183,False,True,False,3,612
3167,q3167,3167,b,52;64;183,False,True,False,3,612
3168,q3168,3168,a,53;60;183,False,True,False,3,687
3169,q3169,3169,d,57;60;183,False,True,False,3,1009
3170,q3170,3170,c,55;60;183,False,True,False,3,848
3171,q3171,3171,d,53;59;181,False,True,False,3,675
3172,q3172,3172,b,52;59;181,False,True,False,3,572
3173,q3173,3173,c,57;59;181,False,True,False,3,1001
3174,q3174,3174,a,56;59;182,False,True,False,3,911
3175,q3175,3175,b,52;59;182,False,True,False,3,573
3176,q3176,3176,b,52;59;182,False,True,False,3,573
3177,q3177,3177,b,56;64;181,False,True,False,3,942
3178,q3178,3178,b,57;64;181,False,True,False,3,1019
3179,q3179,3179,d,54;64;181,False,True,False,3,785
3180,q3180,3180,c,56;59;182,False,True,False,3,911
3181,q3181,3181,c,52;59;182,False,True,False,3,573
3182,q3182,3182,d,55;59;182,False,True,False,3,841
3183,q3183,3183,d,56;59;183,False,True,False,3,912
3184,q3184,3184,b,58;59;183,False,True,False,3,1047
3185,q3185,3185,b,55;59;183,False,True,False,3,842
3186,q3186,3186,c,58;60;181,False,True,False,3,1051
3187,q3187,3187,c,55;60;181,False,True,False,3,846
3188,q3188,3188,b,52;60;181,False,True,False,3,581
3189,q3189,3189,d,57;59;181,False,True,False,3,1001
3190,q3190,3190,a,52;59;181,False,True,False,3,572
3191,q3191,3191,c,52;59;181,False,True,False,3,572
3192,q3192,3192,a,56;64;179;182,False,True,False,4,938
3193,q3193,3193,b,57;64;179;182,False,True,False,4,1017
3194,q3194,3194,b,52;64;179;182,False,True,False,4,606
3195,q3195,3195,c,56;63;179;183,False,True,False,4,931
3196,q3196,3196,a,57;63;179;183,False,True,False,4,1013
3197,q3197,3197,b,54;63;179;183,False,True,False,4,772
3198,q3198,3198,d,53;60;179;183,False,True,False,4,682
3199,q3199,3199,b,57;60;179;183,False,True,False,4,1005
3200,q3200,3200,c,52;60;179;183,False,True,False,4,578
3201,q3201,3201,b,57;64;179;184,False,True,False,4,1018
3202,q3202,3202,c,52;64;179;184,False,True,False,4,608
3203,q3203,3203,b,55;64;179;184,False,True,False,4,863
3204,q3204,3204,b,52;63;179;181,False,True,False,4,595
3205,q3205,3205,d,54;63;179;181,False,True,False,4,770
3206,q3206,3206,a,57;63;179;181,False,True,False,4,1012
3207,q3207,3207,a,52;59;182,False,True,False,3,573
3208,q3208,3208,a,57;59;182,False,True,False,3,1002
3209,q3209,3209,b,52;59;182,False,True,False,3,573
3210,q3210,3210,a,52;60;182,False,True,False,3,582
3211,q3211,3211,d,57;60;182,False,True,False,3,1008
3212,q3212,3212,d,54;60;182,False,True,False,3,763
3213,q3213,3213,b,56;64;183,False,True,False,3,944
3214,q3214,3214,d,57;64;183,False,True,False,3,1020
3215,q3215,3215,c,54;64;183,False,True,False,3,787
3216,q3216,3216,a,53;60;181,False,True,False,3,685
3217,q3217,3217,d,57;60;181,False,True,False,3,1007
3218,q3218,3218,b,54;60;181,False,True,False,3,762
3219,q3219,3219,b,52;63;181,False,True,False,3,600
3220,q3220,3220,d,52;63;181,False,True,False,3,600
3221,q3221,3221,d,57;63;181,False,True,False,3,1014
3222,q3222,3222,a,52;70;179;182,False,True,False,4,642
3223,q3223,3223,c,52;70;179;182,False,True,False,4,642
3224,q3224,3224,c,57;70;179;182,False,True,False,4,1027
3225,q3225,3225,a,57;69;184,False,True,False,3,1026
3226,q3226,3226,d,52;69;184,False,True,False,3,641
3227,q3227,3227,c,55;69;184,False,True,False,3,881
3228,q3228,3228,c,56;59;183,False,True,False,3,912
3229,q3229,3229,a,57;59;183,False,True,False,3,1003
3230,q3230,3230,b,52;59;183,False,True,False,3,574
3231,q3231,3231,c,53;60;182,False,True,False,3,686
3232,q3232,3232,c,54;60;182,False,True,False,3,763
3233,q3233,3233,d,57;60;182,False,True,False,3,1008
3234,q3234,3234,c,56;62;179;183,False,True,False,4,926
3235,q3235,3235,b,52;62;179;183,False,True,False,4,592
3236,q3236,3236,a,57;62;179;183,False,True,False,4,1011
3237,q3237,3237,b,56;63;184,False,True,False,3,936
3238,q3238,3238,a,54;63;184,False,True,False,3,778
3239,q3239,3239,d,57;63;184,False,True,False,3,1016
3240,q3240,3240,b,57;59;181,False,True,False,3,1001
3241,q3241,3241,d,54;59;181,False,True,False,3,754
3242,q3242,3242,b,52;59;181,False,True,False,3,572
3243,q3243,3243,d,56;59;182,False,True,False,3,911
3244,q3244,3244,a,53;59;182,False,True,False,3,676
3245,q3245,3245,b,57;59;182,False,True,False,3,1002
3246,q3246,3246,c,56;59;181,False,True,False,3,910
3247,q3247,3247,a,57;59;181,False,True,False,3,1001
3248,q3248,3248,b,54;59;181,False,True,False,3,754
3249,q3249,3249,c,53;60;183,False,True,False,3,687
3250,q3250,3250,c,53;60;183,False,True,False,3,687
3251,q3251,3251,c,58;60;183,False,True,False,3,1053
3252,q3252,3252,d,56;67;179;181,False,True,False,4,956
3253,q3253,3253,c,58;67;179;181,False,True,False,4,1065
3254,q3254,3254,c,55;67;179;181,False,True,False,4,875
3255,q3255,3255,b,53;60;181,False,True,False,3,685
3256,q3256,3256,b,56;60;181,False,True,False,3,917
3257,q3257,3257,c,58;60;181,False,True,False,3,1051
3258,q3258,3258,a,53;59;182,False,True,False,3,676
3259,q3259,3259,c,54;59;182,False,True,False,3,755
3260,q3260,3260,d,58;59;182,False,True,False,3,1046
3261,q3261,3261,d,56;60;183,False,True,False,3,919
3262,q3262,3262,d,53;60;183,False,True,False,3,687
3263,q3263,3263,c,58;60;183,False,True,False,3,1053
3264,q3264,3264,c,56;67;179;184,False,True,False,4,959
3265,q3265,3265,b,54;67;179;184,False,True,False,4,797
3266,q3266,3266,c,58;67;179;184,False,True,False,4,1066
3267,q3267,3267,c,56;67;182,False,True,False,3,960
3268,q3268,3268,d,54;67;182,False,True,False,3,798
3269,q3269,3269,d,58;67;182,False,True,False,3,1067
3270,q3270,3270,d,53;60;183,False,True,False,3,687
3271,q3271,3271,c,52;60;183,False,True,False,3,583
3272,q3272,3272,b,58;60;183,False,True,False,3,1053
3273,q3273,3273,c,53;59;184,False,True,False,3,678
3274,q3274,3274,d,52;59;184,False,True,False,3,575
3275,q3275,3275,a,58;59;184,False,True,False,3,1048
3276,q3276,3276,b,53;68;183,False,True,False,3,720
3277,q3277,3277,c,52;68;183,False,True,False,3,636
3278,q3278,3278,b,58;68;183,False,True,False,3,1071
3279,q3279,3279,a,56;64;179;182,False,True,False,4,938
3280,q3280,3280,c,52;64;179;182,False,True,False,4,606
3281,q3281,3281,b,54;64;179;182,False,True,False,4,781
3282,q3282,3282,c,56;60;182,False,True,False,3,918
3283,q3283,3283,a,52;60;182,False,True,False,3,582
3284,q3284,3284,d,54;60;182,False,True,False,3,763
3285,q3285,3285,c,56;59;181,False,True,False,3,910
3286,q3286,3286,d,55;59;181,False,True,False,3,840
3287,q3287,3287,b,52;59;181,False,True,False,3,572
3288,q3288,3288,a,53;69;179;184,False,True,False,4,722
3289,q3289,3289,c,54;69;179;184,False,True,False,4,805
3290,q3290,3290,d,52;69;179;184,False,True,False,4,638
3291,q3291,3291,d,56;59;181,False,True,False,3,910
3292,q3292,3292,a,52;59;181,False,True,False,3,572
3293,q3293,3293,c,55;59;181,False,True,False,3,840
3294,q3294,3294,a,52;65;179;184,False,True,False,4,615
3295,q3295,3295,a,52;65;179;184,False,True,False,4,615
3296,q3296,3296,c,55;65;179;184,False,True,False,4,870
3297,q3297,3297,d,56;60;181,False,True,False,3,917
3298,q3298,3298,b,53;60;181,False,True,False,3,685
3299,q3299,3299,d,54;60;181,False,True,False,3,762
3300,q3300,3300,a,53;59;183,False,True,False,3,677
3301,q3301,3301,c,52;59;183,False,True,False,3,574
3302,q3302,3302,c,54;59;183,False,True,False,3,756
3303,q3303,3303,d,52;59;181,False,True,False,3,572
3304,q3304,3304,b,54;59;181,False,True,False,3,754
3305,q3305,3305,b,54;59;181,False,True,False,3,754
3306,q3306,3306,d,56;70;179;183,False,True,False,4,971
3307,q3307,3307,a,53;70;179;183,False,True,False,4,724
3308,q3308,3308,a,54;70;179;183,False,True,False,4,810
3309,q3309,3309,d,52;60;182,False,True,False,3,582
3310,q3310,3310,d,58;60;182,False,True,False,3,1052
3311,q3311,3311,b,54;60;182,False,True,False,3,763
3312,q3312,3312,a,56;60;181,False,True,False,3,917
3313,q3313,3313,c,54;60;181,False,True,False,3,762
3314,q3314,3314,b,58;60;181,False,True,False,3,1051
3315,q3315,3315,b,56;68;184,False,True,False,3,967
3316,q3316,3316,d,58;68;184,False,True,False,3,1072
3317,q3317,3317,a,55;68;184,False,True,False,3,880
3318,q3318,3318,a,53;63;182,False,True,False,3,697
3319,q3319,3319,c,52;63;182,False,True,False,3,601
3320,q3320,3320,c,58;63;182,False,True,False,3,1059
3321,q3321,3321,d,58;69;183,False,True,False,3,1073
3322,q3322,3322,a,52;69;183,False,True,False,3,640
3323,q3323,3323,c,52;69;183,False,True,False,3,640
3324,q3324,3324,a,53;59;184,False,True,False,3,678
3325,q3325,3325,c,52;59;184,False,True,False,3,575
3326,q3326,3326,a,58;59;184,False,True,False,3,1048
3327,q3327,3327,d,53;60;179;181,False,True,False,4,680
3328,q3328,3328,b,58;60;179;181,False,True,False,4,1049
3329,q3329,3329,b,54;60;179;181,False,True,False,4,759
3330,q3330,3330,b,52;59;179;183,False,True,False,4,569
3331,q3331,3331,d,58;59;179;183,False,True,False,4,1044
3332,q3332,3332,c,54;59;179;183,False,True,False,4,752
3333,q3333,3333,c,56;67;184,False,True,False,3,962
3334,q3334,3334,d,58;67;184,False,True,False,3,1069
3335,q3335,3335,a,54;67;184,False,True,False,3,800
3336,q3336,3336,c,56;59;183,False,True,False,3,912
3337,q3337,3337,a,58;59;183,False,True,False,3,1047
3338,q3338,3338,c,54;59;183,False,True,False,3,756
3339,q3339,3339,c,56;59;179;181,False,True,False,4,906
3340,q3340,3340,d,54;59;179;181,False,True,False,4,751
3341,q3341,3341,b,55;59;179;181,False,True,False,4,837
3342,q3342,3342,c,53;59;181,False,True,False,3,675
3343,q3343,3343,d,52;59;181,False,True,False,3,572
3344,q3344,3344,a,55;59;181,False,True,False,3,840
3345,q3345,3345,c,53;60;184,False,True,False,3,688
3346,q3346,3346,a,54;60;184,False,True,False,3,765
3347,q3347,3347,d,54;60;184,False,True,False,3,765
3348,q3348,3348,b,53;61;179;182,False,True,False,4,691
3349,q3349,3349,d,54;61;179;182,False,True,False,4,767
3350,q3350,3350,c,55;61;179;182,False,True,False,4,851
3351,q3351,3351,d,53;60;183,False,True,False,3,687
3352,q3352,3352,a,54;60;183,False,True,False,3,764
3353,q3353,3353,c,54;60;183,False,True,False,3,764
3354,q3354,3354,b,56;62;179;184,False,True,False,4,927
3355,q3355,3355,a,52;62;179;184,False,True,False,4,593
3356,q3356,3356,c,55;62;179;184,False,True,False,4,854
3357,q3357,3357,b,56;63;179;182,False,True,False,4,930
3358,q3358,3358,c,52;63;179;182,False,True,False,4,596
3359,q3359,3359,a,54;63;179;182,False,True,False,4,771
3360,q3360,3360,c,53;60;183,False,True,False,3,687
3361,q3361,3361,b,53;60;183,False,True,False,3,687
3362,q3362,3362,d,52;60;183,False,True,False,3,583
3363,q3363,3363,a,53;64;181,False,True,False,3,705
3364,q3364,3364,c,52;64;181,False,True,False,3,610
3365,q3365,3365,b,52;64;181,False,True,False,3,610
3366,q3366,3366,b,56;59;183,False,True,False,3,912
3367,q3367,3367,c,52;59;183,False,True,False,3,574
3368,q3368,3368,b,52;59;183,False,True,False,3,574
3369,q3369,3369,b,56;60;181,False,True,False,3,917
3370,q3370,3370,a,53;60;181,False,True,False,3,685
3371,q3371,3371,d,54;60;181,False,True,False,3,762
3372,q3372,3372,b,56;60;182,False,True,False,3,918
3373,q3373,3373,c,52;60;182,False,True,False,3,582
3374,q3374,3374,b,57;60;182,False,True,False,3,1008
3375,q3375,3375,d,53;59;183,False,True,False,3,677
3376,q3376,3376,a,52;59;183,False,True,False,3,574
3377,q3377,3377,a,55;59;183,False,True,False,3,842
3378,q3378,3378,d,53;59;183,False,True,False,3,677
3379,q3379,3379,c,52;59;183,False,True,False,3,574
3380,q3380,3380,a,54;59;183,False,True,False,3,756
3381,q3381,3381,b,56;59;181,False,True,False,3,910
3382,q3382,3382,b,52;59;181,False,True,False,3,572
3383,q3383,3383,a,55;59;181,False,True,False,3,840
3384,q3384,3384,b,53;66;182,False,True,False,3,714
3385,q3385,3385,c,54;66;182,False,True,False,3,793
3386,q3386,3386,c,52;66;182,False,True,False,3,623
3387,q3387,3387,c,53;59;181,False,True,False,3,675
3388,q3388,3388,c,57;59;181,False,True,False,3,1001
3389,q3389,3389,c,52;59;181,False,True,False,3,572
3390,q3390,3390,b,52;59;182,False,True,False,3,573
3391,q3391,3391,c,58;59;182,False,True,False,3,1046
3392,q3392,3392,d,54;59;182,False,True,False,3,755
3393,q3393,3393,b,52;67;183,False,True,False,3,629
3394,q3394,3394,c,54;67;183,False,True,False,3,799
3395,q3395,3395,c,58;67;183,False,True,False,3,1068
3396,q3396,3396,b,56;59;182,False,True,False,3,911
3397,q3397,3397,a,53;59;182,False,True,False,3,676
3398,q3398,3398,d,58;59;182,False,True,False,3,1046
3399,q3399,3399,b,56;60;181,False,True,False,3,917
3400,q3400,3400,d,53;60;181,False,True,False,3,685
3401,q3401,3401,a,55;60;181,False,True,False,3,846
3402,q3402,3402,a,56;65;179;184,False,True,False,4,947
3403,q3403,3403,d,52;65;179;184,False,True,False,4,615
3404,q3404,3404,d,54;65;179;184,False,True,False,4,789
3405,q3405,3405,a,56;59;182,False,True,False,3,911
3406,q3406,3406,b,54;59;182,False,True,False,3,755
3407,q3407,3407,c,55;59;182,False,True,False,3,841
3408,q3408,3408,a,53;60;179;183,False,True,False,4,682
3409,q3409,3409,b,52;60;179;183,False,True,False,4,578
3410,q3410,3410,d,54;60;179;183,False,True,False,4,760
3411,q3411,3411,c,53;64;184,False,True,False,3,707
3412,q3412,3412,a,52;64;184,False,True,False,3,613
3413,q3413,3413,d,52;64;184,False,True,False,3,613
3414,q3414,3414,b,56;62;179;182,False,True,False,4,925
3415,q3415,3415,a,52;62;179;182,False,True,False,4,591
3416,q3416,3416,d,52;62;179;182,False,True,False,4,591
3417,q3417,3417,b,56;60;183,False,True,False,3,919
3418,q3418,3418,a,53;60;183,False,True,False,3,687
3419,q3419,3419,c,54;60;183,False,True,False,3,764
3420,q3420,3420,b,53;59;179;181,False,True,False,4,673
3421,q3421,3421,c,54;59;179;181,False,True,False,4,751
3422,q3422,3422,a,54;59;179;181,False,True,False,4,751
3423,q3423,3423,b,56;59;183,False,True,False,3,912
3424,q3424,3424,a,52;59;183,False,True,False,3,574
3425,q3425,3425,d,52;59;183,False,True,False,3,574
3426,q3426,3426,d,56;70;182,False,True,False,3,973
3427,q3427,3427,d,54;70;182,False,True,False,3,812
3428,q3428,3428,d,56;70;182,False,True,False,3,973
3429,q3429,3429,a,56;67;182,False,True,False,3,960
3430,q3430,3430,c,52;67;182,False,True,False,3,628
3431,q3431,3431,b,52;67;182,False,True,False,3,628
3432,q3432,3432,a,56;59;182,False,True,False,3,911
3433,q3433,3433,a,52;59;182,False,True,False,3,573
3434,q3434,3434,c,54;59;182,False,True,False,3,755
3435,q3435,3435,a,56;64;182,False,True,False,3,943
3436,q3436,3436,c,54;64;182,False,True,False,3,786
3437,q3437,3437,b,52;64;182,False,True,False,3,611
3438,q3438,3438,d,56;60;182,False,True,False,3,918
3439,q3439,3439,b,54;60;182,False,True,False,3,763
3440,q3440,3440,c,54;60;182,False,True,False,3,763
3441,q3441,3441,d,56;68;182,False,True,False,3,966
3442,q3442,3442,c,52;68;182,False,True,False,3,635
3443,q3443,3443,a,52;68;182,False,True,False,3,635
3444,q3444,3444,c,56;59;182,False,True,False,3,911
3445,q3445,3445,d,52;59;182,False,True,False,3,573
3446,q3446,3446,d,52;59;182,False,True,False,3,573
3447,q3447,3447,a,53;60;182,False,True,False,3,686
3448,q3448,3448,b,54;60;182,False,True,False,3,763
3449,q3449,3449,d,52;60;182,False,True,False,3,582
3450,q3450,3450,d,56;63;182,False,True,False,3,934
3451,q3451,3451,c,52;63;182,False,True,False,3,601
3452,q3452,3452,a,52;63;182,False,True,False,3,601
3453,q3453,3453,b,56;63;182,False,True,False,3,934
3454,q3454,3454,a,52;63;182,False,True,False,3,601
3455,q3455,3455,c,54;63;182,False,True,False,3,776
3456,q3456,3456,d,53;60;181,False,True,False,3,685
3457,q3457,3457,c,52;60;181,False,True,False,3,581
3458,q3458,3458,a,54;60;181,False,True,False,3,762
3459,q3459,3459,b,56;66;179;185,False,True,False,4,953
3460,q3460,3460,c,52;66;179;185,False,True,False,4,621
3461,q3461,3461,a,52;66;179;185,False,True,False,4,621
3462,q3462,3462,a,53;60;179;183,False,True,False,4,682
3463,q3463,3463,a,52;60;179;183,False,True,False,4,578
3464,q3464,3464,a,54;60;179;183,False,True,False,4,760
3465,q3465,3465,d,52;63;179;184,False,True,False,4,598
3466,q3466,3466,c,52;63;179;184,False,True,False,4,598
3467,q3467,3467,c,54;63;179;184,False,True,False,4,773
3468,q3468,3468,b,53;59;181,False,True,False,3,675
3469,q3469,3469,a,54;59;181,False,True,False,3,754
3470,q3470,3470,a,54;59;181,False,True,False,3,754
3471,q3471,3471,a,56;60;183,False,True,False,3,919
3472,q3472,3472,b,56;60;183,False,True,False,3,919
3473,q3473,3473,a,55;60;183,False,True,False,3,848
3474,q3474,3474,b,56;68;179;183,False,True,False,4,964
3475,q3475,3475,d,52;68;179;183,False,True,False,4,633
3476,q3476,3476,d,54;68;179;183,False,True,False,4,802
3477,q3477,3477,d,56;63;179;185,False,True,False,4,932
3478,q3478,3478,b,52;63;179;185,False,True,False,4,599
3479,q3479,3479,b,54;63;179;185,False,True,False,4,774
3480,q3480,3480,c,53;64;179;184,False,True,False,4,703
3481,q3481,3481,c,52;64;179;184,False,True,False,4,608
3482,q3482,3482,b,54;64;179;184,False,True,False,4,783
3483,q3483,3483,a,56;63;179;182,False,True,False,4,930
3484,q3484,3484,c,52;63;179;182,False,True,False,4,596
3485,q3485,3485,c,52;63;179;182,False,True,False,4,596
3486,q3486,3486,c,56;60;181,False,True,False,3,917
3487,q3487,3487,a,54;60;181,False,True,False,3,762
3488,q3488,3488,c,52;60;181,False,True,False,3,581
3489,q3489,3489,a,53;59;184,False,True,False,3,678
3490,q3490,3490,d,52;59;184,False,True,False,3,575
3491,q3491,3491,a,54;59;184,False,True,False,3,757
3492,q3492,3492,b,53;60;182,False,True,False,3,686
3493,q3493,3493,d,55;60;182,False,True,False,3,847
3494,q3494,3494,a,54;60;182,False,True,False,3,763
3495,q3495,3495,b,56;59;183,False,True,False,3,912
3496,q3496,3496,a,53;59;183,False,True,False,3,677
3497,q3497,3497,d,54;59;183,False,True,False,3,756
3498,q3498,3498,c,52;59;181,False,True,False,3,572
3499,q3499,3499,b,53;59;181,False,True,False,3,675
3500,q3500,3500,a,54;59;181,False,True,False,3,754
3501,q3501,3501,d,53;68;182,False,True,False,3,719
3502,q3502,3502,a,52;68;182,False,True,False,3,635
3503,q3503,3503,d,54;68;182,False,True,False,3,803
3504,q3504,3504,b,56;60;183,False,True,False,3,919
3505,q3505,3505,d,52;60;183,False,True,False,3,583
3506,q3506,3506,a,52;60;183,False,True,False,3,583
3507,q3507,3507,d,53;68;179;181,False,True,False,4,718
3508,q3508,3508,b,52;68;179;181,False,True,False,4,632
3509,q3509,3509,b,54;68;179;181,False,True,False,4,801
3510,q3510,3510,c,56;60;183,False,True,False,3,919
3511,q3511,3511,a,54;60;183,False,True,False,3,764
3512,q3512,3512,b,52;60;183,False,True,False,3,583
3513,q3513,3513,d,56;64;182,False,True,False,3,943
3514,q3514,3514,a,52;64;182,False,True,False,3,611
3515,q3515,3515,d,54;64;182,False,True,False,3,786
3516,q3516,3516,a,56;60;179;181,False,True,False,4,915
3517,q3517,3517,b,53;60;179;181,False,True,False,4,680
3518,q3518,3518,a,54;60;179;181,False,True,False,4,759
3519,q3519,3519,c,56;59;184,False,True,False,3,913
3520,q3520,3520,b,52;59;184,False,True,False,3,575
3521,q3521,3521,a,54;59;184,False,True,False,3,757
3522,q3522,3522,b,56;63;179;182,False,True,False,4,930
3523,q3523,3523,a,52;63;179;182,False,True,False,4,596
3524,q3524,3524,d,52;63;179;182,False,True,False,4,596
3525,q3525,3525,d,53;66;179;183,False,True,False,4,711
3526,q3526,3526,b,53;66;179;183,False,True,False,4,711
3527,q3527,3527,c,54;66;179;183,False,True,False,4,792
3528,q3528,3528,c,56;65;179;184,False,True,False,4,947
3529,q3529,3529,a,52;65;179;184,False,True,False,4,615
3530,q3530,3530,b,54;65;179;184,False,True,False,4,789
3531,q3531,3531,b,56;64;182,False,True,False,3,943
3532,q3532,3532,d,52;64;182,False,True,False,3,611
3533,q3533,3533,b,54;64;182,False,True,False,3,786
3534,q3534,3534,c,53;60;183,False,True,False,3,687
3535,q3535,3535,b,52;60;183,False,True,False,3,583
3536,q3536,3536,a,55;60;183,False,True,False,3,848
3537,q3537,3537,d,53;64;179;181,False,True,False,4,701
3538,q3538,3538,b,52;64;179;181,False,True,False,4,605
3539,q3539,3539,c,54;64;179;181,False,True,False,4,780
3540,q3540,3540,c,56;67;179;183,False,True,False,4,958
3541,q3541,3541,a,52;67;179;183,False,True,False,4,627
3542,q3542,3542,b,54;67;179;183,False,True,False,4,796
3543,q3543,3543,d,56;60;181,False,True,False,3,917
3544,q3544,3544,b,57;60;181,False,True,False,3,1007
3545,q3545,3545,c,54;60;181,False,True,False,3,762
3546,q3546,3546,b,56;59;179;182,False,True,False,4,907
3547,q3547,3547,b,52;59;179;182,False,True,False,4,568
3548,q3548,3548,b,57;59;179;182,False,True,False,4,999
3549,q3549,3549,c,56;59;182,False,True,False,3,911
3550,q3550,3550,d,53;59;182,False,True,False,3,676
3551,q3551,3551,b,57;59;182,False,True,False,3,1002
3552,q3552,3552,d,53;63;183,False,True,False,3,698
3553,q3553,3553,c,55;63;183,False,True,False,3,860
3554,q3554,3554,a,57;63;183,False,True,False,3,1015
3555,q3555,3555,b,56;59;184,False,True,False,3,913
3556,q3556,3556,b,52;59;184,False,True,False,3,575
3557,q3557,3557,d,57;59;184,False,True,False,3,1004
3558,q3558,3558,d,53;60;181,False,True,False,3,685
3559,q3559,3559,b,52;60;181,False,True,False,3,581
3560,q3560,3560,c,57;60;181,False,True,False,3,1007
3561,q3561,3561,d,56;65;181,False,True,False,3,948
3562,q3562,3562,a,52;65;181,False,True,False,3,616
3563,q3563,3563,b,57;65;181,False,True,False,3,1022
3564,q3564,3564,b,56;59;179;181,False,True,False,4,906
3565,q3565,3565,c,54;59;179;181,False,True,False,4,751
3566,q3566,3566,d,57;59;179;181,False,True,False,4,998
3567,q3567,3567,c,53;64;183,False,True,False,3,706
3568,q3568,3568,b,57;64;183,False,True,False,3,1020
3569,q3569,3569,d,54;64;183,False,True,False,3,787
3570,q3570,3570,d,53;60;181,False,True,False,3,685
3571,q3571,3571,a,54;60;181,False,True,False,3,762
3572,q3572,3572,b,57;60;181,False,True,False,3,1007
3573,q3573,3573,a,56;70;182,False,True,False,3,973
3574,q3574,3574,b,52;70;182,False,True,False,3,643
3575,q3575,3575,c,52;70;182,False,True,False,3,643
3576,q3576,3576,c,53;63;182,False,True,False,3,697
3577,q3577,3577,a,56;63;182,False,True,False,3,934
3578,q3578,3578,c,52;63;182,False,True,False,3,601
3579,q3579,3579,d,53;60;182,False,True,False,3,686
3580,q3580,3580,c,56;60;182,False,True,False,3,918
3581,q3581,3581,a,54;60;182,False,True,False,3,763
3582,q3582,3582,d,56;64;182,False,True,False,3,943
3583,q3583,3583,b,56;64;182,False,True,False,3,943
3584,q3584,3584,a,52;64;182,False,True,False,3,611
3585,q3585,3585,c,56;66;182,False,True,False,3,954
3586,q3586,3586,c,52;66;182,False,True,False,3,623
3587,q3587,3587,b,52;66;182,False,True,False,3,623
3588,q3588,3588,b,56;60;182,False,True,False,3,918
3589,q3589,3589,a,52;60;182,False,True,False,3,582
3590,q3590,3590,d,54;60;182,False,True,False,3,763
3591,q3591,3591,d,52;67;182,False,True,False,3,628
3592,q3592,3592,a,52;67;182,False,True,False,3,628
3593,q3593,3593,c,54;67;182,False,True,False,3,798
3594,q3594,3594,a,53;66;182,False,True,False,3,714
3595,q3595,3595,c,52;66;182,False,True,False,3,623
3596,q3596,3596,d,54;66;182,False,True,False,3,793
3597,q3597,3597,b,53;59;182,False,True,False,3,676
3598,q3598,3598,c,52;59;182,False,True,False,3,573
3599,q3599,3599,a,54;59;182,False,True,False,3,755
3600,q3600,3600,a,56;68;182,False,True,False,3,966
3601,q3601,3601,d,52;68;182,False,True,False,3,635
3602,q3602,3602,b,52;68;182,False,True,False,3,635
3603,q3603,3603,a,74,False,False,False,1,1094
3604,q3604,3604,a,74,False,False,False,1,1094
3605,q3605,3605,b,74,False,False,False,1,1094
3606,q3606,3606,a,74,False,False,False,1,1094
3607,q3607,3607,c,74,False,False,False,1,1094
3608,q3608,3608,d,74,False,False,False,1,1094
3609,q3609,3609,b,74,False,False,False,1,1094
3610,q3610,3610,b,<UNTAGGED>,True,False,False,0,1
3611,q3611,3611,d,74,False,False,False,1,1094
3612,q3612,3612,b,<UNTAGGED>,True,False,False,0,1
3613,q3613,3613,d,74,False,False,False,1,1094
3614,q3614,3614,a,74,False,False,False,1,1094
3615,q3615,3615,b,74,False,False,False,1,1094
3616,q3616,3616,a,74,False,False,False,1,1094
3617,q3617,3617,b,74,False,False,False,1,1094
3618,q3618,3618,b,74,False,False,False,1,1094
3619,q3619,3619,c,74,False,False,False,1,1094
3620,q3620,3620,b,74,False,False,False,1,1094
3621,q3621,3621,c,74,False,False,False,1,1094
3622,q3622,3622,d,74,False,False,False,1,1094
3623,q3623,3623,b,74,False,False,False,1,1094
3624,q3624,3624,c,74,False,False,False,1,1094
3625,q3625,3625,a,74,False,False,False,1,1094
3626,q3626,3626,d,74,False,False,False,1,1094
3627,q3627,3627,c,74,False,False,False,1,1094
3628,q3628,3628,b,74,False,False,False,1,1094
3629,q3629,3629,a,74,False,False,False,1,1094
3630,q3630,3630,c,74,False,False,False,1,1094
3631,q3631,3631,a,74,False,False,False,1,1094
3632,q3632,3632,c,74,False,False,False,1,1094
3633,q3633,3633,b,74,False,False,False,1,1094
3634,q3634,3634,c,74,False,False,False,1,1094
3635,q3635,3635,a,74,False,False,False,1,1094
3636,q3636,3636,b,74,False,False,False,1,1094
3637,q3637,3637,a,74,False,False,False,1,1094
3638,q3638,3638,c,74,False,False,False,1,1094
3639,q3639,3639,d,74,False,False,False,1,1094
3640,q3640,3640,a,74,False,False,False,1,1094
3641,q3641,3641,a,74,False,False,False,1,1094
3642,q3642,3642,b,74,False,False,False,1,1094
3643,q3643,3643,a,74,False,False,False,1,1094
3644,q3644,3644,a,74,False,False,False,1,1094
3645,q3645,3645,a,74,False,False,False,1,1094
3646,q3646,3646,a,74,False,False,False,1,1094
3647,q3647,3647,b,74,False,False,False,1,1094
3648,q3648,3648,b,74,False,False,False,1,1094
3649,q3649,3649,b,74,False,False,False,1,1094
3650,q3650,3650,b,74,False,False,False,1,1094
3651,q3651,3651,b,74,False,False,False,1,1094
3652,q3652,3652,b,74,False,False,False,1,1094
3653,q3653,3653,c,74,False,False,False,1,1094
3654,q3654,3654,d,74,False,False,False,1,1094
3655,q3655,3655,a,105,False,False,False,1,1141
3656,q3656,3656,a,74,False,False,False,1,1094
3657,q3657,3657,b,74,False,False,False,1,1094
3658,q3658,3658,d,74,False,False,False,1,1094
3659,q3659,3659,a,133,False,False,False,1,1182
3660,q3660,3660,d,74,False,False,False,1,1094
3661,q3661,3661,c,74,False,False,False,1,1094
3662,q3662,3662,c,74,False,False,False,1,1094
3663,q3663,3663,c,74,False,False,False,1,1094
3664,q3664,3664,d,74,False,False,False,1,1094
3665,q3665,3665,b,144,False,False,False,1,1194
3666,q3666,3666,a,93,False,False,False,1,1127
3667,q3667,3667,a,77,False,False,False,1,1100
3668,q3668,3668,d,77,False,False,False,1,1100
3669,q3669,3669,c,77,False,False,False,1,1100
3670,q3670,3670,c,77,False,False,False,1,1100
3671,q3671,3671,a,77,False,False,False,1,1100
3672,q3672,3672,c,77,False,False,False,1,1100
3673,q3673,3673,d,77,False,False,False,1,1100
3674,q3674,3674,c,77,False,False,False,1,1100
3675,q3675,3675,c,77,False,False,False,1,1100
3676,q3676,3676,d,85,False,False,False,1,1114
3677,q3677,3677,d,85,False,False,False,1,1114
3678,q3678,3678,d,85,False,False,False,1,1114
3679,q3679,3679,d,85,False,False,False,1,1114
3680,q3680,3680,a,85,False,False,False,1,1114
3681,q3681,3681,a,85,False,False,False,1,1114
3682,q3682,3682,c,104,False,False,False,1,1140
3683,q3683,3683,a,85,False,False,False,1,1114
3684,q3684,3684,d,123,False,False,False,1,1169
3685,q3685,3685,b,85,False,False,False,1,1114
3686,q3686,3686,c,119,False,False,False,1,1162
3687,q3687,3687,c,121,False,False,False,1,1166
3688,q3688,3688,d,89,False,False,False,1,1122
3689,q3689,3689,d,89,False,False,False,1,1122
3690,q3690,3690,a,87,False,False,False,1,1118
3691,q3691,3691,a,137,False,False,False,1,1187
3692,q3692,3692,a,126,False,False,False,1,1172
3693,q3693,3693,c,85,False,False,False,1,1114
3694,q3694,3694,c,122,False,False,False,1,1167
3695,q3695,3695,b,132,False,False,False,1,1181
3696,q3696,3696,b,137,False,False,False,1,1187
3697,q3697,3697,d,122,False,False,False,1,1167
3698,q3698,3698,d,124,False,False,False,1,1170
3699,q3699,3699,a,123,False,False,False,1,1169
3700,q3700,3700,a,126,False,False,False,1,1172
3701,q3701,3701,d,85,False,False,False,1,1114
3702,q3702,3702,d,78,False,False,False,1,1102
3703,q3703,3703,a,78,False,False,False,1,1102
3704,q3704,3704,a,78,False,False,False,1,1102
3705,q3705,3705,a,78,False,False,False,1,1102
3706,q3706,3706,b,78,False,False,False,1,1102
3707,q3707,3707,b,78,False,False,False,1,1102
3708,q3708,3708,c,78,False,False,False,1,1102
3709,q3709,3709,b,78,False,False,False,1,1102
3710,q3710,3710,c,78,False,False,False,1,1102
3711,q3711,3711,b,78,False,False,False,1,1102
3712,q3712,3712,b,78,False,False,False,1,1102
3713,q3713,3713,a,78,False,False,False,1,1102
3714,q3714,3714,c,78,False,False,False,1,1102
3715,q3715,3715,b,78,False,False,False,1,1102
3716,q3716,3716,a,78,False,False,False,1,1102
3717,q3717,3717,b,78,False,False,False,1,1102
3718,q3718,3718,b,78,False,False,False,1,1102
3719,q3719,3719,b,78,False,False,False,1,1102
3720,q3720,3720,b,78,False,False,False,1,1102
3721,q3721,3721,a,78,False,False,False,1,1102
3722,q3722,3722,d,78,False,False,False,1,1102
3723,q3723,3723,b,78,False,False,False,1,1102
3724,q3724,3724,d,78,False,False,False,1,1102
3725,q3725,3725,a,78,False,False,False,1,1102
3726,q3726,3726,a,78,False,False,False,1,1102
3727,q3727,3727,d,78,False,False,False,1,1102
3728,q3728,3728,a,78,False,False,False,1,1102
3729,q3729,3729,d,78,False,False,False,1,1102
3730,q3730,3730,a,78,False,False,False,1,1102
3731,q3731,3731,a,78,False,False,False,1,1102
3732,q3732,3732,a,78,False,False,False,1,1102
3733,q3733,3733,b,78,False,False,False,1,1102
3734,q3734,3734,a,78,False,False,False,1,1102
3735,q3735,3735,a,78,False,False,False,1,1102
3736,q3736,3736,a,78,False,False,False,1,1102
3737,q3737,3737,c,78,False,False,False,1,1102
3738,q3738,3738,a,78,False,False,False,1,1102
3739,q3739,3739,a,78,False,False,False,1,1102
3740,q3740,3740,a,78,False,False,False,1,1102
3741,q3741,3741,a,78,False,False,False,1,1102
3742,q3742,3742,a,78,False,False,False,1,1102
3743,q3743,3743,a,78,False,False,False,1,1102
3744,q3744,3744,a,78,False,False,False,1,1102
3745,q3745,3745,a,78,False,False,False,1,1102
3746,q3746,3746,a,78,False,False,False,1,1102
3747,q3747,3747,a,78,False,False,False,1,1102
3748,q3748,3748,a,78,False,False,False,1,1102
3749,q3749,3749,a,78,False,False,False,1,1102
3750,q3750,3750,b,86,False,False,False,1,1116
3751,q3751,3751,a,86,False,False,False,1,1116
3752,q3752,3752,a,106,False,False,False,1,1142
3753,q3753,3753,b,86,False,False,False,1,1116
3754,q3754,3754,d,106,False,False,False,1,1142
3755,q3755,3755,c,82,False,False,False,1,1109
3756,q3756,3756,a,96,False,False,False,1,1131
3757,q3757,3757,b,86,False,False,False,1,1116
3758,q3758,3758,c,82,False,False,False,1,1109
3759,q3759,3759,a,103,False,False,False,1,1139
3760,q3760,3760,a,86,False,False,False,1,1116
3761,q3761,3761,c,106,False,False,False,1,1142
3762,q3762,3762,d,86,False,False,False,1,1116
3763,q3763,3763,d,96,False,False,False,1,1131
3764,q3764,3764,a,86,False,False,False,1,1116
3765,q3765,3765,b,86,False,False,False,1,1116
3766,q3766,3766,b,106,False,False,False,1,1142
3767,q3767,3767,c,86,False,False,False,1,1116
3768,q3768,3768,a,106,False,False,False,1,1142
3769,q3769,3769,a,86,False,False,False,1,1116
3770,q3770,3770,d,72,False,False,False,1,1091
3771,q3771,3771,a,86,False,False,False,1,1116
3772,q3772,3772,a,106,False,False,False,1,1142
3773,q3773,3773,a,86,False,False,False,1,1116
3774,q3774,3774,a,136,False,False,False,1,1186
3775,q3775,3775,a,96,False,False,False,1,1131
3776,q3776,3776,c,82,False,False,False,1,1109
3777,q3777,3777,c,103,False,False,False,1,1139
3778,q3778,3778,c,86,False,False,False,1,1116
3779,q3779,3779,d,106,False,False,False,1,1142
3780,q3780,3780,b,96,False,False,False,1,1131
3781,q3781,3781,a,86,False,False,False,1,1116
3782,q3782,3782,b,103,False,False,False,1,1139
3783,q3783,3783,b,106,False,False,False,1,1142
3784,q3784,3784,a,106,False,False,False,1,1142
3785,q3785,3785,d,82,False,False,False,1,1109
3786,q3786,3786,a,86,False,False,False,1,1116
3787,q3787,3787,b,106,False,False,False,1,1142
3788,q3788,3788,d,136,False,False,False,1,1186
3789,q3789,3789,a,86,False,False,False,1,1116
3790,q3790,3790,a,86,False,False,False,1,1116
3791,q3791,3791,c,82,False,False,False,1,1109
3792,q3792,3792,a,82,False,False,False,1,1109
3793,q3793,3793,d,82,False,False,False,1,1109
3794,q3794,3794,c,106,False,False,False,1,1142
3795,q3795,3795,a,86,False,False,False,1,1116
3796,q3796,3796,a,86,False,False,False,1,1116
3797,q3797,3797,a,86,False,False,False,1,1116
3798,q3798,3798,d,86,False,False,False,1,1116
3799,q3799,3799,d,106,False,False,False,1,1142
3800,q3800,3800,d,86,False,False,False,1,1116
3801,q3801,3801,a,82,False,False,False,1,1109
3802,q3802,3802,d,86,False,False,False,1,1116
3803,q3803,3803,b,96,False,False,False,1,1131
3804,q3804,3804,b,86,False,False,False,1,1116
3805,q3805,3805,b,103,False,False,False,1,1139
3806,q3806,3806,a,86,False,False,False,1,1116
3807,q3807,3807,c,86,False,False,False,1,1116
3808,q3808,3808,d,103,False,False,False,1,1139
3809,q3809,3809,b,103,False,False,False,1,1139
3810,q3810,3810,c,86,False,False,False,1,1116
3811,q3811,3811,b,103,False,False,False,1,1139
3812,q3812,3812,a,72,False,False,False,1,1091
3813,q3813,3813,b,86,False,False,False,1,1116
3814,q3814,3814,b,86,False,False,False,1,1116
3815,q3815,3815,d,103,False,False,False,1,1139
3816,q3816,3816,d,86,False,False,False,1,1116
3817,q3817,3817,b,106,False,False,False,1,1142
3818,q3818,3818,d,106,False,False,False,1,1142
3819,q3819,3819,d,103,False,False,False,1,1139
3820,q3820,3820,b,103,False,False,False,1,1139
3821,q3821,3821,b,86,False,False,False,1,1116
3822,q3822,3822,a,86,False,False,False,1,1116
3823,q3823,3823,c,86,False,False,False,1,1116
3824,q3824,3824,c,86,False,False,False,1,1116
3825,q3825,3825,b,86,False,False,False,1,1116
3826,q3826,3826,b,96,False,False,False,1,1131
3827,q3827,3827,a,96,False,False,False,1,1131
3828,q3828,3828,b,103,False,False,False,1,1139
3829,q3829,3829,d,82,False,False,False,1,1109
3830,q3830,3830,c,106,False,False,False,1,1142
3831,q3831,3831,b,96,False,False,False,1,1131
3832,q3832,3832,a,86,False,False,False,1,1116
3833,q3833,3833,a,82,False,False,False,1,1109
3834,q3834,3834,d,86,False,False,False,1,1116
3835,q3835,3835,b,86,False,False,False,1,1116
3836,q3836,3836,a,86,False,False,False,1,1116
3837,q3837,3837,a,86,False,False,False,1,1116
3838,q3838,3838,c,103,False,False,False,1,1139
3839,q3839,3839,a,82,False,False,False,1,1109
3840,q3840,3840,b,86,False,False,False,1,1116
3841,q3841,3841,c,106,False,False,False,1,1142
3842,q3842,3842,d,106,False,False,False,1,1142
3843,q3843,3843,c,106,False,False,False,1,1142
3844,q3844,3844,a,106,False,False,False,1,1142
3845,q3845,3845,c,106,False,False,False,1,1142
3846,q3846,3846,d,86,False,False,False,1,1116
3847,q3847,3847,a,82,False,False,False,1,1109
3848,q3848,3848,b,82,False,False,False,1,1109
3849,q3849,3849,d,74,False,False,False,1,1094
3850,q3850,3850,b,74,False,False,False,1,1094
3851,q3851,3851,b,74,False,False,False,1,1094
3852,q3852,3852,c,74,False,False,False,1,1094
3853,q3853,3853,a,74,False,False,False,1,1094
3854,q3854,3854,d,74,False,False,False,1,1094
3855,q3855,3855,d,74,False,False,False,1,1094
3856,q3856,3856,c,74,False,False,False,1,1094
3857,q3857,3857,d,74,False,False,False,1,1094
3858,q3858,3858,b,74,False,False,False,1,1094
3859,q3859,3859,b,74,False,False,False,1,1094
3860,q3860,3860,a,74,False,False,False,1,1094
3861,q3861,3861,d,74,False,False,False,1,1094
3862,q3862,3862,a,74,False,False,False,1,1094
3863,q3863,3863,c,74,False,False,False,1,1094
3864,q3864,3864,b,74,False,False,False,1,1094
3865,q3865,3865,b,74,False,False,False,1,1094
3866,q3866,3866,c,74,False,False,False,1,1094
3867,q3867,3867,d,74,False,False,False,1,1094
3868,q3868,3868,d,74,False,False,False,1,1094
3869,q3869,3869,a,74,False,False,False,1,1094
3870,q3870,3870,a,74,False,False,False,1,1094
3871,q3871,3871,a,74,False,False,False,1,1094
3872,q3872,3872,a,74,False,False,False,1,1094
3873,q3873,3873,d,74,False,False,False,1,1094
3874,q3874,3874,b,74,False,False,False,1,1094
3875,q3875,3875,c,74,False,False,False,1,1094
3876,q3876,3876,d,74,False,False,False,1,1094
3877,q3877,3877,b,74,False,False,False,1,1094
3878,q3878,3878,a,74,False,False,False,1,1094
3879,q3879,3879,a,74,False,False,False,1,1094
3880,q3880,3880,b,74,False,False,False,1,1094
3881,q3881,3881,c,74,False,False,False,1,1094
3882,q3882,3882,a,74,False,False,False,1,1094
3883,q3883,3883,b,74,False,False,False,1,1094
3884,q3884,3884,a,74,False,False,False,1,1094
3885,q3885,3885,c,74,False,False,False,1,1094
3886,q3886,3886,b,74,False,False,False,1,1094
3887,q3887,3887,b,74,False,False,False,1,1094
3888,q3888,3888,a,74,False,False,False,1,1094
3889,q3889,3889,d,74,False,False,False,1,1094
3890,q3890,3890,a,74,False,False,False,1,1094
3891,q3891,3891,c,74,False,False,False,1,1094
3892,q3892,3892,b,74,False,False,False,1,1094
3893,q3893,3893,b,74,False,False,False,1,1094
3894,q3894,3894,c,74,False,False,False,1,1094
3895,q3895,3895,d,74,False,False,False,1,1094
3896,q3896,3896,a,74,False,False,False,1,1094
3897,q3897,3897,b,74,False,False,False,1,1094
3898,q3898,3898,b,123,False,False,False,1,1169
3899,q3899,3899,a,80,False,False,False,1,1105
3900,q3900,3900,a,80,False,False,False,1,1105
3901,q3901,3901,c,83,False,False,False,1,1110
3902,q3902,3902,c,83,False,False,False,1,1110
3903,q3903,3903,b,88,False,False,False,1,1120
3904,q3904,3904,a,71,False,False,False,1,1089
3905,q3905,3905,b,83,False,False,False,1,1110
3906,q3906,3906,a,84,False,False,False,1,1112
3907,q3907,3907,c,78,False,False,False,1,1102
3908,q3908,3908,d,103,False,False,False,1,1139
3909,q3909,3909,a,124,False,False,False,1,1170
3910,q3910,3910,c,118,False,False,False,1,1161
3911,q3911,3911,d,115,False,False,False,1,1156
3912,q3912,3912,c,118,False,False,False,1,1161
3913,q3913,3913,b,74,False,False,False,1,1094
3914,q3914,3914,a,126,False,False,False,1,1172
3915,q3915,3915,c,130,False,False,False,1,1178
3916,q3916,3916,d,101,False,False,False,1,1137
3917,q3917,3917,b,81,False,False,False,1,1107
3918,q3918,3918,c,76,False,False,False,1,1098
3919,q3919,3919,a,114,False,False,False,1,1155
3920,q3920,3920,d,74,False,False,False,1,1094
3921,q3921,3921,a,132,False,False,False,1,1181
3922,q3922,3922,d,78,False,False,False,1,1102
3923,q3923,3923,a,93,False,False,False,1,1127
3924,q3924,3924,b,85,False,False,False,1,1114
3925,q3925,3925,a,93,False,False,False,1,1127
3926,q3926,3926,b,135,False,False,False,1,1185
3927,q3927,3927,b,85,False,False,False,1,1114
3928,q3928,3928,b,141,False,False,False,1,1190
3929,q3929,3929,d,94,False,False,False,1,1128
3930,q3930,3930,a,75,False,False,False,1,1096
3931,q3931,3931,c,107,False,False,False,1,1144
3932,q3932,3932,c,84,False,False,False,1,1112
3933,q3933,3933,b,84,False,False,False,1,1112
3934,q3934,3934,a,78,False,False,False,1,1102
3935,q3935,3935,a,142,False,False,False,1,1191
3936,q3936,3936,d,78,False,False,False,1,1102
3937,q3937,3937,c,103,False,False,False,1,1139
3938,q3938,3938,b,76,False,False,False,1,1098
3939,q3939,3939,c,76,False,False,False,1,1098
3940,q3940,3940,a,76,False,False,False,1,1098
3941,q3941,3941,d,76,False,False,False,1,1098
3942,q3942,3942,a,76,False,False,False,1,1098
3943,q3943,3943,d,76,False,False,False,1,1098
3944,q3944,3944,b,76,False,False,False,1,1098
3945,q3945,3945,b,76,False,False,False,1,1098
3946,q3946,3946,a,76,False,False,False,1,1098
3947,q3947,3947,b,76,False,False,False,1,1098
3948,q3948,3948,c,76,False,False,False,1,1098
3949,q3949,3949,a,76,False,False,False,1,1098
3950,q3950,3950,d,76,False,False,False,1,1098
3951,q3951,3951,a,76,False,False,False,1,1098
3952,q3952,3952,c,76,False,False,False,1,1098
3953,q3953,3953,c,76,False,False,False,1,1098
3954,q3954,3954,b,76,False,False,False,1,1098
3955,q3955,3955,c,76,False,False,False,1,1098
3956,q3956,3956,a,76,False,False,False,1,1098
3957,q3957,3957,c,76,False,False,False,1,1098
3958,q3958,3958,d,84,False,False,False,1,1112
3959,q3959,3959,d,84,False,False,False,1,1112
3960,q3960,3960,d,84,False,False,False,1,1112
3961,q3961,3961,a,80,False,False,False,1,1105
3962,q3962,3962,d,84,False,False,False,1,1112
3963,q3963,3963,b,83,False,False,False,1,1110
3964,q3964,3964,c,83,False,False,False,1,1110
3965,q3965,3965,c,83,False,False,False,1,1110
3966,q3966,3966,a,83,False,False,False,1,1110
3967,q3967,3967,d,83,False,False,False,1,1110
3968,q3968,3968,b,83,False,False,False,1,1110
3969,q3969,3969,b,83,False,False,False,1,1110
3970,q3970,3970,c,83,False,False,False,1,1110
3971,q3971,3971,b,83,False,False,False,1,1110
3972,q3972,3972,c,83,False,False,False,1,1110
3973,q3973,3973,d,83,False,False,False,1,1110
3974,q3974,3974,b,83,False,False,False,1,1110
3975,q3975,3975,c,83,False,False,False,1,1110
3976,q3976,3976,a,83,False,False,False,1,1110
3977,q3977,3977,a,83,False,False,False,1,1110
3978,q3978,3978,c,83,False,False,False,1,1110
3979,q3979,3979,b,83,False,False,False,1,1110
3980,q3980,3980,b,83,False,False,False,1,1110
3981,q3981,3981,b,83,False,False,False,1,1110
3982,q3982,3982,a,83,False,False,False,1,1110
3983,q3983,3983,c,132,False,False,False,1,1181
3984,q3984,3984,a,71,False,False,False,1,1089
3985,q3985,3985,d,132,False,False,False,1,1181
3986,q3986,3986,b,71,False,False,False,1,1089
3987,q3987,3987,a,71,False,False,False,1,1089
3988,q3988,3988,a,74,False,False,False,1,1094
3989,q3989,3989,a,77,False,False,False,1,1100
3990,q3990,3990,b,120,False,False,False,1,1164
3991,q3991,3991,a,71,False,False,False,1,1089
3992,q3992,3992,c,86,False,False,False,1,1116
3993,q3993,3993,d,74,False,False,False,1,1094
3994,q3994,3994,b,74,False,False,False,1,1094
3995,q3995,3995,a,80,False,False,False,1,1105
3996,q3996,3996,c,83,False,False,False,1,1110
3997,q3997,3997,c,103,False,False,False,1,1139
3998,q3998,3998,b,88,False,False,False,1,1120
3999,q3999,3999,c,76,False,False,False,1,1098
4000,q4000,4000,c,83,False,False,False,1,1110
4001,q4001,4001,b,118,False,False,False,1,1161
4002,q4002,4002,d,75,False,False,False,1,1096
4003,q4003,4003,a,74,False,False,False,1,1094
4004,q4004,4004,c,84,False,False,False,1,1112
4005,q4005,4005,d,71,False,False,False,1,1089
4006,q4006,4006,d,78,False,False,False,1,1102
4007,q4007,4007,c,121,False,False,False,1,1166
4008,q4008,4008,d,77,False,False,False,1,1100
4009,q4009,4009,d,85,False,False,False,1,1114
4010,q4010,4010,b,83,False,False,False,1,1110
4011,q4011,4011,b,86,False,False,False,1,1116
4012,q4012,4012,c,106,False,False,False,1,1142
4013,q4013,4013,d,76,False,False,False,1,1098
4014,q4014,4014,a,85,False,False,False,1,1114
4015,q4015,4015,c,84,False,False,False,1,1112
4016,q4016,4016,c,78,False,False,False,1,1102
4017,q4017,4017,b,80,False,False,False,1,1105
4018,q4018,4018,b,116,False,False,False,1,1158
4019,q4019,4019,b,76,False,False,False,1,1098
4020,q4020,4020,b,86,False,False,False,1,1116
4021,q4021,4021,a,98,False,False,False,1,1133
4022,q4022,4022,d,106,False,False,False,1,1142
4023,q4023,4023,d,130,False,False,False,1,1178
4024,q4024,4024,a,80,False,False,False,1,1105
4025,q4025,4025,d,76,False,False,False,1,1098
4026,q4026,4026,b,105,False,False,False,1,1141
4027,q4027,4027,a,105,False,False,False,1,1141
4028,q4028,4028,b,72,False,False,False,1,1091
4029,q4029,4029,c,135,False,False,False,1,1185
4030,q4030,4030,c,72,False,False,False,1,1091
4031,q4031,4031,b,135,False,False,False,1,1185
4032,q4032,4032,a,72,False,False,False,1,1091
4033,q4033,4033,b,135,False,False,False,1,1185
4034,q4034,4034,d,135,False,False,False,1,1185
4035,q4035,4035,d,81,False,False,False,1,1107
4036,q4036,4036,d,81,False,False,False,1,1107
4037,q4037,4037,b,81,False,False,False,1,1107
4038,q4038,4038,d,81,False,False,False,1,1107
4039,q4039,4039,b,81,False,False,False,1,1107
4040,q4040,4040,c,81,False,False,False,1,1107
4041,q4041,4041,d,81,False,False,False,1,1107
4042,q4042,4042,b,116,False,False,False,1,1158
4043,q4043,4043,c,81,False,False,False,1,1107
4044,q4044,4044,d,81,False,False,False,1,1107
4045,q4045,4045,d,133,False,False,False,1,1182
4046,q4046,4046,b,78,False,False,False,1,1102
4047,q4047,4047,a,133,False,False,False,1,1182
4048,q4048,4048,a,78,False,False,False,1,1102
4049,q4049,4049,b,78,False,False,False,1,1102
4050,q4050,4050,a,78,False,False,False,1,1102
4051,q4051,4051,b,78,False,False,False,1,1102
4052,q4052,4052,d,78,False,False,False,1,1102
4053,q4053,4053,c,74,False,False,False,1,1094
4054,q4054,4054,d,78,False,False,False,1,1102
4055,q4055,4055,a,133,False,False,False,1,1182
4056,q4056,4056,a,81,False,False,False,1,1107
4057,q4057,4057,a,121,False,False,False,1,1166
4058,q4058,4058,c,87,False,False,False,1,1118
4059,q4059,4059,a,95,False,False,False,1,1129
4060,q4060,4060,c,121,False,False,False,1,1166
4061,q4061,4061,a,90,False,False,False,1,1123
4062,q4062,4062,c,73,False,False,False,1,1092
4063,q4063,4063,a,87,False,False,False,1,1118
4064,q4064,4064,a,90,False,False,False,1,1123
4065,q4065,4065,c,95,False,False,False,1,1129
4066,q4066,4066,b,87,False,False,False,1,1118
4067,q4067,4067,c,121,False,False,False,1,1166
4068,q4068,4068,a,95,False,False,False,1,1129
4069,q4069,4069,b,121,False,False,False,1,1166
4070,q4070,4070,c,121,False,False,False,1,1166
4071,q4071,4071,b,87,False,False,False,1,1118
4072,q4072,4072,c,119,False,False,False,1,1162
4073,q4073,4073,c,120,False,False,False,1,1164
4074,q4074,4074,d,87,False,False,False,1,1118
4075,q4075,4075,c,119,False,False,False,1,1162
4076,q4076,4076,a,90,False,False,False,1,1123
4077,q4077,4077,d,120,False,False,False,1,1164
4078,q4078,4078,c,120,False,False,False,1,1164
4079,q4079,4079,c,90,False,False,False,1,1123
4080,q4080,4080,d,119,False,False,False,1,1162
4081,q4081,4081,b,119,False,False,False,1,1162
4082,q4082,4082,a,73,False,False,False,1,1092
4083,q4083,4083,c,90,False,False,False,1,1123
4084,q4084,4084,b,87,False,False,False,1,1118
4085,q4085,4085,c,119,False,False,False,1,1162
4086,q4086,4086,a,119,False,False,False,1,1162
4087,q4087,4087,c,121,False,False,False,1,1166
4088,q4088,4088,b,119,False,False,False,1,1162
4089,q4089,4089,a,119,False,False,False,1,1162
4090,q4090,4090,c,90,False,False,False,1,1123
4091,q4091,4091,a,90,False,False,False,1,1123
4092,q4092,4092,a,95,False,False,False,1,1129
4093,q4093,4093,b,122,False,False,False,1,1167
4094,q4094,4094,a,87,False,False,False,1,1118
4095,q4095,4095,c,122,False,False,False,1,1167
4096,q4096,4096,d,99,False,False,False,1,1134
4097,q4097,4097,d,88,False,False,False,1,1120
4098,q4098,4098,b,119,False,False,False,1,1162
4099,q4099,4099,b,83,False,False,False,1,1110
4100,q4100,4100,c,135,False,False,False,1,1185
4101,q4101,4101,b,121,False,False,False,1,1166
4102,q4102,4102,c,93,False,False,False,1,1127
4103,q4103,4103,c,77,False,False,False,1,1100
4104,q4104,4104,a,85,False,False,False,1,1114
4105,q4105,4105,c,71,False,False,False,1,1089
4106,q4106,4106,b,86,False,False,False,1,1116
4107,q4107,4107,a,76,False,False,False,1,1098
4108,q4108,4108,c,106,False,False,False,1,1142
4109,q4109,4109,a,84,False,False,False,1,1112
4110,q4110,4110,a,74,False,False,False,1,1094
4111,q4111,4111,b,87,False,False,False,1,1118
4112,q4112,4112,c,85,False,False,False,1,1114
4113,q4113,4113,b,105,False,False,False,1,1141
4114,q4114,4114,a,76,False,False,False,1,1098
4115,q4115,4115,b,87,False,False,False,1,1118
4116,q4116,4116,b,83,False,False,False,1,1110
4117,q4117,4117,d,74,False,False,False,1,1094
4118,q4118,4118,b,86,False,False,False,1,1116
4119,q4119,4119,a,85,False,False,False,1,1114
4120,q4120,4120,c,77,False,False,False,1,1100
4121,q4121,4121,b,85,False,False,False,1,1114
4122,q4122,4122,d,113,False,False,False,1,1153
4123,q4123,4123,b,85,False,False,False,1,1114
4124,q4124,4124,a,72,False,False,False,1,1091
4125,q4125,4125,c,83,False,False,False,1,1110
4126,q4126,4126,a,84,False,False,False,1,1112
4127,q4127,4127,a,94,False,False,False,1,1128
4128,q4128,4128,b,76,False,False,False,1,1098
4129,q4129,4129,a,77,False,False,False,1,1100
4130,q4130,4130,b,74,False,False,False,1,1094
4131,q4131,4131,c,134,False,False,False,1,1183
4132,q4132,4132,a,81,False,False,False,1,1107
4133,q4133,4133,c,76,False,False,False,1,1098
4134,q4134,4134,a,83,False,False,False,1,1110
4135,q4135,4135,b,77,False,False,False,1,1100
4136,q4136,4136,c,85,False,False,False,1,1114
4137,q4137,4137,a,88,False,False,False,1,1120
4138,q4138,4138,c,135,False,False,False,1,1185
4139,q4139,4139,b,74,False,False,False,1,1094
4140,q4140,4140,d,85,False,False,False,1,1114
4141,q4141,4141,c,85,False,False,False,1,1114
4142,q4142,4142,c,119,False,False,False,1,1162
4143,q4143,4143,d,76,False,False,False,1,1098
4144,q4144,4144,d,71,False,False,False,1,1089
4145,q4145,4145,c,85,False,False,False,1,1114
4146,q4146,4146,a,79,False,False,False,1,1104
4147,q4147,4147,c,98,False,False,False,1,1133
4148,q4148,4148,b,74,False,False,False,1,1094
4149,q4149,4149,c,86,False,False,False,1,1116
4150,q4150,4150,c,71,False,False,False,1,1089
4151,q4151,4151,a,76,False,False,False,1,1098
4152,q4152,4152,a,76,False,False,False,1,1098
4153,q4153,4153,b,88,False,False,False,1,1120
4154,q4154,4154,b,84,False,False,False,1,1112
4155,q4155,4155,d,78,False,False,False,1,1102
4156,q4156,4156,a,85,False,False,False,1,1114
4157,q4157,4157,d,92,False,False,False,1,1126
4158,q4158,4158,b,102,False,False,False,1,1138
4159,q4159,4159,b,119,False,False,False,1,1162
4160,q4160,4160,d,94,False,False,False,1,1128
4161,q4161,4161,a,101,False,False,False,1,1137
4162,q4162,4162,d,84,False,False,False,1,1112
4163,q4163,4163,b,75,False,False,False,1,1096
4164,q4164,4164,b,74,False,False,False,1,1094
4165,q4165,4165,c,78,False,False,False,1,1102
4166,q4166,4166,b,145,False,False,False,1,1195
4167,q4167,4167,c,81,False,False,False,1,1107
4168,q4168,4168,a,76,False,False,False,1,1098
4169,q4169,4169,d,77,False,False,False,1,1100
4170,q4170,4170,c,106,False,False,False,1,1142
4171,q4171,4171,b,84,False,False,False,1,1112
4172,q4172,4172,d,144,False,False,False,1,1194
4173,q4173,4173,b,74,False,False,False,1,1094
4174,q4174,4174,d,85,False,False,False,1,1114
4175,q4175,4175,a,72,False,False,False,1,1091
4176,q4176,4176,c,122,False,False,False,1,1167
4177,q4177,4177,c,88,False,False,False,1,1120
4178,q4178,4178,b,75,False,False,False,1,1096
4179,q4179,4179,b,84,False,False,False,1,1112
4180,q4180,4180,c,86,False,False,False,1,1116
4181,q4181,4181,b,135,False,False,False,1,1185
4182,q4182,4182,d,76,False,False,False,1,1098
4183,q4183,4183,b,74,False,False,False,1,1094
4184,q4184,4184,d,71,False,False,False,1,1089
4185,q4185,4185,b,83,False,False,False,1,1110
4186,q4186,4186,c,71,False,False,False,1,1089
4187,q4187,4187,d,72,False,False,False,1,1091
4188,q4188,4188,d,118,False,False,False,1,1161
4189,q4189,4189,c,81,False,False,False,1,1107
4190,q4190,4190,a,76,False,False,False,1,1098
4191,q4191,4191,d,77,False,False,False,1,1100
4192,q4192,4192,c,106,False,False,False,1,1142
4193,q4193,4193,a,85,False,False,False,1,1114
4194,q4194,4194,a,85,False,False,False,1,1114
4195,q4195,4195,a,84,False,False,False,1,1112
4196,q4196,4196,d,92,False,False,False,1,1126
4197,q4197,4197,d,84,False,False,False,1,1112
4198,q4198,4198,c,77,False,False,False,1,1100
4199,q4199,4199,b,124,False,False,False,1,1170
4200,q4200,4200,a,101,False,False,False,1,1137
4201,q4201,4201,b,74,False,False,False,1,1094
4202,q4202,4202,b,76,False,False,False,1,1098
4203,q4203,4203,c,83,False,False,False,1,1110
4204,q4204,4204,b,86,False,False,False,1,1116
4205,q4205,4205,b,75,False,False,False,1,1096
4206,q4206,4206,c,85,False,False,False,1,1114
4207,q4207,4207,b,78,False,False,False,1,1102
4208,q4208,4208,d,106,False,False,False,1,1142
4209,q4209,4209,b,84,False,False,False,1,1112
4210,q4210,4210,d,107,False,False,False,1,1144
4211,q4211,4211,c,84,False,False,False,1,1112
4212,q4212,4212,a,80,False,False,False,1,1105
4213,q4213,4213,c,119,False,False,False,1,1162
4214,q4214,4214,b,76,False,False,False,1,1098
4215,q4215,4215,c,85,False,False,False,1,1114
4216,q4216,4216,a,71,False,False,False,1,1089
4217,q4217,4217,b,71,False,False,False,1,1089
4218,q4218,4218,c,71,False,False,False,1,1089
4219,q4219,4219,d,71,False,False,False,1,1089
4220,q4220,4220,c,132,False,False,False,1,1181
4221,q4221,4221,b,71,False,False,False,1,1089
4222,q4222,4222,a,71,False,False,False,1,1089
4223,q4223,4223,b,71,False,False,False,1,1089
4224,q4224,4224,c,71,False,False,False,1,1089
4225,q4225,4225,d,71,False,False,False,1,1089
4226,q4226,4226,c,71,False,False,False,1,1089
4227,q4227,4227,b,71,False,False,False,1,1089
4228,q4228,4228,a,71,False,False,False,1,1089
4229,q4229,4229,b,71,False,False,False,1,1089
4230,q4230,4230,c,71,False,False,False,1,1089
4231,q4231,4231,d,71,False,False,False,1,1089
4232,q4232,4232,c,71,False,False,False,1,1089
4233,q4233,4233,b,71,False,False,False,1,1089
4234,q4234,4234,a,71,False,False,False,1,1089
4235,q4235,4235,c,71,False,False,False,1,1089
4236,q4236,4236,a,86,False,False,False,1,1116
4237,q4237,4237,c,86,False,False,False,1,1116
4238,q4238,4238,b,103,False,False,False,1,1139
4239,q4239,4239,c,96,False,False,False,1,1131
4240,q4240,4240,d,96,False,False,False,1,1131
4241,q4241,4241,c,<UNTAGGED>,True,False,False,0,1
4242,q4242,4242,b,86,False,False,False,1,1116
4243,q4243,4243,a,106,False,False,False,1,1142
4244,q4244,4244,b,96,False,False,False,1,1131
4245,q4245,4245,c,106,False,False,False,1,1142
4246,q4246,4246,c,86,False,False,False,1,1116
4247,q4247,4247,b,106,False,False,False,1,1142
4248,q4248,4248,a,82,False,False,False,1,1109
4249,q4249,4249,b,86,False,False,False,1,1116
4250,q4250,4250,c,96,False,False,False,1,1131
4251,q4251,4251,d,106,False,False,False,1,1142
4252,q4252,4252,c,86,False,False,False,1,1116
4253,q4253,4253,b,86,False,False,False,1,1116
4254,q4254,4254,a,86,False,False,False,1,1116
4255,q4255,4255,c,106,False,False,False,1,1142
4256,q4256,4256,b,86,False,False,False,1,1116
4257,q4257,4257,b,106,False,False,False,1,1142
4258,q4258,4258,c,86,False,False,False,1,1116
4259,q4259,4259,c,86,False,False,False,1,1116
4260,q4260,4260,d,86,False,False,False,1,1116
4261,q4261,4261,b,106,False,False,False,1,1142
4262,q4262,4262,a,96,False,False,False,1,1131
4263,q4263,4263,b,86,False,False,False,1,1116
4264,q4264,4264,c,86,False,False,False,1,1116
4265,q4265,4265,a,98,False,False,False,1,1133
4266,q4266,4266,b,84,False,False,False,1,1112
4267,q4267,4267,c,84,False,False,False,1,1112
4268,q4268,4268,d,98,False,False,False,1,1133
4269,q4269,4269,c,98,False,False,False,1,1133
4270,q4270,4270,b,98,False,False,False,1,1133
4271,q4271,4271,a,98,False,False,False,1,1133
4272,q4272,4272,c,89,False,False,False,1,1122
4273,q4273,4273,c,85,False,False,False,1,1114
4274,q4274,4274,c,74,False,False,False,1,1094
4275,q4275,4275,b,103,False,False,False,1,1139
4276,q4276,4276,c,135,False,False,False,1,1185
4277,q4277,4277,b,73,False,False,False,1,1092
4278,q4278,4278,a,74,False,False,False,1,1094
4279,q4279,4279,c,74,False,False,False,1,1094
4280,q4280,4280,a,83,False,False,False,1,1110
4281,q4281,4281,d,76,False,False,False,1,1098
4282,q4282,4282,c,129,False,False,False,1,1176
4283,q4283,4283,b,83,False,False,False,1,1110
4284,q4284,4284,b,85,False,False,False,1,1114
4285,q4285,4285,c,119,False,False,False,1,1162
4286,q4286,4286,a,84,False,False,False,1,1112
4287,q4287,4287,b,80,False,False,False,1,1105
4288,q4288,4288,d,94,False,False,False,1,1128
4289,q4289,4289,c,78,False,False,False,1,1102
4290,q4290,4290,d,103,False,False,False,1,1139
4291,q4291,4291,a,84,False,False,False,1,1112
4292,q4292,4292,b,83,False,False,False,1,1110
4293,q4293,4293,b,85,False,False,False,1,1114
4294,q4294,4294,c,119,False,False,False,1,1162
4295,q4295,4295,a,85,False,False,False,1,1114
4296,q4296,4296,d,94,False,False,False,1,1128
4297,q4297,4297,c,125,False,False,False,1,1171
4298,q4298,4298,a,80,False,False,False,1,1105
4299,q4299,4299,d,82,False,False,False,1,1109
4300,q4300,4300,d,138,False,False,False,1,1188
4301,q4301,4301,b,77,False,False,False,1,1100
4302,q4302,4302,c,83,False,False,False,1,1110
4303,q4303,4303,b,77,False,False,False,1,1100
4304,q4304,4304,c,113,False,False,False,1,1153
4305,q4305,4305,a,74,False,False,False,1,1094
4306,q4306,4306,d,83,False,False,False,1,1110
4307,q4307,4307,b,83,False,False,False,1,1110
4308,q4308,4308,c,114,False,False,False,1,1155
4309,q4309,4309,a,98,False,False,False,1,1133
4310,q4310,4310,a,86,False,False,False,1,1116
4311,q4311,4311,d,77,False,False,False,1,1100
4312,q4312,4312,c,98,False,False,False,1,1133
4313,q4313,4313,c,100,False,False,False,1,1136
4314,q4314,4314,a,83,False,False,False,1,1110
4315,q4315,4315,c,84,False,False,False,1,1112
4316,q4316,4316,c,101,False,False,False,1,1137
4317,q4317,4317,c,100,False,False,False,1,1136
4318,q4318,4318,d,91,False,False,False,1,1125
4319,q4319,4319,a,101,False,False,False,1,1137
4320,q4320,4320,b,101,False,False,False,1,1137
4321,q4321,4321,a,102,False,False,False,1,1138
4322,q4322,4322,d,76,False,False,False,1,1098
4323,q4323,4323,c,76,False,False,False,1,1098
4324,q4324,4324,a,76,False,False,False,1,1098
4325,q4325,4325,c,76,False,False,False,1,1098
4326,q4326,4326,c,76,False,False,False,1,1098
4327,q4327,4327,c,76,False,False,False,1,1098
4328,q4328,4328,a,76,False,False,False,1,1098
4329,q4329,4329,a,83,False,False,False,1,1110
4330,q4330,4330,b,83,False,False,False,1,1110
4331,q4331,4331,b,83,False,False,False,1,1110
4332,q4332,4332,a,83,False,False,False,1,1110
4333,q4333,4333,b,83,False,False,False,1,1110
4334,q4334,4334,a,83,False,False,False,1,1110
4335,q4335,4335,d,83,False,False,False,1,1110
4336,q4336,4336,a,83,False,False,False,1,1110
4337,q4337,4337,b,83,False,False,False,1,1110
4338,q4338,4338,b,83,False,False,False,1,1110
4339,q4339,4339,b,84,False,False,False,1,1112
4340,q4340,4340,a,98,False,False,False,1,1133
4341,q4341,4341,c,98,False,False,False,1,1133
4342,q4342,4342,d,86,False,False,False,1,1116
4343,q4343,4343,b,83,False,False,False,1,1110
4344,q4344,4344,c,103,False,False,False,1,1139
4345,q4345,4345,a,98,False,False,False,1,1133
4346,q4346,4346,c,104,False,False,False,1,1140
4347,q4347,4347,a,105,False,False,False,1,1141
4348,q4348,4348,a,71,False,False,False,1,1089
4349,q4349,4349,d,71,False,False,False,1,1089
4350,q4350,4350,a,78,False,False,False,1,1102
4351,q4351,4351,d,84,False,False,False,1,1112
4352,q4352,4352,a,106,False,False,False,1,1142
4353,q4353,4353,c,107,False,False,False,1,1144
4354,q4354,4354,a,98,False,False,False,1,1133
4355,q4355,4355,d,78,False,False,False,1,1102
4356,q4356,4356,a,78,False,False,False,1,1102
4357,q4357,4357,b,84,False,False,False,1,1112
4358,q4358,4358,a,71,False,False,False,1,1089
4359,q4359,4359,a,77,False,False,False,1,1100
4360,q4360,4360,d,103,False,False,False,1,1139
4361,q4361,4361,a,71,False,False,False,1,1089
4362,q4362,4362,b,71,False,False,False,1,1089
4363,q4363,4363,a,82,False,False,False,1,1109
4364,q4364,4364,b,98,False,False,False,1,1133
4365,q4365,4365,c,71,False,False,False,1,1089
4366,q4366,4366,b,103,False,False,False,1,1139
4367,q4367,4367,c,98,False,False,False,1,1133
4368,q4368,4368,a,98,False,False,False,1,1133
4369,q4369,4369,c,98,False,False,False,1,1133
4370,q4370,4370,d,84,False,False,False,1,1112
4371,q4371,4371,a,84,False,False,False,1,1112
4372,q4372,4372,a,98,False,False,False,1,1133
4373,q4373,4373,c,98,False,False,False,1,1133
4374,q4374,4374,a,98,False,False,False,1,1133
4375,q4375,4375,b,98,False,False,False,1,1133
4376,q4376,4376,b,84,False,False,False,1,1112
4377,q4377,4377,d,98,False,False,False,1,1133
4378,q4378,4378,b,84,False,False,False,1,1112
4379,q4379,4379,a,98,False,False,False,1,1133
4380,q4380,4380,b,98,False,False,False,1,1133
4381,q4381,4381,b,98,False,False,False,1,1133
4382,q4382,4382,d,98,False,False,False,1,1133
4383,q4383,4383,b,84,False,False,False,1,1112
4384,q4384,4384,d,98,False,False,False,1,1133
4385,q4385,4385,a,98,False,False,False,1,1133
4386,q4386,4386,c,98,False,False,False,1,1133
4387,q4387,4387,c,98,False,False,False,1,1133
4388,q4388,4388,b,98,False,False,False,1,1133
4389,q4389,4389,d,98,False,False,False,1,1133
4390,q4390,4390,b,84,False,False,False,1,1112
4391,q4391,4391,c,98,False,False,False,1,1133
4392,q4392,4392,d,98,False,False,False,1,1133
4393,q4393,4393,a,84,False,False,False,1,1112
4394,q4394,4394,c,84,False,False,False,1,1112
4395,q4395,4395,c,84,False,False,False,1,1112
4396,q4396,4396,a,104,False,False,False,1,1140
4397,q4397,4397,a,98,False,False,False,1,1133
4398,q4398,4398,d,98,False,False,False,1,1133
4399,q4399,4399,a,104,False,False,False,1,1140
4400,q4400,4400,b,98,False,False,False,1,1133
4401,q4401,4401,d,98,False,False,False,1,1133
4402,q4402,4402,a,137,False,False,False,1,1187
4403,q4403,4403,b,137,False,False,False,1,1187
4404,q4404,4404,a,98,False,False,False,1,1133
4405,q4405,4405,d,98,False,False,False,1,1133
4406,q4406,4406,a,98,False,False,False,1,1133
4407,q4407,4407,d,98,False,False,False,1,1133
4408,q4408,4408,c,84,False,False,False,1,1112
4409,q4409,4409,d,98,False,False,False,1,1133
4410,q4410,4410,b,98,False,False,False,1,1133
4411,q4411,4411,a,84,False,False,False,1,1112
4412,q4412,4412,a,98,False,False,False,1,1133
4413,q4413,4413,c,84,False,False,False,1,1112
4414,q4414,4414,c,98,False,False,False,1,1133
4415,q4415,4415,b,98,False,False,False,1,1133
4416,q4416,4416,b,98,False,False,False,1,1133
4417,q4417,4417,b,98,False,False,False,1,1133
4418,q4418,4418,a,98,False,False,False,1,1133
4419,q4419,4419,b,84,False,False,False,1,1112
4420,q4420,4420,a,84,False,False,False,1,1112
4421,q4421,4421,c,98,False,False,False,1,1133
4422,q4422,4422,c,84,False,False,False,1,1112
4423,q4423,4423,b,98,False,False,False,1,1133
4424,q4424,4424,a,84,False,False,False,1,1112
4425,q4425,4425,c,104,False,False,False,1,1140
4426,q4426,4426,c,98,False,False,False,1,1133
4427,q4427,4427,b,98,False,False,False,1,1133
4428,q4428,4428,c,98,False,False,False,1,1133
4429,q4429,4429,b,104,False,False,False,1,1140
4430,q4430,4430,a,104,False,False,False,1,1140
4431,q4431,4431,a,84,False,False,False,1,1112
4432,q4432,4432,a,104,False,False,False,1,1140
4433,q4433,4433,c,98,False,False,False,1,1133
4434,q4434,4434,d,98,False,False,False,1,1133
4435,q4435,4435,a,98,False,False,False,1,1133
4436,q4436,4436,c,98,False,False,False,1,1133
4437,q4437,4437,d,104,False,False,False,1,1140
4438,q4438,4438,a,104,False,False,False,1,1140
4439,q4439,4439,c,84,False,False,False,1,1112
4440,q4440,4440,d,104,False,False,False,1,1140
4441,q4441,4441,a,84,False,False,False,1,1112
4442,q4442,4442,d,98,False,False,False,1,1133
4443,q4443,4443,d,98,False,False,False,1,1133
4444,q4444,4444,d,98,False,False,False,1,1133
4445,q4445,4445,d,84,False,False,False,1,1112
4446,q4446,4446,a,98,False,False,False,1,1133
4447,q4447,4447,c,84,False,False,False,1,1112
4448,q4448,4448,a,84,False,False,False,1,1112
4449,q4449,4449,a,84,False,False,False,1,1112
4450,q4450,4450,b,72,False,False,False,1,1091
4451,q4451,4451,d,98,False,False,False,1,1133
4452,q4452,4452,a,98,False,False,False,1,1133
4453,q4453,4453,c,84,False,False,False,1,1112
4454,q4454,4454,b,98,False,False,False,1,1133
4455,q4455,4455,a,98,False,False,False,1,1133
4456,q4456,4456,c,84,False,False,False,1,1112
4457,q4457,4457,c,84,False,False,False,1,1112
4458,q4458,4458,d,84,False,False,False,1,1112
4459,q4459,4459,d,84,False,False,False,1,1112
4460,q4460,4460,a,98,False,False,False,1,1133
4461,q4461,4461,a,84,False,False,False,1,1112
4462,q4462,4462,c,98,False,False,False,1,1133
4463,q4463,4463,a,84,False,False,False,1,1112
4464,q4464,4464,c,104,False,False,False,1,1140
4465,q4465,4465,a,84,False,False,False,1,1112
4466,q4466,4466,d,98,False,False,False,1,1133
4467,q4467,4467,a,108,False,False,False,1,1145
4468,q4468,4468,c,108,False,False,False,1,1145
4469,q4469,4469,b,109,False,False,False,1,1147
4470,q4470,4470,a,109,False,False,False,1,1147
4471,q4471,4471,d,107,False,False,False,1,1144
4472,q4472,4472,c,107,False,False,False,1,1144
4473,q4473,4473,a,109,False,False,False,1,1147
4474,q4474,4474,b,110,False,False,False,1,1149
4475,q4475,4475,a,107,False,False,False,1,1144
4476,q4476,4476,c,111,False,False,False,1,1151
4477,q4477,4477,c,107,False,False,False,1,1144
4478,q4478,4478,a,112,False,False,False,1,1152
4479,q4479,4479,b,99,False,False,False,1,1134
4480,q4480,4480,c,99,False,False,False,1,1134
4481,q4481,4481,a,99,False,False,False,1,1134
4482,q4482,4482,a,92,False,False,False,1,1126
4483,q4483,4483,d,113,False,False,False,1,1153
4484,q4484,4484,b,81,False,False,False,1,1107
4485,q4485,4485,c,81,False,False,False,1,1107
4486,q4486,4486,c,80,False,False,False,1,1105
4487,q4487,4487,b,114,False,False,False,1,1155
4488,q4488,4488,a,92,False,False,False,1,1126
4489,q4489,4489,b,114,False,False,False,1,1155
4490,q4490,4490,b,115,False,False,False,1,1156
4491,q4491,4491,d,115,False,False,False,1,1156
4492,q4492,4492,c,116,False,False,False,1,1158
4493,q4493,4493,b,116,False,False,False,1,1158
4494,q4494,4494,b,114,False,False,False,1,1155
4495,q4495,4495,a,114,False,False,False,1,1155
4496,q4496,4496,a,114,False,False,False,1,1155
4497,q4497,4497,c,117,False,False,False,1,1159
4498,q4498,4498,c,117,False,False,False,1,1159
4499,q4499,4499,d,117,False,False,False,1,1159
4500,q4500,4500,c,117,False,False,False,1,1159
4501,q4501,4501,c,74,False,False,False,1,1094
4502,q4502,4502,a,74,False,False,False,1,1094
4503,q4503,4503,b,74,False,False,False,1,1094
4504,q4504,4504,c,74,False,False,False,1,1094
4505,q4505,4505,d,75,False,False,False,1,1096
4506,q4506,4506,a,74,False,False,False,1,1094
4507,q4507,4507,c,88,False,False,False,1,1120
4508,q4508,4508,b,75,False,False,False,1,1096
4509,q4509,4509,b,118,False,False,False,1,1161
4510,q4510,4510,a,118,False,False,False,1,1161
4511,q4511,4511,b,93,False,False,False,1,1127
4512,q4512,4512,b,93,False,False,False,1,1127
4513,q4513,4513,c,93,False,False,False,1,1127
4514,q4514,4514,c,79,False,False,False,1,1104
4515,q4515,4515,b,93,False,False,False,1,1127
4516,q4516,4516,c,79,False,False,False,1,1104
4517,q4517,4517,d,79,False,False,False,1,1104
4518,q4518,4518,b,79,False,False,False,1,1104
4519,q4519,4519,a,117,False,False,False,1,1159
4520,q4520,4520,c,117,False,False,False,1,1159
4521,q4521,4521,a,73,False,False,False,1,1092
4522,q4522,4522,d,90,False,False,False,1,1123
4523,q4523,4523,d,119,False,False,False,1,1162
4524,q4524,4524,d,120,False,False,False,1,1164
4525,q4525,4525,b,121,False,False,False,1,1166
4526,q4526,4526,d,95,False,False,False,1,1129
4527,q4527,4527,b,122,False,False,False,1,1167
4528,q4528,4528,c,123,False,False,False,1,1169
4529,q4529,4529,d,123,False,False,False,1,1169
4530,q4530,4530,d,124,False,False,False,1,1170
4531,q4531,4531,b,85,False,False,False,1,1114
4532,q4532,4532,a,85,False,False,False,1,1114
4533,q4533,4533,c,125,False,False,False,1,1171
4534,q4534,4534,d,85,False,False,False,1,1114
4535,q4535,4535,c,126,False,False,False,1,1172
4536,q4536,4536,a,126,False,False,False,1,1172
4537,q4537,4537,a,72,False,False,False,1,1091
4538,q4538,4538,b,72,False,False,False,1,1091
4539,q4539,4539,a,145,False,False,False,1,1195
4540,q4540,4540,c,128,False,False,False,1,1174
4541,q4541,4541,b,129,False,False,False,1,1176
4542,q4542,4542,c,129,False,False,False,1,1176
4543,q4543,4543,a,129,False,False,False,1,1176
4544,q4544,4544,d,94,False,False,False,1,1128
4545,q4545,4545,c,129,False,False,False,1,1176
4546,q4546,4546,a,119,False,False,False,1,1162
4547,q4547,4547,c,80,False,False,False,1,1105
4548,q4548,4548,d,80,False,False,False,1,1105
4549,q4549,4549,a,80,False,False,False,1,1105
4550,q4550,4550,b,119,False,False,False,1,1162
4551,q4551,4551,b,80,False,False,False,1,1105
4552,q4552,4552,c,130,False,False,False,1,1178
4553,q4553,4553,d,130,False,False,False,1,1178
4554,q4554,4554,c,130,False,False,False,1,1178
4555,q4555,4555,d,130,False,False,False,1,1178
4556,q4556,4556,c,100,False,False,False,1,1136
4557,q4557,4557,b,100,False,False,False,1,1136
4558,q4558,4558,b,102,False,False,False,1,1138
4559,q4559,4559,b,102,False,False,False,1,1138
4560,q4560,4560,c,101,False,False,False,1,1137
4561,q4561,4561,d,101,False,False,False,1,1137
4562,q4562,4562,c,71,False,False,False,1,1089
4563,q4563,4563,a,129,False,False,False,1,1176
4564,q4564,4564,a,131,False,False,False,1,1180
4565,q4565,4565,b,131,False,False,False,1,1180
4566,q4566,4566,b,77,False,False,False,1,1100
4567,q4567,4567,d,77,False,False,False,1,1100
4568,q4568,4568,c,85,False,False,False,1,1114
4569,q4569,4569,b,85,False,False,False,1,1114
4570,q4570,4570,b,77,False,False,False,1,1100
4571,q4571,4571,b,77,False,False,False,1,1100
4572,q4572,4572,a,85,False,False,False,1,1114
4573,q4573,4573,b,85,False,False,False,1,1114
4574,q4574,4574,b,83,False,False,False,1,1110
4575,q4575,4575,a,83,False,False,False,1,1110
4576,q4576,4576,d,83,False,False,False,1,1110
4577,q4577,4577,c,76,False,False,False,1,1098
4578,q4578,4578,c,76,False,False,False,1,1098
4579,q4579,4579,b,76,False,False,False,1,1098
4580,q4580,4580,c,84,False,False,False,1,1112
4581,q4581,4581,c,84,False,False,False,1,1112
4582,q4582,4582,b,132,False,False,False,1,1181
4583,q4583,4583,c,83,False,False,False,1,1110
4584,q4584,4584,b,74,False,False,False,1,1094
4585,q4585,4585,d,74,False,False,False,1,1094
4586,q4586,4586,c,74,False,False,False,1,1094
4587,q4587,4587,d,74,False,False,False,1,1094
4588,q4588,4588,a,74,False,False,False,1,1094
4589,q4589,4589,c,74,False,False,False,1,1094
4590,q4590,4590,b,74,False,False,False,1,1094
4591,q4591,4591,b,117,False,False,False,1,1159
4592,q4592,4592,a,133,False,False,False,1,1182
4593,q4593,4593,a,133,False,False,False,1,1182
4594,q4594,4594,c,78,False,False,False,1,1102
4595,q4595,4595,c,83,False,False,False,1,1110
4596,q4596,4596,b,134,False,False,False,1,1183
4597,q4597,4597,a,134,False,False,False,1,1183
4598,q4598,4598,c,83,False,False,False,1,1110
4599,q4599,4599,c,83,False,False,False,1,1110
4600,q4600,4600,b,135,False,False,False,1,1185
4601,q4601,4601,c,135,False,False,False,1,1185
4602,q4602,4602,c,72,False,False,False,1,1091
4603,q4603,4603,d,72,False,False,False,1,1091
4604,q4604,4604,b,81,False,False,False,1,1107
4605,q4605,4605,c,81,False,False,False,1,1107
4606,q4606,4606,b,78,False,False,False,1,1102
4607,q4607,4607,d,78,False,False,False,1,1102
4608,q4608,4608,c,78,False,False,False,1,1102
4609,q4609,4609,b,78,False,False,False,1,1102
4610,q4610,4610,b,133,False,False,False,1,1182
4611,q4611,4611,c,78,False,False,False,1,1102
4612,q4612,4612,c,78,False,False,False,1,1102
4613,q4613,4613,c,78,False,False,False,1,1102
4614,q4614,4614,d,81,False,False,False,1,1107
4615,q4615,4615,c,78,False,False,False,1,1102
4616,q4616,4616,b,78,False,False,False,1,1102
4617,q4617,4617,a,83,False,False,False,1,1110
4618,q4618,4618,c,83,False,False,False,1,1110
4619,q4619,4619,d,131,False,False,False,1,1180
4620,q4620,4620,c,106,False,False,False,1,1142
4621,q4621,4621,c,96,False,False,False,1,1131
4622,q4622,4622,c,84,False,False,False,1,1112
4623,q4623,4623,a,84,False,False,False,1,1112
4624,q4624,4624,d,98,False,False,False,1,1133
4625,q4625,4625,a,71,False,False,False,1,1089
4626,q4626,4626,a,71,False,False,False,1,1089
4627,q4627,4627,a,119,False,False,False,1,1162
4628,q4628,4628,b,78,False,False,False,1,1102
4629,q4629,4629,b,74,False,False,False,1,1094
4630,q4630,4630,a,132,False,False,False,1,1181
4631,q4631,4631,b,132,False,False,False,1,1181
4632,q4632,4632,c,132,False,False,False,1,1181
4633,q4633,4633,a,132,False,False,False,1,1181
4634,q4634,4634,b,71,False,False,False,1,1089
4635,q4635,4635,a,71,False,False,False,1,1089
4636,q4636,4636,d,71,False,False,False,1,1089
4637,q4637,4637,c,71,False,False,False,1,1089
4638,q4638,4638,a,71,False,False,False,1,1089
4639,q4639,4639,b,71,False,False,False,1,1089
4640,q4640,4640,a,71,False,False,False,1,1089
4641,q4641,4641,d,71,False,False,False,1,1089
4642,q4642,4642,b,71,False,False,False,1,1089
4643,q4643,4643,c,71,False,False,False,1,1089
4644,q4644,4644,b,71,False,False,False,1,1089
4645,q4645,4645,c,71,False,False,False,1,1089
4646,q4646,4646,d,71,False,False,False,1,1089
4647,q4647,4647,b,71,False,False,False,1,1089
4648,q4648,4648,a,71,False,False,False,1,1089
4649,q4649,4649,b,71,False,False,False,1,1089
4650,q4650,4650,a,71,False,False,False,1,1089
4651,q4651,4651,a,71,False,False,False,1,1089
4652,q4652,4652,d,71,False,False,False,1,1089
4653,q4653,4653,c,71,False,False,False,1,1089
4654,q4654,4654,b,71,False,False,False,1,1089
4655,q4655,4655,b,71,False,False,False,1,1089
4656,q4656,4656,a,71,False,False,False,1,1089
4657,q4657,4657,b,71,False,False,False,1,1089
4658,q4658,4658,c,71,False,False,False,1,1089
4659,q4659,4659,b,71,False,False,False,1,1089
4660,q4660,4660,a,71,False,False,False,1,1089
4661,q4661,4661,b,71,False,False,False,1,1089
4662,q4662,4662,c,71,False,False,False,1,1089
4663,q4663,4663,a,71,False,False,False,1,1089
4664,q4664,4664,b,71,False,False,False,1,1089
4665,q4665,4665,a,71,False,False,False,1,1089
4666,q4666,4666,d,71,False,False,False,1,1089
4667,q4667,4667,c,71,False,False,False,1,1089
4668,q4668,4668,a,71,False,False,False,1,1089
4669,q4669,4669,a,71,False,False,False,1,1089
4670,q4670,4670,a,71,False,False,False,1,1089
4671,q4671,4671,b,71,False,False,False,1,1089
4672,q4672,4672,c,71,False,False,False,1,1089
4673,q4673,4673,a,71,False,False,False,1,1089
4674,q4674,4674,b,71,False,False,False,1,1089
4675,q4675,4675,a,71,False,False,False,1,1089
4676,q4676,4676,d,71,False,False,False,1,1089
4677,q4677,4677,c,71,False,False,False,1,1089
4678,q4678,4678,a,71,False,False,False,1,1089
4679,q4679,4679,a,71,False,False,False,1,1089
4680,q4680,4680,b,71,False,False,False,1,1089
4681,q4681,4681,a,71,False,False,False,1,1089
4682,q4682,4682,a,71,False,False,False,1,1089
4683,q4683,4683,c,71,False,False,False,1,1089
4684,q4684,4684,d,71,False,False,False,1,1089
4685,q4685,4685,b,71,False,False,False,1,1089
4686,q4686,4686,a,71,False,False,False,1,1089
4687,q4687,4687,d,83,False,False,False,1,1110
4688,q4688,4688,d,71,False,False,False,1,1089
4689,q4689,4689,a,71,False,False,False,1,1089
4690,q4690,4690,d,71,False,False,False,1,1089
4691,q4691,4691,a,71,False,False,False,1,1089
4692,q4692,4692,b,71,False,False,False,1,1089
4693,q4693,4693,b,71,False,False,False,1,1089
4694,q4694,4694,a,71,False,False,False,1,1089
4695,q4695,4695,b,71,False,False,False,1,1089
4696,q4696,4696,a,71,False,False,False,1,1089
4697,q4697,4697,c,71,False,False,False,1,1089
4698,q4698,4698,d,71,False,False,False,1,1089
4699,q4699,4699,a,71,False,False,False,1,1089
4700,q4700,4700,b,71,False,False,False,1,1089
4701,q4701,4701,c,71,False,False,False,1,1089
4702,q4702,4702,c,71,False,False,False,1,1089
4703,q4703,4703,c,71,False,False,False,1,1089
4704,q4704,4704,b,71,False,False,False,1,1089
4705,q4705,4705,b,71,False,False,False,1,1089
4706,q4706,4706,c,71,False,False,False,1,1089
4707,q4707,4707,c,71,False,False,False,1,1089
4708,q4708,4708,a,71,False,False,False,1,1089
4709,q4709,4709,b,71,False,False,False,1,1089
4710,q4710,4710,c,71,False,False,False,1,1089
4711,q4711,4711,a,83,False,False,False,1,1110
4712,q4712,4712,d,71,False,False,False,1,1089
4713,q4713,4713,c,71,False,False,False,1,1089
4714,q4714,4714,b,83,False,False,False,1,1110
4715,q4715,4715,c,71,False,False,False,1,1089
4716,q4716,4716,c,71,False,False,False,1,1089
4717,q4717,4717,c,71,False,False,False,1,1089
4718,q4718,4718,b,71,False,False,False,1,1089
4719,q4719,4719,b,71,False,False,False,1,1089
4720,q4720,4720,c,83,False,False,False,1,1110
4721,q4721,4721,b,71,False,False,False,1,1089
4722,q4722,4722,a,71,False,False,False,1,1089
4723,q4723,4723,a,71,False,False,False,1,1089
4724,q4724,4724,c,71,False,False,False,1,1089
4725,q4725,4725,a,71,False,False,False,1,1089
4726,q4726,4726,b,71,False,False,False,1,1089
4727,q4727,4727,a,71,False,False,False,1,1089
4728,q4728,4728,b,71,False,False,False,1,1089
4729,q4729,4729,c,91,False,False,False,1,1125
4730,q4730,4730,d,74,False,False,False,1,1094
4731,q4731,4731,b,88,False,False,False,1,1120
4732,q4732,4732,d,116,False,False,False,1,1158
4733,q4733,4733,a,75,False,False,False,1,1096
4734,q4734,4734,c,92,False,False,False,1,1126
4735,q4735,4735,d,119,False,False,False,1,1162
4736,q4736,4736,c,74,False,False,False,1,1094
4737,q4737,4737,a,119,False,False,False,1,1162
4738,q4738,4738,c,71,False,False,False,1,1089
4739,q4739,4739,a,96,False,False,False,1,1131
4740,q4740,4740,d,71,False,False,False,1,1089
4741,q4741,4741,a,86,False,False,False,1,1116
4742,q4742,4742,b,74,False,False,False,1,1094
4743,q4743,4743,c,72,False,False,False,1,1091
4744,q4744,4744,b,104,False,False,False,1,1140
4745,q4745,4745,a,71,False,False,False,1,1089
4746,q4746,4746,d,135,False,False,False,1,1185
4747,q4747,4747,a,101,False,False,False,1,1137
4748,q4748,4748,a,90,False,False,False,1,1123
4749,q4749,4749,d,78,False,False,False,1,1102
4750,q4750,4750,a,98,False,False,False,1,1133
4751,q4751,4751,c,74,False,False,False,1,1094
4752,q4752,4752,b,86,False,False,False,1,1116
4753,q4753,4753,a,106,False,False,False,1,1142
4754,q4754,4754,a,88,False,False,False,1,1120
4755,q4755,4755,d,93,False,False,False,1,1127
4756,q4756,4756,a,104,False,False,False,1,1140
4757,q4757,4757,d,105,False,False,False,1,1141
4758,q4758,4758,d,103,False,False,False,1,1139
4759,q4759,4759,a,98,False,False,False,1,1133
4760,q4760,4760,a,107,False,False,False,1,1144
4761,q4761,4761,b,96,False,False,False,1,1131
4762,q4762,4762,c,74,False,False,False,1,1094
4763,q4763,4763,b,78,False,False,False,1,1102
4764,q4764,4764,a,74,False,False,False,1,1094
4765,q4765,4765,a,118,False,False,False,1,1161
4766,q4766,4766,a,82,False,False,False,1,1109
4767,q4767,4767,a,101,False,False,False,1,1137
4768,q4768,4768,c,83,False,False,False,1,1110
4769,q4769,4769,a,129,False,False,False,1,1176
4770,q4770,4770,d,74,False,False,False,1,1094
4771,q4771,4771,d,119,False,False,False,1,1162
4772,q4772,4772,c,78,False,False,False,1,1102
4773,q4773,4773,d,71,False,False,False,1,1089
4774,q4774,4774,c,88,False,False,False,1,1120
4775,q4775,4775,b,144,False,False,False,1,1194
4776,q4776,4776,c,84,False,False,False,1,1112
4777,q4777,4777,a,98,False,False,False,1,1133
4778,q4778,4778,a,78,False,False,False,1,1102
4779,q4779,4779,d,74,False,False,False,1,1094
4780,q4780,4780,a,84,False,False,False,1,1112
4781,q4781,4781,a,86,False,False,False,1,1116
4782,q4782,4782,a,74,False,False,False,1,1094
4783,q4783,4783,a,131,False,False,False,1,1180
4784,q4784,4784,c,74,False,False,False,1,1094
4785,q4785,4785,d,88,False,False,False,1,1120
4786,q4786,4786,d,74,False,False,False,1,1094
4787,q4787,4787,a,80,False,False,False,1,1105
4788,q4788,4788,d,96,False,False,False,1,1131
4789,q4789,4789,a,80,False,False,False,1,1105
4790,q4790,4790,b,100,False,False,False,1,1136
4791,q4791,4791,c,94,False,False,False,1,1128
4792,q4792,4792,b,88,False,False,False,1,1120
4793,q4793,4793,b,82,False,False,False,1,1109
4794,q4794,4794,b,85,False,False,False,1,1114
4795,q4795,4795,b,74,False,False,False,1,1094
4796,q4796,4796,b,74,False,False,False,1,1094
4797,q4797,4797,b,98,False,False,False,1,1133
4798,q4798,4798,d,85,False,False,False,1,1114
4799,q4799,4799,b,107,False,False,False,1,1144
4800,q4800,4800,a,84,False,False,False,1,1112
4801,q4801,4801,b,71,False,False,False,1,1089
4802,q4802,4802,a,85,False,False,False,1,1114
4803,q4803,4803,d,71,False,False,False,1,1089
4804,q4804,4804,a,119,False,False,False,1,1162
4805,q4805,4805,b,92,False,False,False,1,1126
4806,q4806,4806,b,74,False,False,False,1,1094
4807,q4807,4807,c,106,False,False,False,1,1142
4808,q4808,4808,b,71,False,False,False,1,1089
4809,q4809,4809,a,83,False,False,False,1,1110
4810,q4810,4810,a,85,False,False,False,1,1114
4811,q4811,4811,c,98,False,False,False,1,1133
4812,q4812,4812,b,74,False,False,False,1,1094
4813,q4813,4813,b,98,False,False,False,1,1133
4814,q4814,4814,d,77,False,False,False,1,1100
4815,q4815,4815,a,74,False,False,False,1,1094
4816,q4816,4816,b,80,False,False,False,1,1105
4817,q4817,4817,a,71,False,False,False,1,1089
4818,q4818,4818,c,76,False,False,False,1,1098
4819,q4819,4819,d,77,False,False,False,1,1100
4820,q4820,4820,d,144,False,False,False,1,1194
4821,q4821,4821,d,83,False,False,False,1,1110
4822,q4822,4822,c,90,False,False,False,1,1123
4823,q4823,4823,d,85,False,False,False,1,1114
4824,q4824,4824,b,78,False,False,False,1,1102
4825,q4825,4825,c,85,False,False,False,1,1114
4826,q4826,4826,d,83,False,False,False,1,1110
4827,q4827,4827,a,89,False,False,False,1,1122
4828,q4828,4828,c,129,False,False,False,1,1176
4829,q4829,4829,c,83,False,False,False,1,1110
4830,q4830,4830,c,78,False,False,False,1,1102
4831,q4831,4831,b,109,False,False,False,1,1147
4832,q4832,4832,d,119,False,False,False,1,1162
4833,q4833,4833,d,95,False,False,False,1,1129
4834,q4834,4834,a,90,False,False,False,1,1123
4835,q4835,4835,b,121,False,False,False,1,1166
4836,q4836,4836,b,95,False,False,False,1,1129
4837,q4837,4837,c,90,False,False,False,1,1123
4838,q4838,4838,a,122,False,False,False,1,1167
4839,q4839,4839,a,119,False,False,False,1,1162
4840,q4840,4840,a,119,False,False,False,1,1162
4841,q4841,4841,a,121,False,False,False,1,1166
4842,q4842,4842,d,87,False,False,False,1,1118
4843,q4843,4843,c,120,False,False,False,1,1164
4844,q4844,4844,b,121,False,False,False,1,1166
4845,q4845,4845,d,90,False,False,False,1,1123
4846,q4846,4846,d,90,False,False,False,1,1123
4847,q4847,4847,d,121,False,False,False,1,1166
4848,q4848,4848,c,122,False,False,False,1,1167
4849,q4849,4849,a,126,False,False,False,1,1172
4850,q4850,4850,a,71,False,False,False,1,1089
4851,q4851,4851,b,71,False,False,False,1,1089
4852,q4852,4852,c,71,False,False,False,1,1089
4853,q4853,4853,d,71,False,False,False,1,1089
4854,q4854,4854,d,71,False,False,False,1,1089
4855,q4855,4855,a,71,False,False,False,1,1089
4856,q4856,4856,a,132,False,False,False,1,1181
4857,q4857,4857,b,71,False,False,False,1,1089
4858,q4858,4858,a,71,False,False,False,1,1089
4859,q4859,4859,a,71,False,False,False,1,1089
4860,q4860,4860,d,71,False,False,False,1,1089
4861,q4861,4861,a,71,False,False,False,1,1089
4862,q4862,4862,a,71,False,False,False,1,1089
4863,q4863,4863,c,71,False,False,False,1,1089
4864,q4864,4864,c,71,False,False,False,1,1089
4865,q4865,4865,a,132,False,False,False,1,1181
4866,q4866,4866,d,71,False,False,False,1,1089
4867,q4867,4867,a,71,False,False,False,1,1089
4868,q4868,4868,a,71,False,False,False,1,1089
4869,q4869,4869,c,71,False,False,False,1,1089
4870,q4870,4870,c,71,False,False,False,1,1089
4871,q4871,4871,b,71,False,False,False,1,1089
4872,q4872,4872,d,100,False,False,False,1,1136
4873,q4873,4873,c,71,False,False,False,1,1089
4874,q4874,4874,d,71,False,False,False,1,1089
4875,q4875,4875,d,71,False,False,False,1,1089
4876,q4876,4876,b,71,False,False,False,1,1089
4877,q4877,4877,b,132,False,False,False,1,1181
4878,q4878,4878,c,71,False,False,False,1,1089
4879,q4879,4879,b,71,False,False,False,1,1089
4880,q4880,4880,c,71,False,False,False,1,1089
4881,q4881,4881,c,71,False,False,False,1,1089
4882,q4882,4882,c,71,False,False,False,1,1089
4883,q4883,4883,a,132,False,False,False,1,1181
4884,q4884,4884,d,71,False,False,False,1,1089
4885,q4885,4885,b,71,False,False,False,1,1089
4886,q4886,4886,d,91,False,False,False,1,1125
4887,q4887,4887,d,71,False,False,False,1,1089
4888,q4888,4888,c,71,False,False,False,1,1089
4889,q4889,4889,c,71,False,False,False,1,1089
4890,q4890,4890,c,71,False,False,False,1,1089
4891,q4891,4891,b,72,False,False,False,1,1091
4892,q4892,4892,b,73,False,False,False,1,1092
4893,q4893,4893,d,74,False,False,False,1,1094
4894,q4894,4894,c,75,False,False,False,1,1096
4895,q4895,4895,b,76,False,False,False,1,1098
4896,q4896,4896,a,77,False,False,False,1,1100
4897,q4897,4897,c,72,False,False,False,1,1091
4898,q4898,4898,b,74,False,False,False,1,1094
4899,q4899,4899,d,78,False,False,False,1,1102
4900,q4900,4900,a,71,False,False,False,1,1089
4901,q4901,4901,a,79,False,False,False,1,1104
4902,q4902,4902,b,76,False,False,False,1,1098
4903,q4903,4903,c,80,False,False,False,1,1105
4904,q4904,4904,b,81,False,False,False,1,1107
4905,q4905,4905,b,77,False,False,False,1,1100
4906,q4906,4906,c,82,False,False,False,1,1109
4907,q4907,4907,c,83,False,False,False,1,1110
4908,q4908,4908,b,84,False,False,False,1,1112
4909,q4909,4909,d,77,False,False,False,1,1100
4910,q4910,4910,c,78,False,False,False,1,1102
4911,q4911,4911,b,84,False,False,False,1,1112
4912,q4912,4912,a,85,False,False,False,1,1114
4913,q4913,4913,b,74,False,False,False,1,1094
4914,q4914,4914,c,83,False,False,False,1,1110
4915,q4915,4915,d,74,False,False,False,1,1094
4916,q4916,4916,d,84,False,False,False,1,1112
4917,q4917,4917,b,86,False,False,False,1,1116
4918,q4918,4918,c,78,False,False,False,1,1102
4919,q4919,4919,c,86,False,False,False,1,1116
4920,q4920,4920,d,77,False,False,False,1,1100
4921,q4921,4921,c,83,False,False,False,1,1110
4922,q4922,4922,a,76,False,False,False,1,1098
4923,q4923,4923,b,78,False,False,False,1,1102
4924,q4924,4924,c,84,False,False,False,1,1112
4925,q4925,4925,c,87,False,False,False,1,1118
4926,q4926,4926,b,76,False,False,False,1,1098
4927,q4927,4927,b,74,False,False,False,1,1094
4928,q4928,4928,a,77,False,False,False,1,1100
4929,q4929,4929,b,78,False,False,False,1,1102
4930,q4930,4930,b,74,False,False,False,1,1094
4931,q4931,4931,d,74,False,False,False,1,1094
4932,q4932,4932,d,74,False,False,False,1,1094
4933,q4933,4933,d,74,False,False,False,1,1094
4934,q4934,4934,a,74,False,False,False,1,1094
4935,q4935,4935,d,74,False,False,False,1,1094
4936,q4936,4936,c,74,False,False,False,1,1094
4937,q4937,4937,a,74,False,False,False,1,1094
4938,q4938,4938,c,74,False,False,False,1,1094
4939,q4939,4939,a,74,False,False,False,1,1094
4940,q4940,4940,d,74,False,False,False,1,1094
4941,q4941,4941,a,74,False,False,False,1,1094
4942,q4942,4942,b,74,False,False,False,1,1094
4943,q4943,4943,b,74,False,False,False,1,1094
4944,q4944,4944,b,74,False,False,False,1,1094
4945,q4945,4945,c,74,False,False,False,1,1094
4946,q4946,4946,a,74,False,False,False,1,1094
4947,q4947,4947,c,74,False,False,False,1,1094
4948,q4948,4948,c,74,False,False,False,1,1094
4949,q4949,4949,d,74,False,False,False,1,1094
4950,q4950,4950,c,74,False,False,False,1,1094
4951,q4951,4951,c,74,False,False,False,1,1094
4952,q4952,4952,d,74,False,False,False,1,1094
4953,q4953,4953,c,74,False,False,False,1,1094
4954,q4954,4954,b,74,False,False,False,1,1094
4955,q4955,4955,c,74,False,False,False,1,1094
4956,q4956,4956,b,74,False,False,False,1,1094
4957,q4957,4957,c,74,False,False,False,1,1094
4958,q4958,4958,d,74,False,False,False,1,1094
4959,q4959,4959,a,74,False,False,False,1,1094
4960,q4960,4960,b,74,False,False,False,1,1094
4961,q4961,4961,d,74,False,False,False,1,1094
4962,q4962,4962,c,74,False,False,False,1,1094
4963,q4963,4963,c,74,False,False,False,1,1094
4964,q4964,4964,d,74,False,False,False,1,1094
4965,q4965,4965,c,74,False,False,False,1,1094
4966,q4966,4966,c,74,False,False,False,1,1094
4967,q4967,4967,c,74,False,False,False,1,1094
4968,q4968,4968,c,71,False,False,False,1,1089
4969,q4969,4969,c,74,False,False,False,1,1094
4970,q4970,4970,c,74,False,False,False,1,1094
4971,q4971,4971,d,74,False,False,False,1,1094
4972,q4972,4972,d,74,False,False,False,1,1094
4973,q4973,4973,b,74,False,False,False,1,1094
4974,q4974,4974,d,74,False,False,False,1,1094
4975,q4975,4975,d,74,False,False,False,1,1094
4976,q4976,4976,c,74,False,False,False,1,1094
4977,q4977,4977,a,74,False,False,False,1,1094
4978,q4978,4978,a,74,False,False,False,1,1094
4979,q4979,4979,d,74,False,False,False,1,1094
4980,q4980,4980,a,74,False,False,False,1,1094
4981,q4981,4981,d,74,False,False,False,1,1094
4982,q4982,4982,c,74,False,False,False,1,1094
4983,q4983,4983,c,74,False,False,False,1,1094
4984,q4984,4984,c,74,False,False,False,1,1094
4985,q4985,4985,b,74,False,False,False,1,1094
4986,q4986,4986,c,74,False,False,False,1,1094
4987,q4987,4987,d,74,False,False,False,1,1094
4988,q4988,4988,c,74,False,False,False,1,1094
4989,q4989,4989,b,74,False,False,False,1,1094
4990,q4990,4990,a,74,False,False,False,1,1094
4991,q4991,4991,c,74,False,False,False,1,1094
4992,q4992,4992,d,74,False,False,False,1,1094
4993,q4993,4993,d,74,False,False,False,1,1094
4994,q4994,4994,a,74,False,False,False,1,1094
4995,q4995,4995,c,74,False,False,False,1,1094
4996,q4996,4996,c,74,False,False,False,1,1094
4997,q4997,4997,d,74,False,False,False,1,1094
4998,q4998,4998,d,74,False,False,False,1,1094
4999,q4999,4999,a,74,False,False,False,1,1094
5000,q5000,5000,b,74,False,False,False,1,1094
5001,q5001,5001,b,74,False,False,False,1,1094
5002,q5002,5002,b,74,False,False,False,1,1094
5003,q5003,5003,b,74,False,False,False,1,1094
5004,q5004,5004,b,100,False,False,False,1,1136
5005,q5005,5005,a,74,False,False,False,1,1094
5006,q5006,5006,c,74,False,False,False,1,1094
5007,q5007,5007,c,74,False,False,False,1,1094
5008,q5008,5008,d,74,False,False,False,1,1094
5009,q5009,5009,a,74,False,False,False,1,1094
5010,q5010,5010,a,74,False,False,False,1,1094
5011,q5011,5011,c,74,False,False,False,1,1094
5012,q5012,5012,c,74,False,False,False,1,1094
5013,q5013,5013,c,74,False,False,False,1,1094
5014,q5014,5014,d,74,False,False,False,1,1094
5015,q5015,5015,c,74,False,False,False,1,1094
5016,q5016,5016,d,74,False,False,False,1,1094
5017,q5017,5017,b,74,False,False,False,1,1094
5018,q5018,5018,c,74,False,False,False,1,1094
5019,q5019,5019,a,74,False,False,False,1,1094
5020,q5020,5020,c,74,False,False,False,1,1094
5021,q5021,5021,a,74,False,False,False,1,1094
5022,q5022,5022,d,74,False,False,False,1,1094
5023,q5023,5023,a,74,False,False,False,1,1094
5024,q5024,5024,c,74,False,False,False,1,1094
5025,q5025,5025,c,74,False,False,False,1,1094
5026,q5026,5026,a,74,False,False,False,1,1094
5027,q5027,5027,d,74,False,False,False,1,1094
5028,q5028,5028,b,74,False,False,False,1,1094
5029,q5029,5029,d,78,False,False,False,1,1102
5030,q5030,5030,c,83,False,False,False,1,1110
5031,q5031,5031,d,144,False,False,False,1,1194
5032,q5032,5032,b,78,False,False,False,1,1102
5033,q5033,5033,a,98,False,False,False,1,1133
5034,q5034,5034,c,78,False,False,False,1,1102
5035,q5035,5035,c,83,False,False,False,1,1110
5036,q5036,5036,a,104,False,False,False,1,1140
5037,q5037,5037,b,98,False,False,False,1,1133
5038,q5038,5038,b,71,False,False,False,1,1089
5039,q5039,5039,b,78,False,False,False,1,1102
5040,q5040,5040,d,134,False,False,False,1,1183
5041,q5041,5041,c,134,False,False,False,1,1183
5042,q5042,5042,c,78,False,False,False,1,1102
5043,q5043,5043,b,133,False,False,False,1,1182
5044,q5044,5044,d,108,False,False,False,1,1145
5045,q5045,5045,c,109,False,False,False,1,1147
5046,q5046,5046,b,112,False,False,False,1,1152
5047,q5047,5047,d,107,False,False,False,1,1144
5048,q5048,5048,a,107,False,False,False,1,1144
5049,q5049,5049,a,144,False,False,False,1,1194
5050,q5050,5050,d,107,False,False,False,1,1144
5051,q5051,5051,c,107,False,False,False,1,1144
5052,q5052,5052,c,107,False,False,False,1,1144
5053,q5053,5053,a,107,False,False,False,1,1144
5054,q5054,5054,a,107,False,False,False,1,1144
5055,q5055,5055,c,119,False,False,False,1,1162
5056,q5056,5056,d,110,False,False,False,1,1149
5057,q5057,5057,b,144,False,False,False,1,1194
5058,q5058,5058,a,85,False,False,False,1,1114
5059,q5059,5059,a,107,False,False,False,1,1144
5060,q5060,5060,c,110,False,False,False,1,1149
5061,q5061,5061,c,107,False,False,False,1,1144
5062,q5062,5062,a,109,False,False,False,1,1147
5063,q5063,5063,a,117,False,False,False,1,1159
5064,q5064,5064,b,93,False,False,False,1,1127
5065,q5065,5065,b,117,False,False,False,1,1159
5066,q5066,5066,a,93,False,False,False,1,1127
5067,q5067,5067,b,112,False,False,False,1,1152
5068,q5068,5068,a,106,False,False,False,1,1142
5069,q5069,5069,a,93,False,False,False,1,1127
5070,q5070,5070,d,79,False,False,False,1,1104
5071,q5071,5071,b,93,False,False,False,1,1127
5072,q5072,5072,a,93,False,False,False,1,1127
5073,q5073,5073,d,93,False,False,False,1,1127
5074,q5074,5074,a,93,False,False,False,1,1127
5075,q5075,5075,b,93,False,False,False,1,1127
5076,q5076,5076,b,106,False,False,False,1,1142
5077,q5077,5077,a,117,False,False,False,1,1159
5078,q5078,5078,b,117,False,False,False,1,1159
5079,q5079,5079,b,72,False,False,False,1,1091
5080,q5080,5080,a,86,False,False,False,1,1116
5081,q5081,5081,c,80,False,False,False,1,1105
5082,q5082,5082,b,88,False,False,False,1,1120
5083,q5083,5083,d,85,False,False,False,1,1114
5084,q5084,5084,b,106,False,False,False,1,1142
5085,q5085,5085,a,71,False,False,False,1,1089
5086,q5086,5086,d,86,False,False,False,1,1116
5087,q5087,5087,c,71,False,False,False,1,1089
5088,q5088,5088,a,74,False,False,False,1,1094
5089,q5089,5089,d,85,False,False,False,1,1114
5090,q5090,5090,d,74,False,False,False,1,1094
5091,q5091,5091,b,129,False,False,False,1,1176
5092,q5092,5092,d,77,False,False,False,1,1100
5093,q5093,5093,a,80,False,False,False,1,1105
5094,q5094,5094,a,138,False,False,False,1,1188
5095,q5095,5095,b,109,False,False,False,1,1147
5096,q5096,5096,c,130,False,False,False,1,1178
5097,q5097,5097,a,94,False,False,False,1,1128
5098,q5098,5098,c,83,False,False,False,1,1110
5099,q5099,5099,b,119,False,False,False,1,1162
5100,q5100,5100,a,74,False,False,False,1,1094
5101,q5101,5101,b,83,False,False,False,1,1110
5102,q5102,5102,a,77,False,False,False,1,1100
5103,q5103,5103,b,100,False,False,False,1,1136
5104,q5104,5104,d,103,False,False,False,1,1139
5105,q5105,5105,d,85,False,False,False,1,1114
5106,q5106,5106,d,74,False,False,False,1,1094
5107,q5107,5107,b,76,False,False,False,1,1098
5108,q5108,5108,c,76,False,False,False,1,1098
5109,q5109,5109,d,85,False,False,False,1,1114
5110,q5110,5110,a,90,False,False,False,1,1123
5111,q5111,5111,a,76,False,False,False,1,1098
5112,q5112,5112,b,82,False,False,False,1,1109
5113,q5113,5113,b,77,False,False,False,1,1100
5114,q5114,5114,a,80,False,False,False,1,1105
5115,q5115,5115,d,74,False,False,False,1,1094
5116,q5116,5116,b,78,False,False,False,1,1102
5117,q5117,5117,c,77,False,False,False,1,1100
5118,q5118,5118,c,74,False,False,False,1,1094
5119,q5119,5119,a,74,False,False,False,1,1094
5120,q5120,5120,b,74,False,False,False,1,1094
5121,q5121,5121,a,74,False,False,False,1,1094
5122,q5122,5122,b,74,False,False,False,1,1094
5123,q5123,5123,b,74,False,False,False,1,1094
5124,q5124,5124,a,74,False,False,False,1,1094
5125,q5125,5125,d,74,False,False,False,1,1094
5126,q5126,5126,c,74,False,False,False,1,1094
5127,q5127,5127,b,74,False,False,False,1,1094
5128,q5128,5128,a,74,False,False,False,1,1094
5129,q5129,5129,c,74,False,False,False,1,1094
5130,q5130,5130,b,74,False,False,False,1,1094
5131,q5131,5131,b,74,False,False,False,1,1094
5132,q5132,5132,c,74,False,False,False,1,1094
5133,q5133,5133,d,74,False,False,False,1,1094
5134,q5134,5134,a,74,False,False,False,1,1094
5135,q5135,5135,b,74,False,False,False,1,1094
5136,q5136,5136,d,74,False,False,False,1,1094
5137,q5137,5137,a,74,False,False,False,1,1094
5138,q5138,5138,c,74,False,False,False,1,1094
5139,q5139,5139,b,74,False,False,False,1,1094
5140,q5140,5140,a,74,False,False,False,1,1094
5141,q5141,5141,c,74,False,False,False,1,1094
5142,q5142,5142,c,74,False,False,False,1,1094
5143,q5143,5143,a,74,False,False,False,1,1094
5144,q5144,5144,a,74,False,False,False,1,1094
5145,q5145,5145,b,74,False,False,False,1,1094
5146,q5146,5146,a,74,False,False,False,1,1094
5147,q5147,5147,a,74,False,False,False,1,1094
5148,q5148,5148,c,74,False,False,False,1,1094
5149,q5149,5149,a,74,False,False,False,1,1094
5150,q5150,5150,c,105,False,False,False,1,1141
5151,q5151,5151,c,74,False,False,False,1,1094
5152,q5152,5152,a,78,False,False,False,1,1102
5153,q5153,5153,d,74,False,False,False,1,1094
5154,q5154,5154,b,74,False,False,False,1,1094
5155,q5155,5155,c,74,False,False,False,1,1094
5156,q5156,5156,d,74,False,False,False,1,1094
5157,q5157,5157,a,74,False,False,False,1,1094
5158,q5158,5158,b,74,False,False,False,1,1094
5159,q5159,5159,c,74,False,False,False,1,1094
5160,q5160,5160,d,74,False,False,False,1,1094
5161,q5161,5161,a,105,False,False,False,1,1141
5162,q5162,5162,d,74,False,False,False,1,1094
5163,q5163,5163,b,74,False,False,False,1,1094
5164,q5164,5164,a,74,False,False,False,1,1094
5165,q5165,5165,a,74,False,False,False,1,1094
5166,q5166,5166,c,74,False,False,False,1,1094
5167,q5167,5167,c,74,False,False,False,1,1094
5168,q5168,5168,c,74,False,False,False,1,1094
5169,q5169,5169,c,74,False,False,False,1,1094
5170,q5170,5170,d,74,False,False,False,1,1094
5171,q5171,5171,b,74,False,False,False,1,1094
5172,q5172,5172,c,74,False,False,False,1,1094
5173,q5173,5173,c,74,False,False,False,1,1094
5174,q5174,5174,b,74,False,False,False,1,1094
5175,q5175,5175,b,74,False,False,False,1,1094
5176,q5176,5176,c,74,False,False,False,1,1094
5177,q5177,5177,a,74,False,False,False,1,1094
5178,q5178,5178,b,74,False,False,False,1,1094
5179,q5179,5179,b,74,False,False,False,1,1094
5180,q5180,5180,b,74,False,False,False,1,1094
5181,q5181,5181,d,74,False,False,False,1,1094
5182,q5182,5182,d,74,False,False,False,1,1094
5183,q5183,5183,c,74,False,False,False,1,1094
5184,q5184,5184,d,74,False,False,False,1,1094
5185,q5185,5185,b,74,False,False,False,1,1094
5186,q5186,5186,b,74,False,False,False,1,1094
5187,q5187,5187,b,74,False,False,False,1,1094
5188,q5188,5188,c,74,False,False,False,1,1094
5189,q5189,5189,a,74,False,False,False,1,1094
5190,q5190,5190,d,74,False,False,False,1,1094
5191,q5191,5191,a,74,False,False,False,1,1094
5192,q5192,5192,c,74,False,False,False,1,1094
5193,q5193,5193,c,74,False,False,False,1,1094
5194,q5194,5194,d,74,False,False,False,1,1094
5195,q5195,5195,b,74,False,False,False,1,1094
5196,q5196,5196,d,74,False,False,False,1,1094
5197,q5197,5197,c,74,False,False,False,1,1094
5198,q5198,5198,d,74,False,False,False,1,1094
5199,q5199,5199,c,74,False,False,False,1,1094
5200,q5200,5200,a,74,False,False,False,1,1094
5201,q5201,5201,c,74,False,False,False,1,1094
5202,q5202,5202,b,74,False,False,False,1,1094
5203,q5203,5203,b,74,False,False,False,1,1094
5204,q5204,5204,d,74,False,False,False,1,1094
5205,q5205,5205,b,74,False,False,False,1,1094
5206,q5206,5206,a,105,False,False,False,1,1141
5207,q5207,5207,b,74,False,False,False,1,1094
5208,q5208,5208,c,74,False,False,False,1,1094
5209,q5209,5209,b,74,False,False,False,1,1094
5210,q5210,5210,b,74,False,False,False,1,1094
5211,q5211,5211,a,74,False,False,False,1,1094
5212,q5212,5212,c,74,False,False,False,1,1094
5213,q5213,5213,d,74,False,False,False,1,1094
5214,q5214,5214,c,74,False,False,False,1,1094
5215,q5215,5215,a,74,False,False,False,1,1094
5216,q5216,5216,a,74,False,False,False,1,1094
5217,q5217,5217,b,74,False,False,False,1,1094
5218,q5218,5218,a,95,False,False,False,1,1129
5219,q5219,5219,b,123,False,False,False,1,1169
5220,q5220,5220,b,126,False,False,False,1,1172
5221,q5221,5221,a,123,False,False,False,1,1169
5222,q5222,5222,c,90,False,False,False,1,1123
5223,q5223,5223,a,138,False,False,False,1,1188
5224,q5224,5224,c,90,False,False,False,1,1123
5225,q5225,5225,d,90,False,False,False,1,1123
5226,q5226,5226,a,121,False,False,False,1,1166
5227,q5227,5227,a,119,False,False,False,1,1162
5228,q5228,5228,a,121,False,False,False,1,1166
5229,q5229,5229,c,121,False,False,False,1,1166
5230,q5230,5230,b,122,False,False,False,1,1167
5231,q5231,5231,a,95,False,False,False,1,1129
5232,q5232,5232,d,119,False,False,False,1,1162
5233,q5233,5233,a,73,False,False,False,1,1092
5234,q5234,5234,d,72,False,False,False,1,1091
5235,q5235,5235,a,119,False,False,False,1,1162
5236,q5236,5236,a,90,False,False,False,1,1123
5237,q5237,5237,d,72,False,False,False,1,1091
5238,q5238,5238,b,138,False,False,False,1,1188
5239,q5239,5239,a,119,False,False,False,1,1162
5240,q5240,5240,d,90,False,False,False,1,1123
5241,q5241,5241,a,119,False,False,False,1,1162
5242,q5242,5242,a,140,False,False,False,1,1189
5243,q5243,5243,a,123,False,False,False,1,1169
5244,q5244,5244,b,119,False,False,False,1,1162
5245,q5245,5245,a,138,False,False,False,1,1188
5246,q5246,5246,c,123,False,False,False,1,1169
5247,q5247,5247,b,90,False,False,False,1,1123
5248,q5248,5248,a,97,False,False,False,1,1132
5249,q5249,5249,c,90,False,False,False,1,1123
5250,q5250,5250,a,73,False,False,False,1,1092
5251,q5251,5251,c,73,False,False,False,1,1092
5252,q5252,5252,c,95,False,False,False,1,1129
5253,q5253,5253,c,120,False,False,False,1,1164
5254,q5254,5254,c,119,False,False,False,1,1162
5255,q5255,5255,d,90,False,False,False,1,1123
5256,q5256,5256,b,120,False,False,False,1,1164
5257,q5257,5257,a,125,False,False,False,1,1171
5258,q5258,5258,d,87,False,False,False,1,1118
5259,q5259,5259,c,121,False,False,False,1,1166
5260,q5260,5260,c,121,False,False,False,1,1166
5261,q5261,5261,a,119,False,False,False,1,1162
5262,q5262,5262,b,108,False,False,False,1,1145
5263,q5263,5263,c,119,False,False,False,1,1162
5264,q5264,5264,a,122,False,False,False,1,1167
5265,q5265,5265,b,121,False,False,False,1,1166
5266,q5266,5266,b,121,False,False,False,1,1166
5267,q5267,5267,c,123,False,False,False,1,1169
5268,q5268,5268,a,119,False,False,False,1,1162
5269,q5269,5269,c,119,False,False,False,1,1162
5270,q5270,5270,d,120,False,False,False,1,1164
5271,q5271,5271,b,138,False,False,False,1,1188
5272,q5272,5272,b,123,False,False,False,1,1169
5273,q5273,5273,a,119,False,False,False,1,1162
5274,q5274,5274,d,90,False,False,False,1,1123
5275,q5275,5275,b,119,False,False,False,1,1162
5276,q5276,5276,d,93,False,False,False,1,1127
5277,q5277,5277,a,93,False,False,False,1,1127
5278,q5278,5278,b,93,False,False,False,1,1127
5279,q5279,5279,c,93,False,False,False,1,1127
5280,q5280,5280,c,93,False,False,False,1,1127
5281,q5281,5281,b,93,False,False,False,1,1127
5282,q5282,5282,d,117,False,False,False,1,1159
5283,q5283,5283,c,93,False,False,False,1,1127
5284,q5284,5284,c,117,False,False,False,1,1159
5285,q5285,5285,b,93,False,False,False,1,1127
5286,q5286,5286,c,79,False,False,False,1,1104
5287,q5287,5287,c,79,False,False,False,1,1104
5288,q5288,5288,d,79,False,False,False,1,1104
5289,q5289,5289,c,79,False,False,False,1,1104
5290,q5290,5290,b,80,False,False,False,1,1105
5291,q5291,5291,a,80,False,False,False,1,1105
5292,q5292,5292,c,80,False,False,False,1,1105
5293,q5293,5293,d,80,False,False,False,1,1105
5294,q5294,5294,d,84,False,False,False,1,1112
5295,q5295,5295,c,80,False,False,False,1,1105
5296,q5296,5296,c,80,False,False,False,1,1105
5297,q5297,5297,a,80,False,False,False,1,1105
5298,q5298,5298,c,80,False,False,False,1,1105
5299,q5299,5299,b,80,False,False,False,1,1105
5300,q5300,5300,d,98,False,False,False,1,1133
5301,q5301,5301,b,98,False,False,False,1,1133
5302,q5302,5302,c,98,False,False,False,1,1133
5303,q5303,5303,b,98,False,False,False,1,1133
5304,q5304,5304,c,130,False,False,False,1,1178
5305,q5305,5305,a,130,False,False,False,1,1178
5306,q5306,5306,c,130,False,False,False,1,1178
5307,q5307,5307,c,130,False,False,False,1,1178
5308,q5308,5308,b,130,False,False,False,1,1178
5309,q5309,5309,b,130,False,False,False,1,1178
5310,q5310,5310,c,105,False,False,False,1,1141
5311,q5311,5311,d,92,False,False,False,1,1126
5312,q5312,5312,d,92,False,False,False,1,1126
5313,q5313,5313,c,113,False,False,False,1,1153
5314,q5314,5314,c,92,False,False,False,1,1126
5315,q5315,5315,a,92,False,False,False,1,1126
5316,q5316,5316,c,113,False,False,False,1,1153
5317,q5317,5317,a,92,False,False,False,1,1126
5318,q5318,5318,d,92,False,False,False,1,1126
5319,q5319,5319,c,92,False,False,False,1,1126
5320,q5320,5320,b,114,False,False,False,1,1155
5321,q5321,5321,b,114,False,False,False,1,1155
5322,q5322,5322,d,114,False,False,False,1,1155
5323,q5323,5323,b,114,False,False,False,1,1155
5324,q5324,5324,b,81,False,False,False,1,1107
5325,q5325,5325,b,81,False,False,False,1,1107
5326,q5326,5326,c,92,False,False,False,1,1126
5327,q5327,5327,b,114,False,False,False,1,1155
5328,q5328,5328,b,115,False,False,False,1,1156
5329,q5329,5329,b,115,False,False,False,1,1156
5330,q5330,5330,a,116,False,False,False,1,1158
5331,q5331,5331,a,116,False,False,False,1,1158
5332,q5332,5332,a,116,False,False,False,1,1158
5333,q5333,5333,b,116,False,False,False,1,1158
5334,q5334,5334,c,116,False,False,False,1,1158
5335,q5335,5335,d,78,False,False,False,1,1102
5336,q5336,5336,b,92,False,False,False,1,1126
5337,q5337,5337,b,92,False,False,False,1,1126
5338,q5338,5338,d,116,False,False,False,1,1158
5339,q5339,5339,c,92,False,False,False,1,1126
5340,q5340,5340,d,135,False,False,False,1,1185
5341,q5341,5341,a,135,False,False,False,1,1185
5342,q5342,5342,d,135,False,False,False,1,1185
5343,q5343,5343,c,135,False,False,False,1,1185
5344,q5344,5344,b,135,False,False,False,1,1185
5345,q5345,5345,c,135,False,False,False,1,1185
5346,q5346,5346,c,72,False,False,False,1,1091
5347,q5347,5347,c,72,False,False,False,1,1091
5348,q5348,5348,d,72,False,False,False,1,1091
5349,q5349,5349,a,81,False,False,False,1,1107
5350,q5350,5350,a,81,False,False,False,1,1107
5351,q5351,5351,b,81,False,False,False,1,1107
5352,q5352,5352,d,81,False,False,False,1,1107
5353,q5353,5353,a,81,False,False,False,1,1107
5354,q5354,5354,b,90,False,False,False,1,1123
5355,q5355,5355,d,78,False,False,False,1,1102
5356,q5356,5356,b,78,False,False,False,1,1102
5357,q5357,5357,b,78,False,False,False,1,1102
5358,q5358,5358,d,78,False,False,False,1,1102
5359,q5359,5359,c,78,False,False,False,1,1102
5360,q5360,5360,d,78,False,False,False,1,1102
5361,q5361,5361,c,78,False,False,False,1,1102
5362,q5362,5362,b,78,False,False,False,1,1102
5363,q5363,5363,b,78,False,False,False,1,1102
5364,q5364,5364,b,78,False,False,False,1,1102
5365,q5365,5365,d,78,False,False,False,1,1102
5366,q5366,5366,b,78,False,False,False,1,1102
5367,q5367,5367,b,78,False,False,False,1,1102
5368,q5368,5368,a,86,False,False,False,1,1116
5369,q5369,5369,a,106,False,False,False,1,1142
5370,q5370,5370,b,106,False,False,False,1,1142
5371,q5371,5371,a,106,False,False,False,1,1142
5372,q5372,5372,b,106,False,False,False,1,1142
5373,q5373,5373,a,82,False,False,False,1,1109
5374,q5374,5374,b,86,False,False,False,1,1116
5375,q5375,5375,c,86,False,False,False,1,1116
5376,q5376,5376,d,98,False,False,False,1,1133
5377,q5377,5377,c,84,False,False,False,1,1112
5378,q5378,5378,d,98,False,False,False,1,1133
5379,q5379,5379,c,104,False,False,False,1,1140
5380,q5380,5380,b,84,False,False,False,1,1112
5381,q5381,5381,a,84,False,False,False,1,1112
5382,q5382,5382,d,71,False,False,False,1,1089
5383,q5383,5383,d,71,False,False,False,1,1089
5384,q5384,5384,b,71,False,False,False,1,1089
5385,q5385,5385,c,71,False,False,False,1,1089
5386,q5386,5386,d,71,False,False,False,1,1089
5387,q5387,5387,a,71,False,False,False,1,1089
5388,q5388,5388,c,138,False,False,False,1,1188
5389,q5389,5389,c,138,False,False,False,1,1188
5390,q5390,5390,c,138,False,False,False,1,1188
5391,q5391,5391,a,138,False,False,False,1,1188
5392,q5392,5392,a,138,False,False,False,1,1188
5393,q5393,5393,d,133,False,False,False,1,1182
5394,q5394,5394,d,133,False,False,False,1,1182
5395,q5395,5395,c,133,False,False,False,1,1182
5396,q5396,5396,b,133,False,False,False,1,1182
5397,q5397,5397,d,105,False,False,False,1,1141
5398,q5398,5398,c,105,False,False,False,1,1141
5399,q5399,5399,d,74,False,False,False,1,1094
5400,q5400,5400,d,99,False,False,False,1,1134
5401,q5401,5401,d,97,False,False,False,1,1132
5402,q5402,5402,c,90,False,False,False,1,1123
5403,q5403,5403,b,99,False,False,False,1,1134
5404,q5404,5404,b,78,False,False,False,1,1102
5405,q5405,5405,d,97,False,False,False,1,1132
5406,q5406,5406,a,134,False,False,False,1,1183
5407,q5407,5407,c,133,False,False,False,1,1182
5408,q5408,5408,a,78,False,False,False,1,1102
5409,q5409,5409,a,78,False,False,False,1,1102
5410,q5410,5410,c,78,False,False,False,1,1102
5411,q5411,5411,b,72,False,False,False,1,1091
5412,q5412,5412,a,78,False,False,False,1,1102
5413,q5413,5413,d,133,False,False,False,1,1182
5414,q5414,5414,c,134,False,False,False,1,1183
5415,q5415,5415,c,133,False,False,False,1,1182
5416,q5416,5416,d,134,False,False,False,1,1183
5417,q5417,5417,c,133,False,False,False,1,1182
5418,q5418,5418,b,78,False,False,False,1,1102
5419,q5419,5419,d,78,False,False,False,1,1102
5420,q5420,5420,a,78,False,False,False,1,1102
5421,q5421,5421,b,78,False,False,False,1,1102
5422,q5422,5422,c,78,False,False,False,1,1102
5423,q5423,5423,d,104,False,False,False,1,1140
5424,q5424,5424,d,98,False,False,False,1,1133
5425,q5425,5425,d,78,False,False,False,1,1102
5426,q5426,5426,c,71,False,False,False,1,1089
5427,q5427,5427,c,83,False,False,False,1,1110
5428,q5428,5428,d,86,False,False,False,1,1116
5429,q5429,5429,b,86,False,False,False,1,1116
5430,q5430,5430,b,103,False,False,False,1,1139
5431,q5431,5431,c,86,False,False,False,1,1116
5432,q5432,5432,c,86,False,False,False,1,1116
5433,q5433,5433,b,96,False,False,False,1,1131
5434,q5434,5434,b,106,False,False,False,1,1142
5435,q5435,5435,b,96,False,False,False,1,1131
5436,q5436,5436,a,96,False,False,False,1,1131
5437,q5437,5437,a,82,False,False,False,1,1109
5438,q5438,5438,a,96,False,False,False,1,1131
5439,q5439,5439,a,96,False,False,False,1,1131
5440,q5440,5440,a,86,False,False,False,1,1116
5441,q5441,5441,a,96,False,False,False,1,1131
5442,q5442,5442,b,96,False,False,False,1,1131
5443,q5443,5443,b,106,False,False,False,1,1142
5444,q5444,5444,c,103,False,False,False,1,1139
5445,q5445,5445,a,82,False,False,False,1,1109
5446,q5446,5446,c,86,False,False,False,1,1116
5447,q5447,5447,a,106,False,False,False,1,1142
5448,q5448,5448,a,82,False,False,False,1,1109
5449,q5449,5449,a,82,False,False,False,1,1109
5450,q5450,5450,a,86,False,False,False,1,1116
5451,q5451,5451,c,103,False,False,False,1,1139
5452,q5452,5452,b,82,False,False,False,1,1109
5453,q5453,5453,b,103,False,False,False,1,1139
5454,q5454,5454,d,82,False,False,False,1,1109
5455,q5455,5455,b,96,False,False,False,1,1131
5456,q5456,5456,b,82,False,False,False,1,1109
5457,q5457,5457,d,86,False,False,False,1,1116
5458,q5458,5458,c,106,False,False,False,1,1142
5459,q5459,5459,b,96,False,False,False,1,1131
5460,q5460,5460,a,106,False,False,False,1,1142
5461,q5461,5461,b,106,False,False,False,1,1142
5462,q5462,5462,d,86,False,False,False,1,1116
5463,q5463,5463,a,103,False,False,False,1,1139
5464,q5464,5464,c,106,False,False,False,1,1142
5465,q5465,5465,a,106,False,False,False,1,1142
5466,q5466,5466,a,96,False,False,False,1,1131
5467,q5467,5467,a,96,False,False,False,1,1131
5468,q5468,5468,b,106,False,False,False,1,1142
5469,q5469,5469,b,86,False,False,False,1,1116
5470,q5470,5470,a,103,False,False,False,1,1139
5471,q5471,5471,a,86,False,False,False,1,1116
5472,q5472,5472,b,106,False,False,False,1,1142
5473,q5473,5473,b,106,False,False,False,1,1142
5474,q5474,5474,d,106,False,False,False,1,1142
5475,q5475,5475,a,103,False,False,False,1,1139
5476,q5476,5476,d,106,False,False,False,1,1142
5477,q5477,5477,a,106,False,False,False,1,1142
5478,q5478,5478,d,103,False,False,False,1,1139
5479,q5479,5479,a,106,False,False,False,1,1142
5480,q5480,5480,b,106,False,False,False,1,1142
5481,q5481,5481,a,86,False,False,False,1,1116
5482,q5482,5482,a,86,False,False,False,1,1116
5483,q5483,5483,b,86,False,False,False,1,1116
5484,q5484,5484,a,86,False,False,False,1,1116
5485,q5485,5485,a,96,False,False,False,1,1131
5486,q5486,5486,c,96,False,False,False,1,1131
5487,q5487,5487,b,106,False,False,False,1,1142
5488,q5488,5488,b,86,False,False,False,1,1116
5489,q5489,5489,d,106,False,False,False,1,1142
5490,q5490,5490,a,96,False,False,False,1,1131
5491,q5491,5491,a,86,False,False,False,1,1116
5492,q5492,5492,a,82,False,False,False,1,1109
5493,q5493,5493,c,86,False,False,False,1,1116
5494,q5494,5494,d,82,False,False,False,1,1109
5495,q5495,5495,b,96,False,False,False,1,1131
5496,q5496,5496,a,82,False,False,False,1,1109
5497,q5497,5497,a,103,False,False,False,1,1139
5498,q5498,5498,c,82,False,False,False,1,1109
5499,q5499,5499,a,106,False,False,False,1,1142
5500,q5500,5500,a,82,False,False,False,1,1109
5501,q5501,5501,b,82,False,False,False,1,1109
5502,q5502,5502,b,82,False,False,False,1,1109
5503,q5503,5503,c,82,False,False,False,1,1109
5504,q5504,5504,a,106,False,False,False,1,1142
5505,q5505,5505,b,106,False,False,False,1,1142
5506,q5506,5506,a,106,False,False,False,1,1142
5507,q5507,5507,b,96,False,False,False,1,1131
5508,q5508,5508,b,96,False,False,False,1,1131
5509,q5509,5509,a,96,False,False,False,1,1131
5510,q5510,5510,a,96,False,False,False,1,1131
5511,q5511,5511,c,82,False,False,False,1,1109
5512,q5512,5512,a,86,False,False,False,1,1116
5513,q5513,5513,c,86,False,False,False,1,1116
5514,q5514,5514,a,86,False,False,False,1,1116
5515,q5515,5515,d,82,False,False,False,1,1109
5516,q5516,5516,c,82,False,False,False,1,1109
5517,q5517,5517,d,86,False,False,False,1,1116
5518,q5518,5518,c,82,False,False,False,1,1109
5519,q5519,5519,a,82,False,False,False,1,1109
5520,q5520,5520,a,96,False,False,False,1,1131
5521,q5521,5521,a,82,False,False,False,1,1109
5522,q5522,5522,a,86,False,False,False,1,1116
5523,q5523,5523,a,106,False,False,False,1,1142
5524,q5524,5524,a,82,False,False,False,1,1109
5525,q5525,5525,c,106,False,False,False,1,1142
5526,q5526,5526,a,103,False,False,False,1,1139
5527,q5527,5527,a,84,False,False,False,1,1112
5528,q5528,5528,a,119,False,False,False,1,1162
5529,q5529,5529,a,84,False,False,False,1,1112
5530,q5530,5530,b,104,False,False,False,1,1140
5531,q5531,5531,a,80,False,False,False,1,1105
5532,q5532,5532,c,80,False,False,False,1,1105
5533,q5533,5533,a,84,False,False,False,1,1112
5534,q5534,5534,b,98,False,False,False,1,1133
5535,q5535,5535,c,80,False,False,False,1,1105
5536,q5536,5536,a,84,False,False,False,1,1112
5537,q5537,5537,b,80,False,False,False,1,1105
5538,q5538,5538,a,84,False,False,False,1,1112
5539,q5539,5539,b,98,False,False,False,1,1133
5540,q5540,5540,a,80,False,False,False,1,1105
5541,q5541,5541,c,98,False,False,False,1,1133
5542,q5542,5542,b,98,False,False,False,1,1133
5543,q5543,5543,a,84,False,False,False,1,1112
5544,q5544,5544,b,84,False,False,False,1,1112
5545,q5545,5545,a,80,False,False,False,1,1105
5546,q5546,5546,b,84,False,False,False,1,1112
5547,q5547,5547,c,80,False,False,False,1,1105
5548,q5548,5548,d,84,False,False,False,1,1112
5549,q5549,5549,a,84,False,False,False,1,1112
5550,q5550,5550,b,98,False,False,False,1,1133
5551,q5551,5551,c,98,False,False,False,1,1133
5552,q5552,5552,a,80,False,False,False,1,1105
5553,q5553,5553,b,104,False,False,False,1,1140
5554,q5554,5554,a,80,False,False,False,1,1105
5555,q5555,5555,d,84,False,False,False,1,1112
5556,q5556,5556,a,80,False,False,False,1,1105
5557,q5557,5557,a,80,False,False,False,1,1105
5558,q5558,5558,a,84,False,False,False,1,1112
5559,q5559,5559,b,84,False,False,False,1,1112
5560,q5560,5560,c,84,False,False,False,1,1112
5561,q5561,5561,a,84,False,False,False,1,1112
5562,q5562,5562,b,84,False,False,False,1,1112
5563,q5563,5563,a,84,False,False,False,1,1112
5564,q5564,5564,d,84,False,False,False,1,1112
5565,q5565,5565,c,84,False,False,False,1,1112
5566,q5566,5566,a,98,False,False,False,1,1133
5567,q5567,5567,a,84,False,False,False,1,1112
5568,q5568,5568,a,84,False,False,False,1,1112
5569,q5569,5569,b,98,False,False,False,1,1133
5570,q5570,5570,c,80,False,False,False,1,1105
5571,q5571,5571,b,98,False,False,False,1,1133
5572,q5572,5572,a,84,False,False,False,1,1112
5573,q5573,5573,d,80,False,False,False,1,1105
5574,q5574,5574,c,104,False,False,False,1,1140
5575,q5575,5575,a,104,False,False,False,1,1140
5576,q5576,5576,a,80,False,False,False,1,1105
5577,q5577,5577,a,84,False,False,False,1,1112
5578,q5578,5578,b,84,False,False,False,1,1112
5579,q5579,5579,c,84,False,False,False,1,1112
5580,q5580,5580,a,84,False,False,False,1,1112
5581,q5581,5581,b,84,False,False,False,1,1112
5582,q5582,5582,a,80,False,False,False,1,1105
5583,q5583,5583,d,84,False,False,False,1,1112
5584,q5584,5584,c,98,False,False,False,1,1133
5585,q5585,5585,a,104,False,False,False,1,1140
5586,q5586,5586,a,84,False,False,False,1,1112
5587,q5587,5587,a,98,False,False,False,1,1133
5588,q5588,5588,a,98,False,False,False,1,1133
5589,q5589,5589,a,84,False,False,False,1,1112
5590,q5590,5590,a,104,False,False,False,1,1140
5591,q5591,5591,a,80,False,False,False,1,1105
5592,q5592,5592,d,98,False,False,False,1,1133
5593,q5593,5593,d,98,False,False,False,1,1133
5594,q5594,5594,d,80,False,False,False,1,1105
5595,q5595,5595,d,98,False,False,False,1,1133
5596,q5596,5596,d,104,False,False,False,1,1140
5597,q5597,5597,a,98,False,False,False,1,1133
5598,q5598,5598,a,98,False,False,False,1,1133
5599,q5599,5599,a,84,False,False,False,1,1112
5600,q5600,5600,a,98,False,False,False,1,1133
5601,q5601,5601,a,84,False,False,False,1,1112
5602,q5602,5602,a,98,False,False,False,1,1133
5603,q5603,5603,a,84,False,False,False,1,1112
5604,q5604,5604,a,98,False,False,False,1,1133
5605,q5605,5605,a,84,False,False,False,1,1112
5606,q5606,5606,a,98,False,False,False,1,1133
5607,q5607,5607,a,104,False,False,False,1,1140
5608,q5608,5608,d,74,False,False,False,1,1094
5609,q5609,5609,c,83,False,False,False,1,1110
5610,q5610,5610,a,85,False,False,False,1,1114
5611,q5611,5611,d,98,False,False,False,1,1133
5612,q5612,5612,a,88,False,False,False,1,1120
5613,q5613,5613,d,83,False,False,False,1,1110
5614,q5614,5614,b,74,False,False,False,1,1094
5615,q5615,5615,d,85,False,False,False,1,1114
5616,q5616,5616,b,77,False,False,False,1,1100
5617,q5617,5617,d,119,False,False,False,1,1162
5618,q5618,5618,b,76,False,False,False,1,1098
5619,q5619,5619,b,86,False,False,False,1,1116
5620,q5620,5620,c,74,False,False,False,1,1094
5621,q5621,5621,c,98,False,False,False,1,1133
5622,q5622,5622,a,76,False,False,False,1,1098
5623,q5623,5623,b,81,False,False,False,1,1107
5624,q5624,5624,c,96,False,False,False,1,1131
5625,q5625,5625,a,82,False,False,False,1,1109
5626,q5626,5626,c,83,False,False,False,1,1110
5627,q5627,5627,d,74,False,False,False,1,1094
5628,q5628,5628,b,86,False,False,False,1,1116
5629,q5629,5629,d,77,False,False,False,1,1100
5630,q5630,5630,d,73,False,False,False,1,1092
5631,q5631,5631,c,74,False,False,False,1,1094
5632,q5632,5632,a,89,False,False,False,1,1122
5633,q5633,5633,d,71,False,False,False,1,1089
5634,q5634,5634,a,98,False,False,False,1,1133
5635,q5635,5635,d,93,False,False,False,1,1127
5636,q5636,5636,a,77,False,False,False,1,1100
5637,q5637,5637,c,92,False,False,False,1,1126
5638,q5638,5638,d,94,False,False,False,1,1128
5639,q5639,5639,b,86,False,False,False,1,1116
5640,q5640,5640,a,76,False,False,False,1,1098
5641,q5641,5641,b,74,False,False,False,1,1094
5642,q5642,5642,d,98,False,False,False,1,1133
5643,q5643,5643,b,71,False,False,False,1,1089
5644,q5644,5644,c,80,False,False,False,1,1105
5645,q5645,5645,b,83,False,False,False,1,1110
5646,q5646,5646,c,130,False,False,False,1,1178
5647,q5647,5647,a,74,False,False,False,1,1094
5648,q5648,5648,d,128,False,False,False,1,1174
5649,q5649,5649,d,128,False,False,False,1,1174
5650,q5650,5650,d,128,False,False,False,1,1174
5651,q5651,5651,d,72,False,False,False,1,1091
5652,q5652,5652,c,140,False,False,False,1,1189
5653,q5653,5653,b,131,False,False,False,1,1180
5654,q5654,5654,a,135,False,False,False,1,1185
5655,q5655,5655,c,72,False,False,False,1,1091
5656,q5656,5656,c,122,False,False,False,1,1167
5657,q5657,5657,a,72,False,False,False,1,1091
5658,q5658,5658,c,87,False,False,False,1,1118
5659,q5659,5659,b,87,False,False,False,1,1118
5660,q5660,5660,b,87,False,False,False,1,1118
5661,q5661,5661,c,90,False,False,False,1,1123
5662,q5662,5662,b,87,False,False,False,1,1118
5663,q5663,5663,a,120,False,False,False,1,1164
5664,q5664,5664,c,95,False,False,False,1,1129
5665,q5665,5665,d,73,False,False,False,1,1092
5666,q5666,5666,d,119,False,False,False,1,1162
5667,q5667,5667,b,124,False,False,False,1,1170
5668,q5668,5668,a,119,False,False,False,1,1162
5669,q5669,5669,a,120,False,False,False,1,1164
5670,q5670,5670,b,119,False,False,False,1,1162
5671,q5671,5671,d,90,False,False,False,1,1123
5672,q5672,5672,a,119,False,False,False,1,1162
5673,q5673,5673,a,121,False,False,False,1,1166
5674,q5674,5674,c,121,False,False,False,1,1166
5675,q5675,5675,a,121,False,False,False,1,1166
5676,q5676,5676,c,122,False,False,False,1,1167
5677,q5677,5677,b,122,False,False,False,1,1167
5678,q5678,5678,b,95,False,False,False,1,1129
5679,q5679,5679,a,85,False,False,False,1,1114
5680,q5680,5680,c,85,False,False,False,1,1114
5681,q5681,5681,d,89,False,False,False,1,1122
5682,q5682,5682,c,137,False,False,False,1,1187
5683,q5683,5683,a,137,False,False,False,1,1187
5684,q5684,5684,c,98,False,False,False,1,1133
5685,q5685,5685,d,104,False,False,False,1,1140
5686,q5686,5686,b,104,False,False,False,1,1140
5687,q5687,5687,b,124,False,False,False,1,1170
5688,q5688,5688,d,71,False,False,False,1,1089
5689,q5689,5689,b,74,False,False,False,1,1094
5690,q5690,5690,b,119,False,False,False,1,1162
5691,q5691,5691,c,126,False,False,False,1,1172
5692,q5692,5692,b,80,False,False,False,1,1105
5693,q5693,5693,a,126,False,False,False,1,1172
5694,q5694,5694,a,123,False,False,False,1,1169
5695,q5695,5695,a,123,False,False,False,1,1169
5696,q5696,5696,b,85,False,False,False,1,1114
5697,q5697,5697,b,77,False,False,False,1,1100
5698,q5698,5698,d,77,False,False,False,1,1100
5699,q5699,5699,d,77,False,False,False,1,1100
5700,q5700,5700,d,85,False,False,False,1,1114
5701,q5701,5701,a,77,False,False,False,1,1100
5702,q5702,5702,d,77,False,False,False,1,1100
5703,q5703,5703,b,77,False,False,False,1,1100
5704,q5704,5704,b,85,False,False,False,1,1114
5705,q5705,5705,b,85,False,False,False,1,1114
5706,q5706,5706,b,85,False,False,False,1,1114
5707,q5707,5707,c,85,False,False,False,1,1114
5708,q5708,5708,d,85,False,False,False,1,1114
5709,q5709,5709,a,83,False,False,False,1,1110
5710,q5710,5710,a,83,False,False,False,1,1110
5711,q5711,5711,b,83,False,False,False,1,1110
5712,q5712,5712,a,83,False,False,False,1,1110
5713,q5713,5713,a,71,False,False,False,1,1089
5714,q5714,5714,b,76,False,False,False,1,1098
5715,q5715,5715,b,76,False,False,False,1,1098
5716,q5716,5716,a,76,False,False,False,1,1098
5717,q5717,5717,a,76,False,False,False,1,1098
5718,q5718,5718,c,76,False,False,False,1,1098
5719,q5719,5719,d,83,False,False,False,1,1110
5720,q5720,5720,a,83,False,False,False,1,1110
5721,q5721,5721,a,76,False,False,False,1,1098
5722,q5722,5722,b,83,False,False,False,1,1110
5723,q5723,5723,a,98,False,False,False,1,1133
5724,q5724,5724,b,117,False,False,False,1,1159
5725,q5725,5725,c,117,False,False,False,1,1159
5726,q5726,5726,a,74,False,False,False,1,1094
5727,q5727,5727,c,105,False,False,False,1,1141
5728,q5728,5728,b,74,False,False,False,1,1094
5729,q5729,5729,d,74,False,False,False,1,1094
5730,q5730,5730,b,77,False,False,False,1,1100
5731,q5731,5731,c,75,False,False,False,1,1096
5732,q5732,5732,c,88,False,False,False,1,1120
5733,q5733,5733,b,88,False,False,False,1,1120
5734,q5734,5734,b,88,False,False,False,1,1120
5735,q5735,5735,d,75,False,False,False,1,1096
5736,q5736,5736,a,75,False,False,False,1,1096
5737,q5737,5737,c,75,False,False,False,1,1096
5738,q5738,5738,b,118,False,False,False,1,1161
5739,q5739,5739,b,94,False,False,False,1,1128
5740,q5740,5740,b,118,False,False,False,1,1161
5741,q5741,5741,d,118,False,False,False,1,1161
5742,q5742,5742,b,129,False,False,False,1,1176
5743,q5743,5743,d,129,False,False,False,1,1176
5744,q5744,5744,c,129,False,False,False,1,1176
5745,q5745,5745,c,129,False,False,False,1,1176
5746,q5746,5746,d,129,False,False,False,1,1176
5747,q5747,5747,d,94,False,False,False,1,1128
5748,q5748,5748,b,94,False,False,False,1,1128
5749,q5749,5749,d,74,False,False,False,1,1094
5750,q5750,5750,a,74,False,False,False,1,1094
5751,q5751,5751,d,74,False,False,False,1,1094
5752,q5752,5752,d,74,False,False,False,1,1094
5753,q5753,5753,c,74,False,False,False,1,1094
5754,q5754,5754,c,74,False,False,False,1,1094
5755,q5755,5755,b,74,False,False,False,1,1094
5756,q5756,5756,b,74,False,False,False,1,1094
5757,q5757,5757,b,103,False,False,False,1,1139
5758,q5758,5758,b,117,False,False,False,1,1159
5759,q5759,5759,c,100,False,False,False,1,1136
5760,q5760,5760,b,83,False,False,False,1,1110
5761,q5761,5761,c,102,False,False,False,1,1138
5762,q5762,5762,d,83,False,False,False,1,1110
5763,q5763,5763,d,101,False,False,False,1,1137
5764,q5764,5764,b,98,False,False,False,1,1133
5765,q5765,5765,a,91,False,False,False,1,1125
5766,q5766,5766,b,83,False,False,False,1,1110
5767,q5767,5767,b,133,False,False,False,1,1182
5768,q5768,5768,c,131,False,False,False,1,1180
5769,q5769,5769,a,89,False,False,False,1,1122
5770,q5770,5770,c,108,False,False,False,1,1145
5771,q5771,5771,b,89,False,False,False,1,1122
5772,q5772,5772,d,109,False,False,False,1,1147
5773,q5773,5773,b,109,False,False,False,1,1147
5774,q5774,5774,a,109,False,False,False,1,1147
5775,q5775,5775,d,109,False,False,False,1,1147
5776,q5776,5776,c,107,False,False,False,1,1144
5777,q5777,5777,c,107,False,False,False,1,1144
5778,q5778,5778,b,107,False,False,False,1,1144
5779,q5779,5779,b,107,False,False,False,1,1144
5780,q5780,5780,b,110,False,False,False,1,1149
5781,q5781,5781,a,107,False,False,False,1,1144
5782,q5782,5782,c,89,False,False,False,1,1122
5783,q5783,5783,d,107,False,False,False,1,1144
5784,q5784,5784,d,144,False,False,False,1,1194
5785,q5785,5785,b,109,False,False,False,1,1147
5786,q5786,5786,d,89,False,False,False,1,1122
5787,q5787,5787,a,112,False,False,False,1,1152
5788,q5788,5788,b,74,False,False,False,1,1094
5789,q5789,5789,a,74,False,False,False,1,1094
5790,q5790,5790,c,74,False,False,False,1,1094
5791,q5791,5791,b,74,False,False,False,1,1094
5792,q5792,5792,a,74,False,False,False,1,1094
5793,q5793,5793,a,74,False,False,False,1,1094
5794,q5794,5794,d,74,False,False,False,1,1094
5795,q5795,5795,b,74,False,False,False,1,1094
5796,q5796,5796,d,74,False,False,False,1,1094
5797,q5797,5797,b,74,False,False,False,1,1094
5798,q5798,5798,c,74,False,False,False,1,1094
5799,q5799,5799,b,74,False,False,False,1,1094
5800,q5800,5800,b,74,False,False,False,1,1094
5801,q5801,5801,c,74,False,False,False,1,1094
5802,q5802,5802,b,74,False,False,False,1,1094
5803,q5803,5803,b,74,False,False,False,1,1094
5804,q5804,5804,b,74,False,False,False,1,1094
5805,q5805,5805,d,74,False,False,False,1,1094
5806,q5806,5806,d,74,False,False,False,1,1094
5807,q5807,5807,d,74,False,False,False,1,1094
5808,q5808,5808,c,74,False,False,False,1,1094
5809,q5809,5809,b,74,False,False,False,1,1094
5810,q5810,5810,a,74,False,False,False,1,1094
5811,q5811,5811,c,74,False,False,False,1,1094
5812,q5812,5812,a,74,False,False,False,1,1094
5813,q5813,5813,b,74,False,False,False,1,1094
5814,q5814,5814,d,74,False,False,False,1,1094
5815,q5815,5815,c,74,False,False,False,1,1094
5816,q5816,5816,a,74,False,False,False,1,1094
5817,q5817,5817,b,74,False,False,False,1,1094
5818,q5818,5818,d,74,False,False,False,1,1094
5819,q5819,5819,a,74,False,False,False,1,1094
5820,q5820,5820,a,74,False,False,False,1,1094
5821,q5821,5821,d,74,False,False,False,1,1094
5822,q5822,5822,d,74,False,False,False,1,1094
5823,q5823,5823,c,74,False,False,False,1,1094
5824,q5824,5824,d,74,False,False,False,1,1094
5825,q5825,5825,d,74,False,False,False,1,1094
5826,q5826,5826,a,74,False,False,False,1,1094
5827,q5827,5827,d,74,False,False,False,1,1094
5828,q5828,5828,a,74,False,False,False,1,1094
5829,q5829,5829,c,74,False,False,False,1,1094
5830,q5830,5830,b,74,False,False,False,1,1094
5831,q5831,5831,d,74,False,False,False,1,1094
5832,q5832,5832,b,98,False,False,False,1,1133
5833,q5833,5833,c,84,False,False,False,1,1112
5834,q5834,5834,d,98,False,False,False,1,1133
5835,q5835,5835,c,98,False,False,False,1,1133
5836,q5836,5836,b,98,False,False,False,1,1133
5837,q5837,5837,a,98,False,False,False,1,1133
5838,q5838,5838,b,80,False,False,False,1,1105
5839,q5839,5839,c,84,False,False,False,1,1112
5840,q5840,5840,c,98,False,False,False,1,1133
5841,q5841,5841,c,80,False,False,False,1,1105
5842,q5842,5842,b,98,False,False,False,1,1133
5843,q5843,5843,a,84,False,False,False,1,1112
5844,q5844,5844,b,98,False,False,False,1,1133
5845,q5845,5845,c,98,False,False,False,1,1133
5846,q5846,5846,b,98,False,False,False,1,1133
5847,q5847,5847,c,98,False,False,False,1,1133
5848,q5848,5848,a,98,False,False,False,1,1133
5849,q5849,5849,b,104,False,False,False,1,1140
5850,q5850,5850,c,84,False,False,False,1,1112
5851,q5851,5851,a,80,False,False,False,1,1105
5852,q5852,5852,b,84,False,False,False,1,1112
5853,q5853,5853,b,80,False,False,False,1,1105
5854,q5854,5854,c,104,False,False,False,1,1140
5855,q5855,5855,a,98,False,False,False,1,1133
5856,q5856,5856,b,98,False,False,False,1,1133
5857,q5857,5857,c,98,False,False,False,1,1133
5858,q5858,5858,d,80,False,False,False,1,1105
5859,q5859,5859,c,119,False,False,False,1,1162
5860,q5860,5860,b,104,False,False,False,1,1140
5861,q5861,5861,a,80,False,False,False,1,1105
5862,q5862,5862,b,80,False,False,False,1,1105
5863,q5863,5863,a,80,False,False,False,1,1105
5864,q5864,5864,c,80,False,False,False,1,1105
5865,q5865,5865,a,74,False,False,False,1,1094
5866,q5866,5866,b,74,False,False,False,1,1094
5867,q5867,5867,c,74,False,False,False,1,1094
5868,q5868,5868,c,74,False,False,False,1,1094
5869,q5869,5869,b,74,False,False,False,1,1094
5870,q5870,5870,a,74,False,False,False,1,1094
5871,q5871,5871,b,74,False,False,False,1,1094
5872,q5872,5872,c,74,False,False,False,1,1094
5873,q5873,5873,b,74,False,False,False,1,1094
5874,q5874,5874,a,74,False,False,False,1,1094
5875,q5875,5875,c,74,False,False,False,1,1094
5876,q5876,5876,b,74,False,False,False,1,1094
5877,q5877,5877,a,74,False,False,False,1,1094
5878,q5878,5878,a,74,False,False,False,1,1094
5879,q5879,5879,b,74,False,False,False,1,1094
5880,q5880,5880,d,74,False,False,False,1,1094
5881,q5881,5881,c,74,False,False,False,1,1094
5882,q5882,5882,b,74,False,False,False,1,1094
5883,q5883,5883,a,74,False,False,False,1,1094
5884,q5884,5884,b,74,False,False,False,1,1094
5885,q5885,5885,b,74,False,False,False,1,1094
5886,q5886,5886,a,74,False,False,False,1,1094
5887,q5887,5887,b,74,False,False,False,1,1094
5888,q5888,5888,c,74,False,False,False,1,1094
5889,q5889,5889,b,74,False,False,False,1,1094
5890,q5890,5890,b,74,False,False,False,1,1094
5891,q5891,5891,b,74,False,False,False,1,1094
5892,q5892,5892,a,74,False,False,False,1,1094
5893,q5893,5893,c,74,False,False,False,1,1094
5894,q5894,5894,c,74,False,False,False,1,1094
5895,q5895,5895,c,119,False,False,False,1,1162
5896,q5896,5896,a,119,False,False,False,1,1162
5897,q5897,5897,b,87,False,False,False,1,1118
5898,q5898,5898,d,119,False,False,False,1,1162
5899,q5899,5899,c,121,False,False,False,1,1166
5900,q5900,5900,c,120,False,False,False,1,1164
5901,q5901,5901,d,119,False,False,False,1,1162
5902,q5902,5902,a,119,False,False,False,1,1162
5903,q5903,5903,b,<UNTAGGED>,True,False,False,0,1
5904,q5904,5904,c,98,False,False,False,1,1133
5905,q5905,5905,a,84,False,False,False,1,1112
5906,q5906,5906,b,80,False,False,False,1,1105
5907,q5907,5907,a,84,False,False,False,1,1112
5908,q5908,5908,d,80,False,False,False,1,1105
5909,q5909,5909,c,80,False,False,False,1,1105
5910,q5910,5910,a,84,False,False,False,1,1112
5911,q5911,5911,a,98,False,False,False,1,1133
5912,q5912,5912,b,80,False,False,False,1,1105
5913,q5913,5913,b,84,False,False,False,1,1112
5914,q5914,5914,b,84,False,False,False,1,1112
5915,q5915,5915,a,104,False,False,False,1,1140
5916,q5916,5916,b,84,False,False,False,1,1112
5917,q5917,5917,d,84,False,False,False,1,1112
5918,q5918,5918,c,84,False,False,False,1,1112
5919,q5919,5919,a,84,False,False,False,1,1112
5920,q5920,5920,a,84,False,False,False,1,1112
5921,q5921,5921,d,104,False,False,False,1,1140
5922,q5922,5922,d,80,False,False,False,1,1105
5923,q5923,5923,d,84,False,False,False,1,1112
5924,q5924,5924,c,84,False,False,False,1,1112
5925,q5925,5925,a,80,False,False,False,1,1105
5926,q5926,5926,d,84,False,False,False,1,1112
5927,q5927,5927,d,80,False,False,False,1,1105
5928,q5928,5928,d,80,False,False,False,1,1105
5929,q5929,5929,d,122,False,False,False,1,1167
5930,q5930,5930,a,80,False,False,False,1,1105
5931,q5931,5931,c,84,False,False,False,1,1112
5932,q5932,5932,d,84,False,False,False,1,1112
5933,q5933,5933,b,84,False,False,False,1,1112
5934,q5934,5934,b,80,False,False,False,1,1105
5935,q5935,5935,d,84,False,False,False,1,1112
5936,q5936,5936,b,84,False,False,False,1,1112
5937,q5937,5937,d,84,False,False,False,1,1112
5938,q5938,5938,a,84,False,False,False,1,1112
5939,q5939,5939,a,71,False,False,False,1,1089
5940,q5940,5940,a,84,False,False,False,1,1112
5941,q5941,5941,b,84,False,False,False,1,1112
5942,q5942,5942,b,84,False,False,False,1,1112
5943,q5943,5943,b,84,False,False,False,1,1112
5944,q5944,5944,c,84,False,False,False,1,1112
5945,q5945,5945,d,84,False,False,False,1,1112
5946,q5946,5946,c,80,False,False,False,1,1105
5947,q5947,5947,a,84,False,False,False,1,1112
5948,q5948,5948,a,84,False,False,False,1,1112
5949,q5949,5949,a,84,False,False,False,1,1112
5950,q5950,5950,d,80,False,False,False,1,1105
5951,q5951,5951,b,80,False,False,False,1,1105
5952,q5952,5952,a,80,False,False,False,1,1105
5953,q5953,5953,a,80,False,False,False,1,1105
5954,q5954,5954,a,80,False,False,False,1,1105
5955,q5955,5955,b,80,False,False,False,1,1105
5956,q5956,5956,b,84,False,False,False,1,1112
5957,q5957,5957,c,84,False,False,False,1,1112
5958,q5958,5958,a,84,False,False,False,1,1112
5959,q5959,5959,b,98,False,False,False,1,1133
5960,q5960,5960,c,104,False,False,False,1,1140
5961,q5961,5961,a,84,False,False,False,1,1112
5962,q5962,5962,c,98,False,False,False,1,1133
5963,q5963,5963,a,84,False,False,False,1,1112
5964,q5964,5964,a,84,False,False,False,1,1112
5965,q5965,5965,b,80,False,False,False,1,1105
5966,q5966,5966,d,98,False,False,False,1,1133
5967,q5967,5967,b,84,False,False,False,1,1112
5968,q5968,5968,b,84,False,False,False,1,1112
5969,q5969,5969,a,84,False,False,False,1,1112
5970,q5970,5970,a,80,False,False,False,1,1105
5971,q5971,5971,a,84,False,False,False,1,1112
5972,q5972,5972,c,80,False,False,False,1,1105
5973,q5973,5973,b,84,False,False,False,1,1112
5974,q5974,5974,c,84,False,False,False,1,1112
5975,q5975,5975,b,84,False,False,False,1,1112
5976,q5976,5976,a,84,False,False,False,1,1112
5977,q5977,5977,a,80,False,False,False,1,1105
5978,q5978,5978,b,80,False,False,False,1,1105
5979,q5979,5979,a,80,False,False,False,1,1105
5980,q5980,5980,c,98,False,False,False,1,1133
5981,q5981,5981,c,98,False,False,False,1,1133
5982,q5982,5982,a,98,False,False,False,1,1133
5983,q5983,5983,b,98,False,False,False,1,1133
5984,q5984,5984,d,98,False,False,False,1,1133
5985,q5985,5985,b,98,False,False,False,1,1133
5986,q5986,5986,b,98,False,False,False,1,1133
5987,q5987,5987,a,104,False,False,False,1,1140
5988,q5988,5988,a,84,False,False,False,1,1112
5989,q5989,5989,a,84,False,False,False,1,1112
5990,q5990,5990,a,98,False,False,False,1,1133
5991,q5991,5991,a,80,False,False,False,1,1105
5992,q5992,5992,a,119,False,False,False,1,1162
5993,q5993,5993,a,98,False,False,False,1,1133
5994,q5994,5994,a,98,False,False,False,1,1133
5995,q5995,5995,a,84,False,False,False,1,1112
5996,q5996,5996,a,104,False,False,False,1,1140
5997,q5997,5997,a,98,False,False,False,1,1133
5998,q5998,5998,a,84,False,False,False,1,1112
5999,q5999,5999,a,98,False,False,False,1,1133
6000,q6000,6000,a,98,False,False,False,1,1133
6001,q6001,6001,a,84,False,False,False,1,1112
6002,q6002,6002,a,84,False,False,False,1,1112
6003,q6003,6003,a,98,False,False,False,1,1133
6004,q6004,6004,a,98,False,False,False,1,1133
6005,q6005,6005,a,84,False,False,False,1,1112
6006,q6006,6006,a,98,False,False,False,1,1133
6007,q6007,6007,a,84,False,False,False,1,1112
6008,q6008,6008,a,98,False,False,False,1,1133
6009,q6009,6009,a,98,False,False,False,1,1133
6010,q6010,6010,a,104,False,False,False,1,1140
6011,q6011,6011,a,98,False,False,False,1,1133
6012,q6012,6012,a,98,False,False,False,1,1133
6013,q6013,6013,a,104,False,False,False,1,1140
6014,q6014,6014,a,80,False,False,False,1,1105
6015,q6015,6015,a,98,False,False,False,1,1133
6016,q6016,6016,a,98,False,False,False,1,1133
6017,q6017,6017,c,96,False,False,False,1,1131
6018,q6018,6018,c,86,False,False,False,1,1116
6019,q6019,6019,c,86,False,False,False,1,1116
6020,q6020,6020,d,96,False,False,False,1,1131
6021,q6021,6021,a,82,False,False,False,1,1109
6022,q6022,6022,b,96,False,False,False,1,1131
6023,q6023,6023,c,86,False,False,False,1,1116
6024,q6024,6024,a,103,False,False,False,1,1139
6025,q6025,6025,b,82,False,False,False,1,1109
6026,q6026,6026,a,96,False,False,False,1,1131
6027,q6027,6027,c,86,False,False,False,1,1116
6028,q6028,6028,d,96,False,False,False,1,1131
6029,q6029,6029,c,103,False,False,False,1,1139
6030,q6030,6030,a,103,False,False,False,1,1139
6031,q6031,6031,d,82,False,False,False,1,1109
6032,q6032,6032,b,77,False,False,False,1,1100
6033,q6033,6033,d,106,False,False,False,1,1142
6034,q6034,6034,b,106,False,False,False,1,1142
6035,q6035,6035,b,106,False,False,False,1,1142
6036,q6036,6036,c,103,False,False,False,1,1139
6037,q6037,6037,c,82,False,False,False,1,1109
6038,q6038,6038,d,103,False,False,False,1,1139
6039,q6039,6039,b,106,False,False,False,1,1142
6040,q6040,6040,c,72,False,False,False,1,1091
6041,q6041,6041,a,86,False,False,False,1,1116
6042,q6042,6042,b,106,False,False,False,1,1142
6043,q6043,6043,c,103,False,False,False,1,1139
6044,q6044,6044,d,103,False,False,False,1,1139
6045,q6045,6045,d,103,False,False,False,1,1139
6046,q6046,6046,b,86,False,False,False,1,1116
6047,q6047,6047,d,96,False,False,False,1,1131
6048,q6048,6048,a,103,False,False,False,1,1139
6049,q6049,6049,b,103,False,False,False,1,1139
6050,q6050,6050,a,103,False,False,False,1,1139
6051,q6051,6051,a,103,False,False,False,1,1139
6052,q6052,6052,b,82,False,False,False,1,1109
6053,q6053,6053,b,103,False,False,False,1,1139
6054,q6054,6054,c,82,False,False,False,1,1109
6055,q6055,6055,b,121,False,False,False,1,1166
6056,q6056,6056,b,90,False,False,False,1,1123
6057,q6057,6057,c,121,False,False,False,1,1166
6058,q6058,6058,b,87,False,False,False,1,1118
6059,q6059,6059,d,120,False,False,False,1,1164
6060,q6060,6060,c,122,False,False,False,1,1167
6061,q6061,6061,b,120,False,False,False,1,1164
6062,q6062,6062,d,95,False,False,False,1,1129
6063,q6063,6063,d,73,False,False,False,1,1092
6064,q6064,6064,d,120,False,False,False,1,1164
6065,q6065,6065,a,73,False,False,False,1,1092
6066,q6066,6066,d,90,False,False,False,1,1123
6067,q6067,6067,a,119,False,False,False,1,1162
6068,q6068,6068,a,87,False,False,False,1,1118
6069,q6069,6069,a,87,False,False,False,1,1118
6070,q6070,6070,d,119,False,False,False,1,1162
6071,q6071,6071,b,126,False,False,False,1,1172
6072,q6072,6072,d,95,False,False,False,1,1129
6073,q6073,6073,b,123,False,False,False,1,1169
6074,q6074,6074,a,125,False,False,False,1,1171
6075,q6075,6075,a,90,False,False,False,1,1123
6076,q6076,6076,b,73,False,False,False,1,1092
6077,q6077,6077,a,119,False,False,False,1,1162
6078,q6078,6078,c,87,False,False,False,1,1118
6079,q6079,6079,d,119,False,False,False,1,1162
6080,q6080,6080,a,119,False,False,False,1,1162
6081,q6081,6081,c,120,False,False,False,1,1164
6082,q6082,6082,b,120,False,False,False,1,1164
6083,q6083,6083,a,119,False,False,False,1,1162
6084,q6084,6084,c,119,False,False,False,1,1162
6085,q6085,6085,c,120,False,False,False,1,1164
6086,q6086,6086,d,119,False,False,False,1,1162
6087,q6087,6087,a,87,False,False,False,1,1118
6088,q6088,6088,b,119,False,False,False,1,1162
6089,q6089,6089,b,119,False,False,False,1,1162
6090,q6090,6090,c,119,False,False,False,1,1162
6091,q6091,6091,c,87,False,False,False,1,1118
6092,q6092,6092,c,119,False,False,False,1,1162
6093,q6093,6093,b,119,False,False,False,1,1162
6094,q6094,6094,b,119,False,False,False,1,1162
6095,q6095,6095,c,119,False,False,False,1,1162
6096,q6096,6096,c,119,False,False,False,1,1162
6097,q6097,6097,a,121,False,False,False,1,1166
6098,q6098,6098,b,120,False,False,False,1,1164
6099,q6099,6099,a,120,False,False,False,1,1164
6100,q6100,6100,d,95,False,False,False,1,1129
6101,q6101,6101,c,120,False,False,False,1,1164
6102,q6102,6102,d,87,False,False,False,1,1118
6103,q6103,6103,d,121,False,False,False,1,1166
6104,q6104,6104,b,119,False,False,False,1,1162
6105,q6105,6105,c,119,False,False,False,1,1162
6106,q6106,6106,d,90,False,False,False,1,1123
6107,q6107,6107,a,119,False,False,False,1,1162
6108,q6108,6108,c,119,False,False,False,1,1162
6109,q6109,6109,d,119,False,False,False,1,1162
6110,q6110,6110,b,87,False,False,False,1,1118
6111,q6111,6111,b,121,False,False,False,1,1166
6112,q6112,6112,a,87,False,False,False,1,1118
6113,q6113,6113,c,119,False,False,False,1,1162
6114,q6114,6114,c,87,False,False,False,1,1118
6115,q6115,6115,c,120,False,False,False,1,1164
6116,q6116,6116,a,119,False,False,False,1,1162
6117,q6117,6117,d,119,False,False,False,1,1162
6118,q6118,6118,c,87,False,False,False,1,1118
6119,q6119,6119,c,119,False,False,False,1,1162
6120,q6120,6120,c,122,False,False,False,1,1167
6121,q6121,6121,d,87,False,False,False,1,1118
6122,q6122,6122,c,72,False,False,False,1,1091
6123,q6123,6123,b,119,False,False,False,1,1162
6124,q6124,6124,b,119,False,False,False,1,1162
6125,q6125,6125,a,119,False,False,False,1,1162
6126,q6126,6126,a,90,False,False,False,1,1123
6127,q6127,6127,a,73,False,False,False,1,1092
6128,q6128,6128,d,72,False,False,False,1,1091
6129,q6129,6129,c,119,False,False,False,1,1162
6130,q6130,6130,a,95,False,False,False,1,1129
6131,q6131,6131,c,90,False,False,False,1,1123
6132,q6132,6132,d,119,False,False,False,1,1162
6133,q6133,6133,a,119,False,False,False,1,1162
6134,q6134,6134,a,119,False,False,False,1,1162
6135,q6135,6135,c,120,False,False,False,1,1164
6136,q6136,6136,c,87,False,False,False,1,1118
6137,q6137,6137,a,119,False,False,False,1,1162
6138,q6138,6138,d,120,False,False,False,1,1164
6139,q6139,6139,b,95,False,False,False,1,1129
6140,q6140,6140,a,87,False,False,False,1,1118
6141,q6141,6141,b,87,False,False,False,1,1118
6142,q6142,6142,b,121,False,False,False,1,1166
6143,q6143,6143,c,83,False,False,False,1,1110
6144,q6144,6144,b,88,False,False,False,1,1120
6145,q6145,6145,b,76,False,False,False,1,1098
6146,q6146,6146,d,85,False,False,False,1,1114
6147,q6147,6147,b,89,False,False,False,1,1122
6148,q6148,6148,a,74,False,False,False,1,1094
6149,q6149,6149,a,78,False,False,False,1,1102
6150,q6150,6150,c,76,False,False,False,1,1098
6151,q6151,6151,d,85,False,False,False,1,1114
6152,q6152,6152,c,90,False,False,False,1,1123
6153,q6153,6153,c,74,False,False,False,1,1094
6154,q6154,6154,d,77,False,False,False,1,1100
6155,q6155,6155,d,84,False,False,False,1,1112
6156,q6156,6156,b,91,False,False,False,1,1125
6157,q6157,6157,d,83,False,False,False,1,1110
6158,q6158,6158,a,78,False,False,False,1,1102
6159,q6159,6159,c,85,False,False,False,1,1114
6160,q6160,6160,a,92,False,False,False,1,1126
6161,q6161,6161,c,85,False,False,False,1,1114
6162,q6162,6162,b,80,False,False,False,1,1105
6163,q6163,6163,b,93,False,False,False,1,1127
6164,q6164,6164,a,94,False,False,False,1,1128
6165,q6165,6165,a,74,False,False,False,1,1094
6166,q6166,6166,a,85,False,False,False,1,1114
6167,q6167,6167,b,71,False,False,False,1,1089
6168,q6168,6168,a,76,False,False,False,1,1098
6169,q6169,6169,d,84,False,False,False,1,1112
6170,q6170,6170,b,95,False,False,False,1,1129
6171,q6171,6171,d,96,False,False,False,1,1131
6172,q6172,6172,c,83,False,False,False,1,1110
6173,q6173,6173,a,77,False,False,False,1,1100
6174,q6174,6174,b,83,False,False,False,1,1110
6175,q6175,6175,d,97,False,False,False,1,1132
6176,q6176,6176,d,98,False,False,False,1,1133
6177,q6177,6177,d,99,False,False,False,1,1134
6178,q6178,6178,b,85,False,False,False,1,1114
6179,q6179,6179,a,85,False,False,False,1,1114
6180,q6180,6180,a,77,False,False,False,1,1100
6181,q6181,6181,c,80,False,False,False,1,1105
6182,q6182,6182,d,72,False,False,False,1,1091
6183,q6183,6183,b,140,False,False,False,1,1189
6184,q6184,6184,b,128,False,False,False,1,1174
6185,q6185,6185,c,145,False,False,False,1,1195
6186,q6186,6186,d,140,False,False,False,1,1189
6187,q6187,6187,a,140,False,False,False,1,1189
6188,q6188,6188,d,128,False,False,False,1,1174
6189,q6189,6189,a,97,False,False,False,1,1132
6190,q6190,6190,a,72,False,False,False,1,1091
6191,q6191,6191,a,121,False,False,False,1,1166
6192,q6192,6192,c,87,False,False,False,1,1118
6193,q6193,6193,a,95,False,False,False,1,1129
6194,q6194,6194,a,123,False,False,False,1,1169
6195,q6195,6195,c,121,False,False,False,1,1166
6196,q6196,6196,a,120,False,False,False,1,1164
6197,q6197,6197,c,87,False,False,False,1,1118
6198,q6198,6198,a,90,False,False,False,1,1123
6199,q6199,6199,a,121,False,False,False,1,1166
6200,q6200,6200,c,95,False,False,False,1,1129
6201,q6201,6201,c,119,False,False,False,1,1162
6202,q6202,6202,b,95,False,False,False,1,1129
6203,q6203,6203,b,82,False,False,False,1,1109
6204,q6204,6204,d,119,False,False,False,1,1162
6205,q6205,6205,d,82,False,False,False,1,1109
6206,q6206,6206,c,90,False,False,False,1,1123
6207,q6207,6207,b,119,False,False,False,1,1162
6208,q6208,6208,b,120,False,False,False,1,1164
6209,q6209,6209,b,119,False,False,False,1,1162
6210,q6210,6210,a,121,False,False,False,1,1166
6211,q6211,6211,a,88,False,False,False,1,1120
6212,q6212,6212,b,88,False,False,False,1,1120
6213,q6213,6213,b,88,False,False,False,1,1120
6214,q6214,6214,d,118,False,False,False,1,1161
6215,q6215,6215,b,88,False,False,False,1,1120
6216,q6216,6216,c,88,False,False,False,1,1120
6217,q6217,6217,b,88,False,False,False,1,1120
6218,q6218,6218,a,75,False,False,False,1,1096
6219,q6219,6219,d,88,False,False,False,1,1120
6220,q6220,6220,a,88,False,False,False,1,1120
6221,q6221,6221,c,99,False,False,False,1,1134
6222,q6222,6222,c,99,False,False,False,1,1134
6223,q6223,6223,d,99,False,False,False,1,1134
6224,q6224,6224,c,99,False,False,False,1,1134
6225,q6225,6225,c,99,False,False,False,1,1134
6226,q6226,6226,c,135,False,False,False,1,1185
6227,q6227,6227,c,74,False,False,False,1,1094
6228,q6228,6228,b,88,False,False,False,1,1120
6229,q6229,6229,a,71,False,False,False,1,1089
6230,q6230,6230,d,77,False,False,False,1,1100
6231,q6231,6231,b,104,False,False,False,1,1140
6232,q6232,6232,d,85,False,False,False,1,1114
6233,q6233,6233,d,83,False,False,False,1,1110
6234,q6234,6234,c,90,False,False,False,1,1123
6235,q6235,6235,a,119,False,False,False,1,1162
6236,q6236,6236,b,74,False,False,False,1,1094
6237,q6237,6237,d,79,False,False,False,1,1104
6238,q6238,6238,a,71,False,False,False,1,1089
6239,q6239,6239,c,78,False,False,False,1,1102
6240,q6240,6240,b,85,False,False,False,1,1114
6241,q6241,6241,d,119,False,False,False,1,1162
6242,q6242,6242,a,94,False,False,False,1,1128
6243,q6243,6243,d,100,False,False,False,1,1136
6244,q6244,6244,b,106,False,False,False,1,1142
6245,q6245,6245,c,85,False,False,False,1,1114
6246,q6246,6246,a,71,False,False,False,1,1089
6247,q6247,6247,c,84,False,False,False,1,1112
6248,q6248,6248,c,74,False,False,False,1,1094
6249,q6249,6249,a,76,False,False,False,1,1098
6250,q6250,6250,b,73,False,False,False,1,1092
6251,q6251,6251,d,119,False,False,False,1,1162
6252,q6252,6252,c,83,False,False,False,1,1110
6253,q6253,6253,c,72,False,False,False,1,1091
6254,q6254,6254,c,129,False,False,False,1,1176
6255,q6255,6255,c,97,False,False,False,1,1132
6256,q6256,6256,b,78,False,False,False,1,1102
6257,q6257,6257,d,86,False,False,False,1,1116
6258,q6258,6258,b,83,False,False,False,1,1110
6259,q6259,6259,c,83,False,False,False,1,1110
6260,q6260,6260,c,74,False,False,False,1,1094
6261,q6261,6261,a,108,False,False,False,1,1145
6262,q6262,6262,d,88,False,False,False,1,1120
6263,q6263,6263,c,71,False,False,False,1,1089
6264,q6264,6264,d,85,False,False,False,1,1114
6265,q6265,6265,b,83,False,False,False,1,1110
6266,q6266,6266,d,74,False,False,False,1,1094
6267,q6267,6267,a,74,False,False,False,1,1094
6268,q6268,6268,d,74,False,False,False,1,1094
6269,q6269,6269,a,74,False,False,False,1,1094
6270,q6270,6270,a,74,False,False,False,1,1094
6271,q6271,6271,b,74,False,False,False,1,1094
6272,q6272,6272,d,74,False,False,False,1,1094
6273,q6273,6273,b,74,False,False,False,1,1094
6274,q6274,6274,b,74,False,False,False,1,1094
6275,q6275,6275,d,74,False,False,False,1,1094
6276,q6276,6276,b,74,False,False,False,1,1094
6277,q6277,6277,b,74,False,False,False,1,1094
6278,q6278,6278,c,74,False,False,False,1,1094
6279,q6279,6279,a,74,False,False,False,1,1094
6280,q6280,6280,d,74,False,False,False,1,1094
6281,q6281,6281,c,74,False,False,False,1,1094
6282,q6282,6282,b,74,False,False,False,1,1094
6283,q6283,6283,d,74,False,False,False,1,1094
6284,q6284,6284,d,74,False,False,False,1,1094
6285,q6285,6285,c,74,False,False,False,1,1094
6286,q6286,6286,a,74,False,False,False,1,1094
6287,q6287,6287,a,74,False,False,False,1,1094
6288,q6288,6288,a,74,False,False,False,1,1094
6289,q6289,6289,d,74,False,False,False,1,1094
6290,q6290,6290,a,74,False,False,False,1,1094
6291,q6291,6291,a,74,False,False,False,1,1094
6292,q6292,6292,d,74,False,False,False,1,1094
6293,q6293,6293,b,74,False,False,False,1,1094
6294,q6294,6294,b,105,False,False,False,1,1141
6295,q6295,6295,b,74,False,False,False,1,1094
6296,q6296,6296,a,74,False,False,False,1,1094
6297,q6297,6297,c,74,False,False,False,1,1094
6298,q6298,6298,a,74,False,False,False,1,1094
6299,q6299,6299,c,74,False,False,False,1,1094
6300,q6300,6300,a,74,False,False,False,1,1094
6301,q6301,6301,c,74,False,False,False,1,1094
6302,q6302,6302,a,74,False,False,False,1,1094
6303,q6303,6303,d,74,False,False,False,1,1094
6304,q6304,6304,c,74,False,False,False,1,1094
6305,q6305,6305,d,74,False,False,False,1,1094
6306,q6306,6306,d,74,False,False,False,1,1094
6307,q6307,6307,b,74,False,False,False,1,1094
6308,q6308,6308,b,74,False,False,False,1,1094
6309,q6309,6309,a,74,False,False,False,1,1094
6310,q6310,6310,c,74,False,False,False,1,1094
6311,q6311,6311,d,74,False,False,False,1,1094
6312,q6312,6312,a,74,False,False,False,1,1094
6313,q6313,6313,c,74,False,False,False,1,1094
6314,q6314,6314,d,74,False,False,False,1,1094
6315,q6315,6315,a,74,False,False,False,1,1094
6316,q6316,6316,a,74,False,False,False,1,1094
6317,q6317,6317,a,74,False,False,False,1,1094
6318,q6318,6318,d,129,False,False,False,1,1176
6319,q6319,6319,d,129,False,False,False,1,1176
6320,q6320,6320,b,94,False,False,False,1,1128
6321,q6321,6321,d,129,False,False,False,1,1176
6322,q6322,6322,a,129,False,False,False,1,1176
6323,q6323,6323,c,129,False,False,False,1,1176
6324,q6324,6324,b,129,False,False,False,1,1176
6325,q6325,6325,a,129,False,False,False,1,1176
6326,q6326,6326,c,129,False,False,False,1,1176
6327,q6327,6327,b,94,False,False,False,1,1128
6328,q6328,6328,d,94,False,False,False,1,1128
6329,q6329,6329,a,94,False,False,False,1,1128
6330,q6330,6330,b,94,False,False,False,1,1128
6331,q6331,6331,d,94,False,False,False,1,1128
6332,q6332,6332,c,94,False,False,False,1,1128
6333,q6333,6333,a,117,False,False,False,1,1159
6334,q6334,6334,b,75,False,False,False,1,1096
6335,q6335,6335,d,79,False,False,False,1,1104
6336,q6336,6336,c,117,False,False,False,1,1159
6337,q6337,6337,d,79,False,False,False,1,1104
6338,q6338,6338,b,88,False,False,False,1,1120
6339,q6339,6339,a,85,False,False,False,1,1114
6340,q6340,6340,b,117,False,False,False,1,1159
6341,q6341,6341,b,74,False,False,False,1,1094
6342,q6342,6342,c,74,False,False,False,1,1094
6343,q6343,6343,d,74,False,False,False,1,1094
6344,q6344,6344,d,74,False,False,False,1,1094
6345,q6345,6345,a,75,False,False,False,1,1096
6346,q6346,6346,a,84,False,False,False,1,1112
6347,q6347,6347,a,80,False,False,False,1,1105
6348,q6348,6348,a,80,False,False,False,1,1105
6349,q6349,6349,d,84,False,False,False,1,1112
6350,q6350,6350,a,80,False,False,False,1,1105
6351,q6351,6351,c,130,False,False,False,1,1178
6352,q6352,6352,a,130,False,False,False,1,1178
6353,q6353,6353,a,130,False,False,False,1,1178
6354,q6354,6354,b,84,False,False,False,1,1112
6355,q6355,6355,b,130,False,False,False,1,1178
6356,q6356,6356,a,80,False,False,False,1,1105
6357,q6357,6357,a,98,False,False,False,1,1133
6358,q6358,6358,a,130,False,False,False,1,1178
6359,q6359,6359,d,84,False,False,False,1,1112
6360,q6360,6360,c,80,False,False,False,1,1105
6361,q6361,6361,a,80,False,False,False,1,1105
6362,q6362,6362,b,80,False,False,False,1,1105
6363,q6363,6363,d,130,False,False,False,1,1178
6364,q6364,6364,a,93,False,False,False,1,1127
6365,q6365,6365,c,80,False,False,False,1,1105
6366,q6366,6366,d,85,False,False,False,1,1114
6367,q6367,6367,d,85,False,False,False,1,1114
6368,q6368,6368,b,85,False,False,False,1,1114
6369,q6369,6369,b,85,False,False,False,1,1114
6370,q6370,6370,b,85,False,False,False,1,1114
6371,q6371,6371,d,85,False,False,False,1,1114
6372,q6372,6372,a,85,False,False,False,1,1114
6373,q6373,6373,a,85,False,False,False,1,1114
6374,q6374,6374,d,85,False,False,False,1,1114
6375,q6375,6375,a,85,False,False,False,1,1114
6376,q6376,6376,b,85,False,False,False,1,1114
6377,q6377,6377,d,85,False,False,False,1,1114
6378,q6378,6378,d,85,False,False,False,1,1114
6379,q6379,6379,d,85,False,False,False,1,1114
6380,q6380,6380,c,85,False,False,False,1,1114
6381,q6381,6381,c,85,False,False,False,1,1114
6382,q6382,6382,c,85,False,False,False,1,1114
6383,q6383,6383,d,85,False,False,False,1,1114
6384,q6384,6384,a,85,False,False,False,1,1114
6385,q6385,6385,d,85,False,False,False,1,1114
6386,q6386,6386,c,85,False,False,False,1,1114
6387,q6387,6387,b,85,False,False,False,1,1114
6388,q6388,6388,c,85,False,False,False,1,1114
6389,q6389,6389,a,85,False,False,False,1,1114
6390,q6390,6390,b,111,False,False,False,1,1151
6391,q6391,6391,a,77,False,False,False,1,1100
6392,q6392,6392,b,77,False,False,False,1,1100
6393,q6393,6393,c,77,False,False,False,1,1100
6394,q6394,6394,c,77,False,False,False,1,1100
6395,q6395,6395,d,77,False,False,False,1,1100
6396,q6396,6396,a,77,False,False,False,1,1100
6397,q6397,6397,c,77,False,False,False,1,1100
6398,q6398,6398,a,77,False,False,False,1,1100
6399,q6399,6399,c,77,False,False,False,1,1100
6400,q6400,6400,b,77,False,False,False,1,1100
6401,q6401,6401,a,77,False,False,False,1,1100
6402,q6402,6402,a,77,False,False,False,1,1100
6403,q6403,6403,b,77,False,False,False,1,1100
6404,q6404,6404,b,77,False,False,False,1,1100
6405,q6405,6405,d,77,False,False,False,1,1100
6406,q6406,6406,d,77,False,False,False,1,1100
6407,q6407,6407,b,77,False,False,False,1,1100
6408,q6408,6408,b,77,False,False,False,1,1100
6409,q6409,6409,a,77,False,False,False,1,1100
6410,q6410,6410,b,77,False,False,False,1,1100
6411,q6411,6411,b,103,False,False,False,1,1139
6412,q6412,6412,a,106,False,False,False,1,1142
6413,q6413,6413,c,106,False,False,False,1,1142
6414,q6414,6414,d,106,False,False,False,1,1142
6415,q6415,6415,b,106,False,False,False,1,1142
6416,q6416,6416,b,88,False,False,False,1,1120
6417,q6417,6417,d,96,False,False,False,1,1131
6418,q6418,6418,c,85,False,False,False,1,1114
6419,q6419,6419,c,76,False,False,False,1,1098
6420,q6420,6420,a,74,False,False,False,1,1094
6421,q6421,6421,a,77,False,False,False,1,1100
6422,q6422,6422,d,71,False,False,False,1,1089
6423,q6423,6423,c,92,False,False,False,1,1126
6424,q6424,6424,d,74,False,False,False,1,1094
6425,q6425,6425,d,77,False,False,False,1,1100
6426,q6426,6426,b,84,False,False,False,1,1112
6427,q6427,6427,c,106,False,False,False,1,1142
6428,q6428,6428,c,85,False,False,False,1,1114
6429,q6429,6429,a,74,False,False,False,1,1094
6430,q6430,6430,c,77,False,False,False,1,1100
6431,q6431,6431,b,88,False,False,False,1,1120
6432,q6432,6432,d,71,False,False,False,1,1089
6433,q6433,6433,d,103,False,False,False,1,1139
6434,q6434,6434,a,98,False,False,False,1,1133
6435,q6435,6435,c,78,False,False,False,1,1102
6436,q6436,6436,c,85,False,False,False,1,1114
6437,q6437,6437,a,83,False,False,False,1,1110
6438,q6438,6438,b,85,False,False,False,1,1114
6439,q6439,6439,b,86,False,False,False,1,1116
6440,q6440,6440,d,94,False,False,False,1,1128
6441,q6441,6441,d,133,False,False,False,1,1182
6442,q6442,6442,d,71,False,False,False,1,1089
6443,q6443,6443,d,94,False,False,False,1,1128
6444,q6444,6444,b,77,False,False,False,1,1100
6445,q6445,6445,d,76,False,False,False,1,1098
6446,q6446,6446,d,85,False,False,False,1,1114
6447,q6447,6447,c,83,False,False,False,1,1110
6448,q6448,6448,b,85,False,False,False,1,1114
6449,q6449,6449,a,74,False,False,False,1,1094
6450,q6450,6450,a,77,False,False,False,1,1100
6451,q6451,6451,c,71,False,False,False,1,1089
6452,q6452,6452,d,106,False,False,False,1,1142
6453,q6453,6453,b,105,False,False,False,1,1141
6454,q6454,6454,c,88,False,False,False,1,1120
6455,q6455,6455,a,98,False,False,False,1,1133
6456,q6456,6456,b,86,False,False,False,1,1116
6457,q6457,6457,c,71,False,False,False,1,1089
6458,q6458,6458,b,76,False,False,False,1,1098
6459,q6459,6459,c,86,False,False,False,1,1116
6460,q6460,6460,a,71,False,False,False,1,1089
6461,q6461,6461,d,76,False,False,False,1,1098
6462,q6462,6462,b,83,False,False,False,1,1110
6463,q6463,6463,d,86,False,False,False,1,1116
6464,q6464,6464,a,74,False,False,False,1,1094
6465,q6465,6465,b,129,False,False,False,1,1176
6466,q6466,6466,a,91,False,False,False,1,1125
6467,q6467,6467,d,77,False,False,False,1,1100
6468,q6468,6468,b,119,False,False,False,1,1162
6469,q6469,6469,a,81,False,False,False,1,1107
6470,q6470,6470,c,86,False,False,False,1,1116
6471,q6471,6471,d,74,False,False,False,1,1094
6472,q6472,6472,c,83,False,False,False,1,1110
6473,q6473,6473,c,83,False,False,False,1,1110
6474,q6474,6474,c,119,False,False,False,1,1162
6475,q6475,6475,d,71,False,False,False,1,1089
6476,q6476,6476,d,77,False,False,False,1,1100
6477,q6477,6477,b,83,False,False,False,1,1110
6478,q6478,6478,b,85,False,False,False,1,1114
6479,q6479,6479,c,83,False,False,False,1,1110
6480,q6480,6480,c,76,False,False,False,1,1098
6481,q6481,6481,b,77,False,False,False,1,1100
6482,q6482,6482,a,77,False,False,False,1,1100
6483,q6483,6483,b,78,False,False,False,1,1102
6484,q6484,6484,a,85,False,False,False,1,1114
6485,q6485,6485,b,86,False,False,False,1,1116
6486,q6486,6486,d,105,False,False,False,1,1141
6487,q6487,6487,c,80,False,False,False,1,1105
6488,q6488,6488,a,77,False,False,False,1,1100
6489,q6489,6489,d,98,False,False,False,1,1133
6490,q6490,6490,a,77,False,False,False,1,1100
6491,q6491,6491,c,130,False,False,False,1,1178
6492,q6492,6492,b,71,False,False,False,1,1089
6493,q6493,6493,d,85,False,False,False,1,1114
6494,q6494,6494,c,113,False,False,False,1,1153
6495,q6495,6495,a,92,False,False,False,1,1126
6496,q6496,6496,d,92,False,False,False,1,1126
6497,q6497,6497,d,115,False,False,False,1,1156
6498,q6498,6498,d,92,False,False,False,1,1126
6499,q6499,6499,a,114,False,False,False,1,1155
6500,q6500,6500,d,119,False,False,False,1,1162
6501,q6501,6501,c,113,False,False,False,1,1153
6502,q6502,6502,d,113,False,False,False,1,1153
6503,q6503,6503,b,114,False,False,False,1,1155
6504,q6504,6504,b,92,False,False,False,1,1126
6505,q6505,6505,a,80,False,False,False,1,1105
6506,q6506,6506,c,74,False,False,False,1,1094
6507,q6507,6507,d,114,False,False,False,1,1155
6508,q6508,6508,d,114,False,False,False,1,1155
6509,q6509,6509,b,116,False,False,False,1,1158
6510,q6510,6510,c,92,False,False,False,1,1126
6511,q6511,6511,c,92,False,False,False,1,1126
6512,q6512,6512,b,114,False,False,False,1,1155
6513,q6513,6513,b,116,False,False,False,1,1158
6514,q6514,6514,a,116,False,False,False,1,1158
6515,q6515,6515,b,116,False,False,False,1,1158
6516,q6516,6516,b,116,False,False,False,1,1158
6517,q6517,6517,c,116,False,False,False,1,1158
6518,q6518,6518,d,80,False,False,False,1,1105
6519,q6519,6519,b,80,False,False,False,1,1105
6520,q6520,6520,d,98,False,False,False,1,1133
6521,q6521,6521,b,116,False,False,False,1,1158
6522,q6522,6522,b,81,False,False,False,1,1107
6523,q6523,6523,b,115,False,False,False,1,1156
6524,q6524,6524,b,121,False,False,False,1,1166
6525,q6525,6525,c,124,False,False,False,1,1170
6526,q6526,6526,d,119,False,False,False,1,1162
6527,q6527,6527,d,120,False,False,False,1,1164
6528,q6528,6528,d,90,False,False,False,1,1123
6529,q6529,6529,c,119,False,False,False,1,1162
6530,q6530,6530,c,119,False,False,False,1,1162
6531,q6531,6531,d,119,False,False,False,1,1162
6532,q6532,6532,c,119,False,False,False,1,1162
6533,q6533,6533,d,120,False,False,False,1,1164
6534,q6534,6534,a,121,False,False,False,1,1166
6535,q6535,6535,b,119,False,False,False,1,1162
6536,q6536,6536,c,119,False,False,False,1,1162
6537,q6537,6537,d,119,False,False,False,1,1162
6538,q6538,6538,b,121,False,False,False,1,1166
6539,q6539,6539,d,90,False,False,False,1,1123
6540,q6540,6540,c,121,False,False,False,1,1166
6541,q6541,6541,b,95,False,False,False,1,1129
6542,q6542,6542,c,87,False,False,False,1,1118
6543,q6543,6543,d,90,False,False,False,1,1123
6544,q6544,6544,b,95,False,False,False,1,1129
6545,q6545,6545,a,90,False,False,False,1,1123
6546,q6546,6546,d,119,False,False,False,1,1162
6547,q6547,6547,d,95,False,False,False,1,1129
6548,q6548,6548,a,122,False,False,False,1,1167
6549,q6549,6549,a,119,False,False,False,1,1162
6550,q6550,6550,a,128,False,False,False,1,1174
6551,q6551,6551,c,119,False,False,False,1,1162
6552,q6552,6552,c,119,False,False,False,1,1162
6553,q6553,6553,a,134,False,False,False,1,1183
6554,q6554,6554,d,85,False,False,False,1,1114
6555,q6555,6555,b,120,False,False,False,1,1164
6556,q6556,6556,a,143,False,False,False,1,1192
6557,q6557,6557,d,129;179,False,True,False,2,1177
6558,q6558,6558,b,77;179,False,True,False,2,1101
6559,q6559,6559,c,86;179,False,True,False,2,1117
6560,q6560,6560,c,143;179,False,True,False,2,1193
6561,q6561,6561,c,74,False,False,False,1,1094
6562,q6562,6562,a,83,False,False,False,1,1110
6563,q6563,6563,b,85,False,False,False,1,1114
6564,q6564,6564,c,143,False,False,False,1,1192
6565,q6565,6565,a,135,False,False,False,1,1185
6566,q6566,6566,d,85,False,False,False,1,1114
6567,q6567,6567,b,76,False,False,False,1,1098
6568,q6568,6568,b,143,False,False,False,1,1192
6569,q6569,6569,c,87,False,False,False,1,1118
6570,q6570,6570,c,143,False,False,False,1,1192
6571,q6571,6571,b,83,False,False,False,1,1110
6572,q6572,6572,c,77,False,False,False,1,1100
6573,q6573,6573,a,143,False,False,False,1,1192
6574,q6574,6574,b,119,False,False,False,1,1162
6575,q6575,6575,d,77,False,False,False,1,1100
6576,q6576,6576,b,74,False,False,False,1,1094
6577,q6577,6577,d,143,False,False,False,1,1192
6578,q6578,6578,a,85,False,False,False,1,1114
6579,q6579,6579,d,120,False,False,False,1,1164
6580,q6580,6580,a,86,False,False,False,1,1116
6581,q6581,6581,c,143,False,False,False,1,1192
6582,q6582,6582,a,76,False,False,False,1,1098
6583,q6583,6583,d,77,False,False,False,1,1100
6584,q6584,6584,b,128,False,False,False,1,1174
6585,q6585,6585,b,143,False,False,False,1,1192
6586,q6586,6586,d,86,False,False,False,1,1116
6587,q6587,6587,b,77,False,False,False,1,1100
6588,q6588,6588,b,88,False,False,False,1,1120
6589,q6589,6589,c,143,False,False,False,1,1192
6590,q6590,6590,b,83,False,False,False,1,1110
6591,q6591,6591,d,83,False,False,False,1,1110
6592,q6592,6592,a,122,False,False,False,1,1167
6593,q6593,6593,a,77,False,False,False,1,1100
6594,q6594,6594,c,143,False,False,False,1,1192
6595,q6595,6595,a,112,False,False,False,1,1152
6596,q6596,6596,b,76,False,False,False,1,1098
6597,q6597,6597,b,92,False,False,False,1,1126
6598,q6598,6598,b,143,False,False,False,1,1192
6599,q6599,6599,a,85,False,False,False,1,1114
6600,q6600,6600,c,85,False,False,False,1,1114
6601,q6601,6601,d,74,False,False,False,1,1094
6602,q6602,6602,c,143,False,False,False,1,1192
6603,q6603,6603,a,84,False,False,False,1,1112
6604,q6604,6604,b,85,False,False,False,1,1114
6605,q6605,6605,b,118,False,False,False,1,1161
6606,q6606,6606,a,143,False,False,False,1,1192
6607,q6607,6607,d,76,False,False,False,1,1098
6608,q6608,6608,b,134,False,False,False,1,1183
6609,q6609,6609,d,74,False,False,False,1,1094
6610,q6610,6610,d,143,False,False,False,1,1192
6611,q6611,6611,b,78,False,False,False,1,1102
6612,q6612,6612,a,85,False,False,False,1,1114
6613,q6613,6613,c,87,False,False,False,1,1118
6614,q6614,6614,c,105,False,False,False,1,1141
6615,q6615,6615,b,143,False,False,False,1,1192
6616,q6616,6616,a,77,False,False,False,1,1100
6617,q6617,6617,b,88,False,False,False,1,1120
6618,q6618,6618,a,76,False,False,False,1,1098
6619,q6619,6619,a,143,False,False,False,1,1192
6620,q6620,6620,d,83,False,False,False,1,1110
6621,q6621,6621,c,134,False,False,False,1,1183
6622,q6622,6622,c,88,False,False,False,1,1120
6623,q6623,6623,b,143,False,False,False,1,1192
6624,q6624,6624,c,76,False,False,False,1,1098
6625,q6625,6625,b,119,False,False,False,1,1162
6626,q6626,6626,a,134,False,False,False,1,1183
6627,q6627,6627,b,143,False,False,False,1,1192
6628,q6628,6628,b,85,False,False,False,1,1114
6629,q6629,6629,b,77,False,False,False,1,1100
6630,q6630,6630,c,74,False,False,False,1,1094
6631,q6631,6631,b,143,False,False,False,1,1192
6632,q6632,6632,a,119,False,False,False,1,1162
6633,q6633,6633,d,95,False,False,False,1,1129
6634,q6634,6634,a,85,False,False,False,1,1114
6635,q6635,6635,a,143,False,False,False,1,1192
6636,q6636,6636,b,83,False,False,False,1,1110
6637,q6637,6637,b,83;179,False,True,False,2,1111
6638,q6638,6638,c,80;179,False,True,False,2,1106
6639,q6639,6639,b,77;179,False,True,False,2,1101
6640,q6640,6640,a,143;179,False,True,False,2,1193
6641,q6641,6641,a,74,False,False,False,1,1094
6642,q6642,6642,c,71,False,False,False,1,1089
6643,q6643,6643,b,85,False,False,False,1,1114
6644,q6644,6644,b,143,False,False,False,1,1192
6645,q6645,6645,a,120;179,False,True,False,2,1165
6646,q6646,6646,a,134;179,False,True,False,2,1184
6647,q6647,6647,b,86;179,False,True,False,2,1117
6648,q6648,6648,d,143;179,False,True,False,2,1193
6649,q6649,6649,d,83,False,False,False,1,1110
6650,q6650,6650,c,76,False,False,False,1,1098
6651,q6651,6651,a,107,False,False,False,1,1144
6652,q6652,6652,b,143,False,False,False,1,1192
6653,q6653,6653,b,77,False,False,False,1,1100
6654,q6654,6654,a,77,False,False,False,1,1100
6655,q6655,6655,d,143,False,False,False,1,1192
6656,q6656,6656,c,84,False,False,False,1,1112
6657,q6657,6657,d,106;179,False,True,False,2,1143
6658,q6658,6658,b,74;179,False,True,False,2,1095
6659,q6659,6659,c,143;179,False,True,False,2,1193
6660,q6660,6660,a,84;179,False,True,False,2,1113
6661,q6661,6661,c,85,False,False,False,1,1114
6662,q6662,6662,b,143,False,False,False,1,1192
6663,q6663,6663,b,78,False,False,False,1,1102
6664,q6664,6664,d,135,False,False,False,1,1185
6665,q6665,6665,c,129,False,False,False,1,1176
6666,q6666,6666,b,77,False,False,False,1,1100
6667,q6667,6667,a,143,False,False,False,1,1192
6668,q6668,6668,a,73,False,False,False,1,1092
6669,q6669,6669,c,85;179,False,True,False,2,1115
6670,q6670,6670,c,77;179,False,True,False,2,1101
6671,q6671,6671,c,143;179,False,True,False,2,1193
6672,q6672,6672,d,120;179,False,True,False,2,1165
6673,q6673,6673,d,86;179,False,True,False,2,1117
6674,q6674,6674,a,74;179,False,True,False,2,1095
6675,q6675,6675,b,143;179,False,True,False,2,1193
6676,q6676,6676,d,85;179,False,True,False,2,1115
6677,q6677,6677,d,85;179,False,True,False,2,1115
6678,q6678,6678,b,77;179,False,True,False,2,1101
6679,q6679,6679,d,120;179,False,True,False,2,1165
6680,q6680,6680,c,143;179,False,True,False,2,1193
6681,q6681,6681,d,74;179,False,True,False,2,1095
6682,q6682,6682,a,143;179,False,True,False,2,1193
6683,q6683,6683,c,99;179,False,True,False,2,1135
6684,q6684,6684,b,85;179,False,True,False,2,1115
6685,q6685,6685,c,77,False,False,False,1,1100
6686,q6686,6686,c,85,False,False,False,1,1114
6687,q6687,6687,b,84,False,False,False,1,1112
6688,q6688,6688,a,143,False,False,False,1,1192
6689,q6689,6689,d,76;179,False,True,False,2,1099
6690,q6690,6690,c,119;179,False,True,False,2,1163
6691,q6691,6691,c,85;179,False,True,False,2,1115
6692,q6692,6692,b,143;179,False,True,False,2,1193
6693,q6693,6693,d,110;179,False,True,False,2,1150
6694,q6694,6694,d,83;179,False,True,False,2,1111
6695,q6695,6695,c,85;179,False,True,False,2,1115
6696,q6696,6696,a,143;179,False,True,False,2,1193
6697,q6697,6697,b,87,False,False,False,1,1118
6698,q6698,6698,c,77,False,False,False,1,1100
6699,q6699,6699,a,134,False,False,False,1,1183
6700,q6700,6700,d,143,False,False,False,1,1192
6701,q6701,6701,d,85;179,False,True,False,2,1115
6702,q6702,6702,b,73;179,False,True,False,2,1093
6703,q6703,6703,b,143;179,False,True,False,2,1193
6704,q6704,6704,d,77;179,False,True,False,2,1101
6705,q6705,6705,a,85,False,False,False,1,1114
6706,q6706,6706,b,134,False,False,False,1,1183
6707,q6707,6707,c,143,False,False,False,1,1192
6708,q6708,6708,c,86,False,False,False,1,1116
6709,q6709,6709,d,124,False,False,False,1,1170
6710,q6710,6710,c,85,False,False,False,1,1114
6711,q6711,6711,b,83,False,False,False,1,1110
6712,q6712,6712,a,143,False,False,False,1,1192
6713,q6713,6713,d,77,False,False,False,1,1100
6714,q6714,6714,c,78,False,False,False,1,1102
6715,q6715,6715,c,120,False,False,False,1,1164
6716,q6716,6716,c,143,False,False,False,1,1192
6717,q6717,6717,b,77,False,False,False,1,1100
6718,q6718,6718,c,78,False,False,False,1,1102
6719,q6719,6719,c,143,False,False,False,1,1192
6720,q6720,6720,d,85,False,False,False,1,1114
6721,q6721,6721,d,106,False,False,False,1,1142
6722,q6722,6722,a,77,False,False,False,1,1100
6723,q6723,6723,b,88,False,False,False,1,1120
6724,q6724,6724,a,77,False,False,False,1,1100
6725,q6725,6725,c,129,False,False,False,1,1176
6726,q6726,6726,b,74,False,False,False,1,1094
6727,q6727,6727,c,80,False,False,False,1,1105
6728,q6728,6728,b,85,False,False,False,1,1114
6729,q6729,6729,d,74,False,False,False,1,1094
6730,q6730,6730,a,85,False,False,False,1,1114
6731,q6731,6731,c,77,False,False,False,1,1100
6732,q6732,6732,a,130,False,False,False,1,1178
6733,q6733,6733,d,137,False,False,False,1,1187
6734,q6734,6734,d,74,False,False,False,1,1094
6735,q6735,6735,b,129,False,False,False,1,1176
6736,q6736,6736,c,71,False,False,False,1,1089
6737,q6737,6737,d,80,False,False,False,1,1105
6738,q6738,6738,c,86,False,False,False,1,1116
6739,q6739,6739,c,85,False,False,False,1,1114
6740,q6740,6740,c,102,False,False,False,1,1138
6741,q6741,6741,b,132,False,False,False,1,1181
6742,q6742,6742,d,104,False,False,False,1,1140
6743,q6743,6743,b,76,False,False,False,1,1098
6744,q6744,6744,a,86,False,False,False,1,1116
6745,q6745,6745,c,101,False,False,False,1,1137
6746,q6746,6746,c,104,False,False,False,1,1140
6747,q6747,6747,a,82,False,False,False,1,1109
6748,q6748,6748,c,78,False,False,False,1,1102
6749,q6749,6749,d,85,False,False,False,1,1114
6750,q6750,6750,a,119,False,False,False,1,1162
6751,q6751,6751,b,76,False,False,False,1,1098
6752,q6752,6752,b,77,False,False,False,1,1100
6753,q6753,6753,b,85,False,False,False,1,1114
6754,q6754,6754,b,92,False,False,False,1,1126
6755,q6755,6755,d,76,False,False,False,1,1098
6756,q6756,6756,b,83,False,False,False,1,1110
6757,q6757,6757,b,74,False,False,False,1,1094
6758,q6758,6758,a,80,False,False,False,1,1105
6759,q6759,6759,b,85,False,False,False,1,1114
6760,q6760,6760,d,83,False,False,False,1,1110
6761,q6761,6761,d,119;179,False,True,False,2,1163
6762,q6762,6762,b,143;179,False,True,False,2,1193
6763,q6763,6763,b,134;179,False,True,False,2,1184
6764,q6764,6764,b,86;179,False,True,False,2,1117
6765,q6765,6765,d,120;179,False,True,False,2,1165
6766,q6766,6766,c,143;179,False,True,False,2,1193
6767,q6767,6767,b,134;179,False,True,False,2,1184
6768,q6768,6768,d,77;179,False,True,False,2,1101
6769,q6769,6769,a,143,False,False,False,1,1192
6770,q6770,6770,d,120,False,False,False,1,1164
6771,q6771,6771,b,134,False,False,False,1,1183
6772,q6772,6772,c,77,False,False,False,1,1100
6773,q6773,6773,a,119,False,False,False,1,1162
6774,q6774,6774,c,143,False,False,False,1,1192
6775,q6775,6775,c,77,False,False,False,1,1100
6776,q6776,6776,b,134,False,False,False,1,1183
6777,q6777,6777,b,134,False,False,False,1,1183
6778,q6778,6778,d,77,False,False,False,1,1100
6779,q6779,6779,a,120,False,False,False,1,1164
6780,q6780,6780,b,143,False,False,False,1,1192
6781,q6781,6781,b,78,False,False,False,1,1102
6782,q6782,6782,a,76,False,False,False,1,1098
6783,q6783,6783,c,143,False,False,False,1,1192
6784,q6784,6784,d,134,False,False,False,1,1183
6785,q6785,6785,d,120;179,False,True,False,2,1165
6786,q6786,6786,d,143;179,False,True,False,2,1193
6787,q6787,6787,c,77;179,False,True,False,2,1101
6788,q6788,6788,c,74;179,False,True,False,2,1095
6789,q6789,6789,a,74;179,False,True,False,2,1095
6790,q6790,6790,c,143;179,False,True,False,2,1193
6791,q6791,6791,c,77;179,False,True,False,2,1101
6792,q6792,6792,b,120;179,False,True,False,2,1165
6793,q6793,6793,b,120,False,False,False,1,1164
6794,q6794,6794,d,77,False,False,False,1,1100
6795,q6795,6795,a,134,False,False,False,1,1183
6796,q6796,6796,c,143,False,False,False,1,1192
6797,q6797,6797,a,120;179,False,True,False,2,1165
6798,q6798,6798,b,143;179,False,True,False,2,1193
6799,q6799,6799,c,77;179,False,True,False,2,1101
6800,q6800,6800,a,74;179,False,True,False,2,1095
6801,q6801,6801,c,85;179,False,True,False,2,1115
6802,q6802,6802,b,76;179,False,True,False,2,1099
6803,q6803,6803,a,74;179,False,True,False,2,1095
6804,q6804,6804,c,143;179,False,True,False,2,1193
6805,q6805,6805,c,119,False,False,False,1,1162
6806,q6806,6806,c,143,False,False,False,1,1192
6807,q6807,6807,c,77,False,False,False,1,1100
6808,q6808,6808,d,85,False,False,False,1,1114
6809,q6809,6809,a,74,False,False,False,1,1094
6810,q6810,6810,a,76,False,False,False,1,1098
6811,q6811,6811,a,143,False,False,False,1,1192
6812,q6812,6812,b,130,False,False,False,1,1178
6813,q6813,6813,a,85;179,False,True,False,2,1115
6814,q6814,6814,a,143;179,False,True,False,2,1193
6815,q6815,6815,b,120;179,False,True,False,2,1165
6816,q6816,6816,b,74;179,False,True,False,2,1095
6817,q6817,6817,c,76;179,False,True,False,2,1099
6818,q6818,6818,a,77;179,False,True,False,2,1101
6819,q6819,6819,a,143;179,False,True,False,2,1193
6820,q6820,6820,a,80;179,False,True,False,2,1106
6821,q6821,6821,d,77,False,False,False,1,1100
6822,q6822,6822,c,80,False,False,False,1,1105
6823,q6823,6823,a,85,False,False,False,1,1114
6824,q6824,6824,b,143,False,False,False,1,1192
6825,q6825,6825,a,78;179,False,True,False,2,1103
6826,q6826,6826,c,120;179,False,True,False,2,1165
6827,q6827,6827,d,143;179,False,True,False,2,1193
6828,q6828,6828,d,86;179,False,True,False,2,1117
6829,q6829,6829,a,74;179,False,True,False,2,1095
6830,q6830,6830,d,109;179,False,True,False,2,1148
6831,q6831,6831,b,143;179,False,True,False,2,1193
6832,q6832,6832,a,128;179,False,True,False,2,1175
6833,q6833,6833,c,80,False,False,False,1,1105
6834,q6834,6834,d,84,False,False,False,1,1112
6835,q6835,6835,b,76,False,False,False,1,1098
6836,q6836,6836,c,143,False,False,False,1,1192
6837,q6837,6837,a,116,False,False,False,1,1158
6838,q6838,6838,b,86,False,False,False,1,1116
6839,q6839,6839,a,143,False,False,False,1,1192
6840,q6840,6840,c,75,False,False,False,1,1096
6841,q6841,6841,b,119,False,False,False,1,1162
6842,q6842,6842,d,87,False,False,False,1,1118
6843,q6843,6843,a,143,False,False,False,1,1192
6844,q6844,6844,b,71,False,False,False,1,1089
6845,q6845,6845,a,84,False,False,False,1,1112
6846,q6846,6846,c,85,False,False,False,1,1114
6847,q6847,6847,d,143,False,False,False,1,1192
6848,q6848,6848,b,83,False,False,False,1,1110
6849,q6849,6849,b,134,False,False,False,1,1183
6850,q6850,6850,d,119,False,False,False,1,1162
6851,q6851,6851,b,143,False,False,False,1,1192
6852,q6852,6852,c,80,False,False,False,1,1105
6853,q6853,6853,b,121,False,False,False,1,1166
6854,q6854,6854,a,76,False,False,False,1,1098
6855,q6855,6855,d,143,False,False,False,1,1192
6856,q6856,6856,b,134,False,False,False,1,1183
6857,q6857,6857,c,77;179,False,True,False,2,1101
6858,q6858,6858,a,76;179,False,True,False,2,1099
6859,q6859,6859,c,122;179,False,True,False,2,1168
6860,q6860,6860,b,143;179,False,True,False,2,1193
6861,q6861,6861,c,129;179,False,True,False,2,1177
6862,q6862,6862,a,77;179,False,True,False,2,1101
6863,q6863,6863,a,143;179,False,True,False,2,1193
6864,q6864,6864,c,86;179,False,True,False,2,1117
6865,q6865,6865,c,85;179,False,True,False,2,1115
6866,q6866,6866,a,134;179,False,True,False,2,1184
6867,q6867,6867,d,143;179,False,True,False,2,1193
6868,q6868,6868,a,77;179,False,True,False,2,1101
6869,q6869,6869,a,122,False,False,False,1,1167
6870,q6870,6870,b,76,False,False,False,1,1098
6871,q6871,6871,d,88,False,False,False,1,1120
6872,q6872,6872,b,143,False,False,False,1,1192
6873,q6873,6873,d,120;179,False,True,False,2,1165
6874,q6874,6874,b,134;179,False,True,False,2,1184
6875,q6875,6875,b,76;179,False,True,False,2,1099
6876,q6876,6876,a,143;179,False,True,False,2,1193
6877,q6877,6877,d,119,False,False,False,1,1162
6878,q6878,6878,a,77,False,False,False,1,1100
6879,q6879,6879,b,83,False,False,False,1,1110
6880,q6880,6880,a,143,False,False,False,1,1192
6881,q6881,6881,c,85,False,False,False,1,1114
6882,q6882,6882,c,71,False,False,False,1,1089
6883,q6883,6883,d,83,False,False,False,1,1110
6884,q6884,6884,a,143,False,False,False,1,1192
6885,q6885,6885,a,144,False,False,False,1,1194
6886,q6886,6886,b,85,False,False,False,1,1114
6887,q6887,6887,b,72,False,False,False,1,1091
6888,q6888,6888,b,143,False,False,False,1,1192
6889,q6889,6889,a,71;179,False,True,False,2,1090
6890,q6890,6890,d,83;179,False,True,False,2,1111
6891,q6891,6891,d,74;179,False,True,False,2,1095
6892,q6892,6892,b,143;179,False,True,False,2,1193
6893,q6893,6893,b,77;179,False,True,False,2,1101
6894,q6894,6894,b,76;179,False,True,False,2,1099
6895,q6895,6895,c,87;179,False,True,False,2,1119
6896,q6896,6896,b,143;179,False,True,False,2,1193
6897,q6897,6897,a,88;179,False,True,False,2,1121
6898,q6898,6898,b,77;179,False,True,False,2,1101
6899,q6899,6899,c,76;179,False,True,False,2,1099
6900,q6900,6900,a,143;179,False,True,False,2,1193
6901,q6901,6901,c,98,False,False,False,1,1133
6902,q6902,6902,a,129,False,False,False,1,1176
6903,q6903,6903,d,76,False,False,False,1,1098
6904,q6904,6904,a,143,False,False,False,1,1192
6905,q6905,6905,b,120;179,False,True,False,2,1165
6906,q6906,6906,b,134;179,False,True,False,2,1184
6907,q6907,6907,d,119;179,False,True,False,2,1163
6908,q6908,6908,c,143;179,False,True,False,2,1193
6909,q6909,6909,d,78,False,False,False,1,1102
6910,q6910,6910,c,74,False,False,False,1,1094
6911,q6911,6911,b,143,False,False,False,1,1192
6912,q6912,6912,a,77,False,False,False,1,1100
6913,q6913,6913,a,126,False,False,False,1,1172
6914,q6914,6914,b,76,False,False,False,1,1098
6915,q6915,6915,a,72,False,False,False,1,1091
6916,q6916,6916,d,143,False,False,False,1,1192
6917,q6917,6917,c,77;179,False,True,False,2,1101
6918,q6918,6918,c,78;179,False,True,False,2,1103
6919,q6919,6919,c,85;179,False,True,False,2,1115
6920,q6920,6920,c,143;179,False,True,False,2,1193
6921,q6921,6921,c,76,False,False,False,1,1098
6922,q6922,6922,b,73,False,False,False,1,1092
6923,q6923,6923,c,71,False,False,False,1,1089
6924,q6924,6924,a,143,False,False,False,1,1192
6925,q6925,6925,d,130,False,False,False,1,1178
6926,q6926,6926,d,76,False,False,False,1,1098
6927,q6927,6927,a,78,False,False,False,1,1102
6928,q6928,6928,c,143,False,False,False,1,1192
6929,q6929,6929,c,83;179,False,True,False,2,1111
6930,q6930,6930,c,95;179,False,True,False,2,1130
6931,q6931,6931,c,143;179,False,True,False,2,1193
6932,q6932,6932,a,115;179,False,True,False,2,1157
6933,q6933,6933,b,80;179,False,True,False,2,1106
6934,q6934,6934,d,120;179,False,True,False,2,1165
6935,q6935,6935,b,77;179,False,True,False,2,1101
6936,q6936,6936,a,143;179,False,True,False,2,1193
6937,q6937,6937,c,81;179,False,True,False,2,1108
6938,q6938,6938,c,143;179,False,True,False,2,1193
6939,q6939,6939,c,108;179,False,True,False,2,1146
6940,q6940,6940,b,77;179,False,True,False,2,1101
6941,q6941,6941,a,74;179,False,True,False,2,1095
6942,q6942,6942,d,143;179,False,True,False,2,1193
6943,q6943,6943,a,78;179,False,True,False,2,1103
6944,q6944,6944,b,117;179,False,True,False,2,1160
6945,q6945,6945,c,143;179,False,True,False,2,1193
6946,q6946,6946,c,145;179,False,True,False,2,1196
6947,q6947,6947,a,113;179,False,True,False,2,1154
6948,q6948,6948,b,76;179,False,True,False,2,1099
6949,q6949,6949,d,83,False,False,False,1,1110
6950,q6950,6950,a,115,False,False,False,1,1156
6951,q6951,6951,d,143,False,False,False,1,1192
6952,q6952,6952,b,85,False,False,False,1,1114
6953,q6953,6953,a,78,False,False,False,1,1102
6954,q6954,6954,c,119,False,False,False,1,1162
6955,q6955,6955,b,119,False,False,False,1,1162
6956,q6956,6956,c,143,False,False,False,1,1192
6957,q6957,6957,d,143,False,False,False,1,1192
6958,q6958,6958,b,78,False,False,False,1,1102
6959,q6959,6959,b,80,False,False,False,1,1105
6960,q6960,6960,c,76,False,False,False,1,1098
6961,q6961,6961,d,85;179,False,True,False,2,1115
6962,q6962,6962,c,83;179,False,True,False,2,1111
6963,q6963,6963,a,<UNTAGGED>,True,False,False,0,1
6964,q6964,6964,a,122;179,False,True,False,2,1168
6965,q6965,6965,b,71;179,False,True,False,2,1090
6966,q6966,6966,d,81;179,False,True,False,2,1108
6967,q6967,6967,b,74;179,False,True,False,2,1095
6968,q6968,6968,a,143;179,False,True,False,2,1193
6969,q6969,6969,a,77;179,False,True,False,2,1101
6970,q6970,6970,b,85;179,False,True,False,2,1115
6971,q6971,6971,b,75;179,False,True,False,2,1097
6972,q6972,6972,d,143;179,False,True,False,2,1193
6973,q6973,6973,c,77;179,False,True,False,2,1101
6974,q6974,6974,d,87;179,False,True,False,2,1119
6975,q6975,6975,c,143;179,False,True,False,2,1193
6976,q6976,6976,a,126;179,False,True,False,2,1173
6977,q6977,6977,b,82,False,False,False,1,1109
6978,q6978,6978,a,134,False,False,False,1,1183
6979,q6979,6979,a,83,False,False,False,1,1110
6980,q6980,6980,c,143,False,False,False,1,1192
6981,q6981,6981,b,76,False,False,False,1,1098
6982,q6982,6982,b,80,False,False,False,1,1105
6983,q6983,6983,c,112,False,False,False,1,1152
6984,q6984,6984,c,143,False,False,False,1,1192
6985,q6985,6985,b,119,False,False,False,1,1162
6986,q6986,6986,c,83,False,False,False,1,1110
6987,q6987,6987,d,129,False,False,False,1,1176
6988,q6988,6988,a,143,False,False,False,1,1192
6989,q6989,6989,a,76;179,False,True,False,2,1099
6990,q6990,6990,c,78;179,False,True,False,2,1103
6991,q6991,6991,b,143;179,False,True,False,2,1193
6992,q6992,6992,b,130;179,False,True,False,2,1179
6993,q6993,6993,d,71;179,False,True,False,2,1090
6994,q6994,6994,d,143;179,False,True,False,2,1193
6995,q6995,6995,b,74;179,False,True,False,2,1095
6996,q6996,6996,a,90;179,False,True,False,2,1124
6997,q6997,6997,d,80;179,False,True,False,2,1106
6998,q6998,6998,c,119;179,False,True,False,2,1163
6999,q6999,6999,d,77;179,False,True,False,2,1101
7000,q7000,7000,b,143;179,False,True,False,2,1193
7001,q7001,7001,c,153;155;177,False,True,False,3,1439
7002,q7002,7002,b,155;156;177,False,True,False,3,1464
7003,q7003,7003,b,155;169;177,False,True,False,3,1468
7004,q7004,7004,c,149;157;177,False,True,False,3,1364
7005,q7005,7005,b,153;157;177,False,True,False,3,1441
7006,q7006,7006,d,157;169;177,False,True,False,3,1480
7007,q7007,7007,c,149;155;177,False,True,False,3,1361
7008,q7008,7008,a,155;156;177,False,True,False,3,1464
7009,q7009,7009,a,155;169;177,False,True,False,3,1468
7010,q7010,7010,d,149;159;177,False,True,False,3,1374
7011,q7011,7011,c,156;159;177,False,True,False,3,1475
7012,q7012,7012,c,159;169;177,False,True,False,3,1483
7013,q7013,7013,c,147;149;152;163;178;179,False,True,True,6,1284
7014,q7014,7014,b,147;149;152;163;178;179,False,True,True,6,1284
7015,q7015,7015,c,147;151;152;163;178;179,False,True,True,6,1303
7016,q7016,7016,a,147;149;152;163;178;179,False,True,True,6,1284
7017,q7017,7017,c,147;149;152;163;178;179,False,True,True,6,1284
7018,q7018,7018,a,150;157;177,False,True,False,3,1395
7019,q7019,7019,a,149;157;177,False,True,False,3,1364
7020,q7020,7020,c,153;157;177,False,True,False,3,1441
7021,q7021,7021,d,157;169;177,False,True,False,3,1480
7022,q7022,7022,a,149;155;177,False,True,False,3,1361
7023,q7023,7023,c,149;155;177,False,True,False,3,1361
7024,q7024,7024,b,153;155;177,False,True,False,3,1439
7025,q7025,7025,b,155;169;177,False,True,False,3,1468
7026,q7026,7026,d,146;150;177,False,True,False,3,1248
7027,q7027,7027,a,146;153;177,False,True,False,3,1267
7028,q7028,7028,b,146;156;177,False,True,False,3,1273
7029,q7029,7029,a,146;169;177,False,True,False,3,1276
7030,q7030,7030,c,148;159;177,False,True,False,3,1346
7031,q7031,7031,a,156;159;177,False,True,False,3,1475
7032,q7032,7032,b,153;159;177,False,True,False,3,1452
7033,q7033,7033,c,159;169;177,False,True,False,3,1483
7034,q7034,7034,c,156;159;162;164;178,False,True,False,5,1474
7035,q7035,7035,b,149;159;162;164;178,False,True,False,5,1371
7036,q7036,7036,d,153;159;162;164;178,False,True,False,5,1449
7037,q7037,7037,c,149;159;162;164;178,False,True,False,5,1371
7038,q7038,7038,a,151;159;162;164;178,False,True,False,5,1423
7039,q7039,7039,c,146;151;162;172;178,False,True,False,5,1253
7040,q7040,7040,b,146;150;162;172;178,False,True,False,5,1247
7041,q7041,7041,b,146;149;162;172;178,False,True,False,5,1241
7042,q7042,7042,c,146;149;162;172;178,False,True,False,5,1241
7043,q7043,7043,d,146;153;162;172;178,False,True,False,5,1265
7044,q7044,7044,c,151;155;158;162;178,False,True,False,5,1408
7045,q7045,7045,a,150;155;158;162;178,False,True,False,5,1385
7046,q7046,7046,d,153;155;158;162;178,False,True,False,5,1432
7047,q7047,7047,b,149;155;158;162;178,False,True,False,5,1353
7048,q7048,7048,c,149;155;158;162;178,False,True,False,5,1353
7049,q7049,7049,a,146;151;158;162;178,False,True,False,5,1249
7050,q7050,7050,c,146;153;158;162;178,False,True,False,5,1257
7051,q7051,7051,d,146;149;158;162;178,False,True,False,5,1232
7052,q7052,7052,a,146;149;158;162;178,False,True,False,5,1232
7053,q7053,7053,d,146;153;158;162;178,False,True,False,5,1257
7054,q7054,7054,b,146;153;162;172;178,False,True,False,5,1265
7055,q7055,7055,d,146;153;162;172;178,False,True,False,5,1265
7056,q7056,7056,c,146;149;162;172;178,False,True,False,5,1241
7057,q7057,7057,c,146;149;162;172;178,False,True,False,5,1241
7058,q7058,7058,b,146;151;162;172;178,False,True,False,5,1253
7059,q7059,7059,d,151;154;155;162;178,False,True,False,5,1407
7060,q7060,7060,c,149;154;155;162;178,False,True,False,5,1351
7061,q7061,7061,d,153;154;155;162;178,False,True,False,5,1430
7062,q7062,7062,d,150;154;155;162;178,False,True,False,5,1383
7063,q7063,7063,c,149;154;155;162;178,False,True,False,5,1351
7064,q7064,7064,b,147;153;155;176,False,True,False,4,1316
7065,q7065,7065,c,147;149;155;176,False,True,False,4,1288
7066,q7066,7066,a,147;151;155;176,False,True,False,4,1307
7067,q7067,7067,b,147;148;155;176,False,True,False,4,1278
7068,q7068,7068,d,147;149;155;176,False,True,False,4,1288
7069,q7069,7069,c,146;153;158;176,False,True,False,4,1260
7070,q7070,7070,d,146;151;158;176,False,True,False,4,1250
7071,q7071,7071,c,146;149;158;176,False,True,False,4,1236
7072,q7072,7072,b,146;149;158;176,False,True,False,4,1236
7073,q7073,7073,d,146;149;158;176,False,True,False,4,1236
7074,q7074,7074,a,147;148;155;176,False,True,False,4,1278
7075,q7075,7075,d,147;149;155;176,False,True,False,4,1288
7076,q7076,7076,c,147;149;155;176,False,True,False,4,1288
7077,q7077,7077,b,147;149;155;176,False,True,False,4,1288
7078,q7078,7078,b,147;151;155;176,False,True,False,4,1307
7079,q7079,7079,b,153;159;161;176,False,True,False,4,1448
7080,q7080,7080,a,153;159;161;176,False,True,False,4,1448
7081,q7081,7081,c,153;159;161;176,False,True,False,4,1448
7082,q7082,7082,c,153;159;161;176,False,True,False,4,1448
7083,q7083,7083,d,153;159;161;176,False,True,False,4,1448
7084,q7084,7084,d,148;157;177,False,True,False,3,1339
7085,q7085,7085,c,149;157;177,False,True,False,3,1364
7086,q7086,7086,b,149;157;177,False,True,False,3,1364
7087,q7087,7087,c,157;169;177,False,True,False,3,1480
7088,q7088,7088,c,146;150;177,False,True,False,3,1248
7089,q7089,7089,c,146;153;177,False,True,False,3,1267
7090,q7090,7090,a,146;151;177,False,True,False,3,1255
7091,q7091,7091,b,146;169;177,False,True,False,3,1276
7092,q7092,7092,b,148;155;177,False,True,False,3,1336
7093,q7093,7093,b,153;155;177,False,True,False,3,1439
7094,q7094,7094,c,150;155;177,False,True,False,3,1393
7095,q7095,7095,d,155;169;177,False,True,False,3,1468
7096,q7096,7096,c,148;155;177,False,True,False,3,1336
7097,q7097,7097,c,155;156;177,False,True,False,3,1464
7098,q7098,7098,a,149;155;177,False,True,False,3,1361
7099,q7099,7099,b,155;169;177,False,True,False,3,1468
7100,q7100,7100,b,148;167;177,False,True,False,3,1348
7101,q7101,7101,c,149;167;177,False,True,False,3,1376
7102,q7102,7102,a,149;167;177,False,True,False,3,1376
7103,q7103,7103,b,167;168;177,False,True,False,3,1486
7104,q7104,7104,c,167;168;177;179,False,True,True,4,1487
7105,q7105,7105,d,149;167;177;179,False,True,True,4,1377
7106,q7106,7106,a,148;167;177,False,True,False,3,1348
7107,q7107,7107,d,167;168;177,False,True,False,3,1486
7108,q7108,7108,a,167;168;177,False,True,False,3,1486
7109,q7109,7109,c,153;167;177,False,True,False,3,1456
7110,q7110,7110,a,153;167;177;179,False,True,True,4,1457
7111,q7111,7111,a,167;168;177;179,False,True,True,4,1487
7112,q7112,7112,b,149;167;177,False,True,False,3,1376
7113,q7113,7113,c,167;168;177,False,True,False,3,1486
7114,q7114,7114,b,153;167;177,False,True,False,3,1456
7115,q7115,7115,c,167;168;177,False,True,False,3,1486
7116,q7116,7116,d,148;167;177,False,True,False,3,1348
7117,q7117,7117,b,167;168;177,False,True,False,3,1486
7118,q7118,7118,d,149;155;158;162;178;179,False,True,True,6,1354
7119,q7119,7119,c,151;155;158;162;178;179,False,True,True,6,1409
7120,q7120,7120,c,149;155;158;162;178;179,False,True,True,6,1354
7121,q7121,7121,b,149;155;158;162;178;179,False,True,True,6,1354
7122,q7122,7122,b,149;155;158;162;178;179,False,True,True,6,1354
7123,q7123,7123,d,148;167;177,False,True,False,3,1348
7124,q7124,7124,b,167;168;177,False,True,False,3,1486
7125,q7125,7125,c,149;167;177,False,True,False,3,1376
7126,q7126,7126,a,167;168;177,False,True,False,3,1486
7127,q7127,7127,a,149;167;177,False,True,False,3,1376
7128,q7128,7128,b,167;168;177,False,True,False,3,1486
7129,q7129,7129,a,167;168;177;179,False,True,True,4,1487
7130,q7130,7130,c,153;167;177;179,False,True,True,4,1457
7131,q7131,7131,c,<UNTAGGED>,True,False,False,0,1
7132,q7132,7132,b,<UNTAGGED>,True,False,False,0,1
7133,q7133,7133,d,<UNTAGGED>,True,False,False,0,1
7134,q7134,7134,a,<UNTAGGED>,True,False,False,0,1
7135,q7135,7135,c,<UNTAGGED>,True,False,False,0,1
7136,q7136,7136,d,<UNTAGGED>,True,False,False,0,1
7137,q7137,7137,a,<UNTAGGED>,True,False,False,0,1
7138,q7138,7138,d,<UNTAGGED>,True,False,False,0,1
7139,q7139,7139,b,<UNTAGGED>,True,False,False,0,1
7140,q7140,7140,c,<UNTAGGED>,True,False,False,0,1
7141,q7141,7141,c,<UNTAGGED>,True,False,False,0,1
7142,q7142,7142,d,<UNTAGGED>,True,False,False,0,1
7143,q7143,7143,c,<UNTAGGED>,True,False,False,0,1
7144,q7144,7144,a,<UNTAGGED>,True,False,False,0,1
7145,q7145,7145,b,<UNTAGGED>,True,False,False,0,1
7146,q7146,7146,d,<UNTAGGED>,True,False,False,0,1
7147,q7147,7147,a,<UNTAGGED>,True,False,False,0,1
7148,q7148,7148,d,<UNTAGGED>,True,False,False,0,1
7149,q7149,7149,d,<UNTAGGED>,True,False,False,0,1
7150,q7150,7150,d,<UNTAGGED>,True,False,False,0,1
7151,q7151,7151,b,<UNTAGGED>,True,False,False,0,1
7152,q7152,7152,d,<UNTAGGED>,True,False,False,0,1
7153,q7153,7153,a,<UNTAGGED>,True,False,False,0,1
7154,q7154,7154,c,<UNTAGGED>,True,False,False,0,1
7155,q7155,7155,a,<UNTAGGED>,True,False,False,0,1
7156,q7156,7156,c,<UNTAGGED>,True,False,False,0,1
7157,q7157,7157,d,<UNTAGGED>,True,False,False,0,1
7158,q7158,7158,a,<UNTAGGED>,True,False,False,0,1
7159,q7159,7159,b,<UNTAGGED>,True,False,False,0,1
7160,q7160,7160,b,156;159;177,False,True,False,3,1475
7161,q7161,7161,c,153;159;177,False,True,False,3,1452
7162,q7162,7162,c,146;148;177,False,True,False,3,1230
7163,q7163,7163,b,146;153;177,False,True,False,3,1267
7164,q7164,7164,d,146;149;177,False,True,False,3,1243
7165,q7165,7165,c,153;157;177;179,False,True,True,4,1442
7166,q7166,7166,b,149;157;177;179,False,True,True,4,1365
7167,q7167,7167,a,149;152;177,False,True,False,3,1350
7168,q7168,7168,b,152;153;177,False,True,False,3,1427
7169,q7169,7169,c,146;149;177,False,True,False,3,1243
7170,q7170,7170,c,146;153;177,False,True,False,3,1267
7171,q7171,7171,c,146;153;177,False,True,False,3,1267
7172,q7172,7172,b,148;159;177,False,True,False,3,1346
7173,q7173,7173,b,150;159;177,False,True,False,3,1402
7174,q7174,7174,d,153;159;177,False,True,False,3,1452
7175,q7175,7175,c,148;157;177,False,True,False,3,1339
7176,q7176,7176,b,149;157;177,False,True,False,3,1364
7177,q7177,7177,c,153;157;177,False,True,False,3,1441
7178,q7178,7178,a,157;169;177,False,True,False,3,1480
7179,q7179,7179,c,153;155;177,False,True,False,3,1439
7180,q7180,7180,b,153;155;177,False,True,False,3,1439
7181,q7181,7181,d,155;156;177,False,True,False,3,1464
7182,q7182,7182,d,155;169;177,False,True,False,3,1468
7183,q7183,7183,b,153;159;177,False,True,False,3,1452
7184,q7184,7184,b,149;159;177,False,True,False,3,1374
7185,q7185,7185,a,156;159;177,False,True,False,3,1475
7186,q7186,7186,c,159;169;177,False,True,False,3,1483
7187,q7187,7187,a,147;149;155;176,False,True,False,4,1288
7188,q7188,7188,d,147;150;155;176,False,True,False,4,1297
7189,q7189,7189,a,147;149;155;176,False,True,False,4,1288
7190,q7190,7190,c,147;148;155;176,False,True,False,4,1278
7191,q7191,7191,c,147;151;155;176,False,True,False,4,1307
7192,q7192,7192,a,147;149;159;176,False,True,False,4,1292
7193,q7193,7193,b,147;150;159;176,False,True,False,4,1300
7194,q7194,7194,b,147;149;159;176,False,True,False,4,1292
7195,q7195,7195,d,147;149;159;176,False,True,False,4,1292
7196,q7196,7196,b,147;149;159;176,False,True,False,4,1292
7197,q7197,7197,a,147;148;152;176,False,True,False,4,1277
7198,q7198,7198,b,147;149;152;176,False,True,False,4,1285
7199,q7199,7199,d,147;149;152;176,False,True,False,4,1285
7200,q7200,7200,c,147;150;152;176,False,True,False,4,1295
7201,q7201,7201,b,147;149;152;176,False,True,False,4,1285
7202,q7202,7202,b,147;149;157;176,False,True,False,4,1290
7203,q7203,7203,b,147;149;157;176,False,True,False,4,1290
7204,q7204,7204,d,147;151;157;176,False,True,False,4,1309
7205,q7205,7205,a,147;153;157;176,False,True,False,4,1318
7206,q7206,7206,b,147;150;157;176,False,True,False,4,1299
7207,q7207,7207,d,153;167;177,False,True,False,3,1456
7208,q7208,7208,a,150;167;177,False,True,False,3,1404
7209,q7209,7209,a,167;168;177,False,True,False,3,1486
7210,q7210,7210,a,150;167;177,False,True,False,3,1404
7211,q7211,7211,d,153;167;177,False,True,False,3,1456
7212,q7212,7212,b,150;167;177,False,True,False,3,1404
7213,q7213,7213,d,167;168;177,False,True,False,3,1486
7214,q7214,7214,c,156;167;177,False,True,False,3,1477
7215,q7215,7215,c,148;167;177,False,True,False,3,1348
7216,q7216,7216,b,153;167;177,False,True,False,3,1456
7217,q7217,7217,c,167;168;177,False,True,False,3,1486
7218,q7218,7218,a,156;167;177,False,True,False,3,1477
7219,q7219,7219,d,153;167;177,False,True,False,3,1456
7220,q7220,7220,d,150;167;177,False,True,False,3,1404
7221,q7221,7221,b,167;168;177,False,True,False,3,1486
7222,q7222,7222,a,156;167;177,False,True,False,3,1477
7223,q7223,7223,c,148;167;177,False,True,False,3,1348
7224,q7224,7224,c,150;167;177,False,True,False,3,1404
7225,q7225,7225,d,167;168;177,False,True,False,3,1486
7226,q7226,7226,b,156;167;177,False,True,False,3,1477
7227,q7227,7227,c,149;155;177,False,True,False,3,1361
7228,q7228,7228,a,155;156;177,False,True,False,3,1464
7229,q7229,7229,a,148;155;177,False,True,False,3,1336
7230,q7230,7230,b,149;155;177,False,True,False,3,1361
7231,q7231,7231,c,146;148;177,False,True,False,3,1230
7232,q7232,7232,d,146;150;177,False,True,False,3,1248
7233,q7233,7233,a,146;156;177,False,True,False,3,1273
7234,q7234,7234,a,153;155;177,False,True,False,3,1439
7235,q7235,7235,c,149;155;177,False,True,False,3,1361
7236,q7236,7236,d,148;157;177,False,True,False,3,1339
7237,q7237,7237,d,150;157;177,False,True,False,3,1395
7238,q7238,7238,b,149;157;177,False,True,False,3,1364
7239,q7239,7239,b,153;159;177,False,True,False,3,1452
7240,q7240,7240,d,150;159;177,False,True,False,3,1402
7241,q7241,7241,d,156;159;177,False,True,False,3,1475
7242,q7242,7242,b,146;147;149;162;178;179,False,True,True,6,1204
7243,q7243,7243,b,146;147;153;162;178;179,False,True,True,6,1217
7244,q7244,7244,c,146;147;149;162;178;179,False,True,True,6,1204
7245,q7245,7245,b,146;147;156;162;178;179,False,True,True,6,1222
7246,q7246,7246,d,146;147;149;162;178;179,False,True,True,6,1204
7247,q7247,7247,d,146;150;158;163;178;179,False,True,True,6,1245
7248,q7248,7248,a,146;149;158;163;178;179,False,True,True,6,1234
7249,q7249,7249,d,146;149;158;163;178;179,False,True,True,6,1234
7250,q7250,7250,a,146;149;158;163;178;179,False,True,True,6,1234
7251,q7251,7251,b,146;153;158;163;178;179,False,True,True,6,1258
7252,q7252,7252,b,146;153;158;166;178;179,False,True,True,6,1259
7253,q7253,7253,c,146;149;158;166;178;179,False,True,True,6,1235
7254,q7254,7254,c,146;149;158;166;178;179,False,True,True,6,1235
7255,q7255,7255,b,146;149;158;166;178;179,False,True,True,6,1235
7256,q7256,7256,b,146;153;158;166;178;179,False,True,True,6,1259
7257,q7257,7257,c,149;157;158;162;178,False,True,False,5,1363
7258,q7258,7258,c,151;157;158;162;178,False,True,False,5,1416
7259,q7259,7259,c,149;157;158;162;178,False,True,False,5,1363
7260,q7260,7260,d,148;157;158;162;178,False,True,False,5,1338
7261,q7261,7261,d,149;157;158;162;178,False,True,False,5,1363
7262,q7262,7262,c,<UNTAGGED>,True,False,False,0,1
7263,q7263,7263,b,<UNTAGGED>,True,False,False,0,1
7264,q7264,7264,a,<UNTAGGED>,True,False,False,0,1
7265,q7265,7265,a,<UNTAGGED>,True,False,False,0,1
7266,q7266,7266,d,<UNTAGGED>,True,False,False,0,1
7267,q7267,7267,c,<UNTAGGED>,True,False,False,0,1
7268,q7268,7268,a,<UNTAGGED>,True,False,False,0,1
7269,q7269,7269,c,<UNTAGGED>,True,False,False,0,1
7270,q7270,7270,b,<UNTAGGED>,True,False,False,0,1
7271,q7271,7271,a,<UNTAGGED>,True,False,False,0,1
7272,q7272,7272,b,<UNTAGGED>,True,False,False,0,1
7273,q7273,7273,c,<UNTAGGED>,True,False,False,0,1
7274,q7274,7274,a,<UNTAGGED>,True,False,False,0,1
7275,q7275,7275,a,<UNTAGGED>,True,False,False,0,1
7276,q7276,7276,b,<UNTAGGED>,True,False,False,0,1
7277,q7277,7277,d,167;168;177,False,True,False,3,1486
7278,q7278,7278,a,156;167;177,False,True,False,3,1477
7279,q7279,7279,b,150;167;177,False,True,False,3,1404
7280,q7280,7280,c,167;168;177,False,True,False,3,1486
7281,q7281,7281,a,167;168;177,False,True,False,3,1486
7282,q7282,7282,a,156;167;177,False,True,False,3,1477
7283,q7283,7283,d,150;167;177,False,True,False,3,1404
7284,q7284,7284,b,167;168;177,False,True,False,3,1486
7285,q7285,7285,d,167;168;177,False,True,False,3,1486
7286,q7286,7286,c,156;167;177,False,True,False,3,1477
7287,q7287,7287,d,153;159;162;164;178,False,True,False,5,1449
7288,q7288,7288,a,150;159;162;164;178,False,True,False,5,1400
7289,q7289,7289,c,156;159;162;164;178,False,True,False,5,1474
7290,q7290,7290,b,149;159;162;164;178,False,True,False,5,1371
7291,q7291,7291,b,153;159;162;164;178,False,True,False,5,1449
7292,q7292,7292,d,146;150;158;162;178;179,False,True,True,6,1244
7293,q7293,7293,a,146;149;158;162;178;179,False,True,True,6,1233
7294,q7294,7294,b,146;149;158;162;178;179,False,True,True,6,1233
7295,q7295,7295,a,146;149;158;162;178;179,False,True,True,6,1233
7296,q7296,7296,a,146;156;158;162;178;179,False,True,True,6,1270
7297,q7297,7297,a,148;159;177,False,True,False,3,1346
7298,q7298,7298,d,150;159;177,False,True,False,3,1402
7299,q7299,7299,d,159;169;177,False,True,False,3,1483
7300,q7300,7300,d,149;155;177,False,True,False,3,1361
7301,q7301,7301,b,155;156;177,False,True,False,3,1464
7302,q7302,7302,a,155;169;177,False,True,False,3,1468
7303,q7303,7303,b,153;155;177,False,True,False,3,1439
7304,q7304,7304,a,153;155;177,False,True,False,3,1439
7305,q7305,7305,b,155;169;177,False,True,False,3,1468
7306,q7306,7306,b,153;159;177,False,True,False,3,1452
7307,q7307,7307,c,153;159;177,False,True,False,3,1452
7308,q7308,7308,b,159;169;177,False,True,False,3,1483
7309,q7309,7309,d,146;147;148;176;179,False,True,True,5,1202
7310,q7310,7310,a,146;147;149;176;179,False,True,True,5,1208
7311,q7311,7311,d,146;147;150;176;179,False,True,True,5,1211
7312,q7312,7312,a,146;147;151;176;179,False,True,True,5,1215
7313,q7313,7313,c,146;147;149;176;179,False,True,True,5,1208
7314,q7314,7314,b,147;149;152;176;179,False,True,True,5,1286
7315,q7315,7315,a,147;152;153;176;179,False,True,True,5,1313
7316,q7316,7316,b,147;152;153;176;179,False,True,True,5,1313
7317,q7317,7317,c,147;149;152;176;179,False,True,True,5,1286
7318,q7318,7318,d,147;149;152;176;179,False,True,True,5,1286
7319,q7319,7319,a,149;159;177,False,True,False,3,1374
7320,q7320,7320,c,153;159;177,False,True,False,3,1452
7321,q7321,7321,c,156;159;177,False,True,False,3,1475
7322,q7322,7322,b,159;169;177,False,True,False,3,1483
7323,q7323,7323,d,149;157;177,False,True,False,3,1364
7324,q7324,7324,c,150;157;177,False,True,False,3,1395
7325,q7325,7325,d,153;157;177,False,True,False,3,1441
7326,q7326,7326,c,157;169;177,False,True,False,3,1480
7327,q7327,7327,c,148;157;177,False,True,False,3,1339
7328,q7328,7328,c,149;157;177,False,True,False,3,1364
7329,q7329,7329,d,150;157;177,False,True,False,3,1395
7330,q7330,7330,b,157;169;177,False,True,False,3,1480
7331,q7331,7331,c,153;155;177,False,True,False,3,1439
7332,q7332,7332,d,148;155;177,False,True,False,3,1336
7333,q7333,7333,d,155;156;177,False,True,False,3,1464
7334,q7334,7334,c,155;169;177,False,True,False,3,1468
7335,q7335,7335,c,149;152;177,False,True,False,3,1350
7336,q7336,7336,d,152;153;177,False,True,False,3,1427
7337,q7337,7337,d,152;156;177,False,True,False,3,1428
7338,q7338,7338,d,152;169;177,False,True,False,3,1429
7339,q7339,7339,b,148;159;177,False,True,False,3,1346
7340,q7340,7340,a,156;159;177,False,True,False,3,1475
7341,q7341,7341,c,153;159;177,False,True,False,3,1452
7342,q7342,7342,c,159;169;177,False,True,False,3,1483
7343,q7343,7343,a,149;157;177,False,True,False,3,1364
7344,q7344,7344,d,153;157;177,False,True,False,3,1441
7345,q7345,7345,c,156;157;177,False,True,False,3,1469
7346,q7346,7346,a,157;169;177,False,True,False,3,1480
7347,q7347,7347,d,149;157;177,False,True,False,3,1364
7348,q7348,7348,b,153;157;177,False,True,False,3,1441
7349,q7349,7349,a,156;157;177,False,True,False,3,1469
7350,q7350,7350,b,157;169;177,False,True,False,3,1480
7351,q7351,7351,d,146;149;177,False,True,False,3,1243
7352,q7352,7352,b,146;150;177,False,True,False,3,1248
7353,q7353,7353,c,146;153;177,False,True,False,3,1267
7354,q7354,7354,c,146;169;177,False,True,False,3,1276
7355,q7355,7355,d,146;148;177,False,True,False,3,1230
7356,q7356,7356,a,146;153;177,False,True,False,3,1267
7357,q7357,7357,c,146;153;177,False,True,False,3,1267
7358,q7358,7358,c,146;169;177,False,True,False,3,1276
7359,q7359,7359,a,148;167;177,False,True,False,3,1348
7360,q7360,7360,b,167;168;177,False,True,False,3,1486
7361,q7361,7361,a,149;167;177,False,True,False,3,1376
7362,q7362,7362,b,153;167;177,False,True,False,3,1456
7363,q7363,7363,c,149;167;177,False,True,False,3,1376
7364,q7364,7364,b,153;167;177,False,True,False,3,1456
7365,q7365,7365,d,167;168;177,False,True,False,3,1486
7366,q7366,7366,a,156;167;177,False,True,False,3,1477
7367,q7367,7367,c,148;167;177,False,True,False,3,1348
7368,q7368,7368,b,167;168;177,False,True,False,3,1486
7369,q7369,7369,a,149;167;177,False,True,False,3,1376
7370,q7370,7370,b,153;167;177,False,True,False,3,1456
7371,q7371,7371,c,148;167;177,False,True,False,3,1348
7372,q7372,7372,b,167;168;177,False,True,False,3,1486
7373,q7373,7373,d,149;167;177,False,True,False,3,1376
7374,q7374,7374,b,156;167;177,False,True,False,3,1477
7375,q7375,7375,a,153;167;177,False,True,False,3,1456
7376,q7376,7376,b,149;167;177,False,True,False,3,1376
7377,q7377,7377,d,167;168;177,False,True,False,3,1486
7378,q7378,7378,c,156;167;177,False,True,False,3,1477
7379,q7379,7379,d,153;155;158;162;178,False,True,False,5,1432
7380,q7380,7380,d,153;155;158;162;178,False,True,False,5,1432
7381,q7381,7381,b,149;155;158;162;178,False,True,False,5,1353
7382,q7382,7382,b,149;155;158;162;178,False,True,False,5,1353
7383,q7383,7383,c,149;155;158;162;178,False,True,False,5,1353
7384,q7384,7384,d,150;159;162;164;178,False,True,False,5,1400
7385,q7385,7385,c,153;159;162;164;178,False,True,False,5,1449
7386,q7386,7386,d,156;159;162;164;178,False,True,False,5,1474
7387,q7387,7387,b,149;159;162;164;178,False,True,False,5,1371
7388,q7388,7388,a,151;159;162;164;178,False,True,False,5,1423
7389,q7389,7389,a,147;150;162;170;178,False,True,False,5,1302
7390,q7390,7390,a,147;149;162;170;178,False,True,False,5,1294
7391,q7391,7391,b,147;149;162;170;178,False,True,False,5,1294
7392,q7392,7392,b,147;151;162;170;178,False,True,False,5,1311
7393,q7393,7393,c,147;153;162;170;178,False,True,False,5,1322
7394,q7394,7394,d,153;167;177,False,True,False,3,1456
7395,q7395,7395,b,153;167;177,False,True,False,3,1456
7396,q7396,7396,b,149;167;177,False,True,False,3,1376
7397,q7397,7397,c,167;168;177,False,True,False,3,1486
7398,q7398,7398,c,148;167;177,False,True,False,3,1348
7399,q7399,7399,d,153;167;177,False,True,False,3,1456
7400,q7400,7400,b,167;168;177,False,True,False,3,1486
7401,q7401,7401,b,150;167;177,False,True,False,3,1404
7402,q7402,7402,c,167;168;177,False,True,False,3,1486
7403,q7403,7403,d,153;167;177,False,True,False,3,1456
7404,q7404,7404,c,153;167;177,False,True,False,3,1456
7405,q7405,7405,a,149;167;177,False,True,False,3,1376
7406,q7406,7406,b,149;167;177,False,True,False,3,1376
7407,q7407,7407,a,167;168;177,False,True,False,3,1486
7408,q7408,7408,d,149;167;177,False,True,False,3,1376
7409,q7409,7409,c,156;167;177,False,True,False,3,1477
7410,q7410,7410,a,150;155;177,False,True,False,3,1393
7411,q7411,7411,c,151;155;177,False,True,False,3,1415
7412,q7412,7412,b,155;156;177,False,True,False,3,1464
7413,q7413,7413,b,155;169;177,False,True,False,3,1468
7414,q7414,7414,d,153;157;177,False,True,False,3,1441
7415,q7415,7415,d,151;157;177,False,True,False,3,1417
7416,q7416,7416,d,150;157;177,False,True,False,3,1395
7417,q7417,7417,c,157;169;177,False,True,False,3,1480
7418,q7418,7418,a,150;159;177,False,True,False,3,1402
7419,q7419,7419,b,151;159;177,False,True,False,3,1425
7420,q7420,7420,d,156;159;177,False,True,False,3,1475
7421,q7421,7421,d,159;169;177,False,True,False,3,1483
7422,q7422,7422,b,150;155;177,False,True,False,3,1393
7423,q7423,7423,c,151;155;177,False,True,False,3,1415
7424,q7424,7424,a,155;156;177,False,True,False,3,1464
7425,q7425,7425,d,155;169;177,False,True,False,3,1468
7426,q7426,7426,b,150;159;177,False,True,False,3,1402
7427,q7427,7427,a,151;159;177,False,True,False,3,1425
7428,q7428,7428,b,156;159;177,False,True,False,3,1475
7429,q7429,7429,a,159;169;177,False,True,False,3,1483
7430,q7430,7430,d,146;153;177;179,False,True,True,4,1268
7431,q7431,7431,c,146;153;177;179,False,True,True,4,1268
7432,q7432,7432,b,148;159;177,False,True,False,3,1346
7433,q7433,7433,c,149;159;177,False,True,False,3,1374
7434,q7434,7434,c,148;159;177,False,True,False,3,1346
7435,q7435,7435,b,153;159;177,False,True,False,3,1452
7436,q7436,7436,b,150;159;177,False,True,False,3,1402
7437,q7437,7437,b,148;155;177,False,True,False,3,1336
7438,q7438,7438,c,153;155;177,False,True,False,3,1439
7439,q7439,7439,d,149;155;177,False,True,False,3,1361
7440,q7440,7440,b,153;159;177,False,True,False,3,1452
7441,q7441,7441,d,150;159;177,False,True,False,3,1402
7442,q7442,7442,d,148;155;177;179,False,True,True,4,1337
7443,q7443,7443,b,149;155;177;179,False,True,True,4,1362
7444,q7444,7444,c,150;155;177;179,False,True,True,4,1394
7445,q7445,7445,c,151;158;159;162;178;179,False,True,True,6,1419
7446,q7446,7446,d,150;158;159;162;178;179,False,True,True,6,1397
7447,q7447,7447,a,149;158;159;162;178;179,False,True,True,6,1367
7448,q7448,7448,b,149;158;159;162;178;179,False,True,True,6,1367
7449,q7449,7449,d,149;158;159;162;178;179,False,True,True,6,1367
7450,q7450,7450,b,146;151;158;162;178,False,True,False,5,1249
7451,q7451,7451,d,146;149;158;162;178,False,True,False,5,1232
7452,q7452,7452,b,146;149;158;162;178,False,True,False,5,1232
7453,q7453,7453,d,146;149;158;162;178,False,True,False,5,1232
7454,q7454,7454,d,146;149;158;162;178,False,True,False,5,1232
7455,q7455,7455,a,148;155;158;162;178;179,False,True,True,6,1330
7456,q7456,7456,d,150;155;158;162;178;179,False,True,True,6,1386
7457,q7457,7457,d,149;155;158;162;178;179,False,True,True,6,1354
7458,q7458,7458,b,153;155;158;162;178;179,False,True,True,6,1433
7459,q7459,7459,c,149;155;158;162;178;179,False,True,True,6,1354
7460,q7460,7460,b,146;148;161;162;178;179,False,True,True,6,1228
7461,q7461,7461,a,146;151;161;162;178;179,False,True,True,6,1252
7462,q7462,7462,d,146;149;161;162;178;179,False,True,True,6,1239
7463,q7463,7463,b,146;153;161;162;178;179,False,True,True,6,1263
7464,q7464,7464,d,146;149;161;162;178;179,False,True,True,6,1239
7465,q7465,7465,c,167;168;177;179,False,True,True,4,1487
7466,q7466,7466,d,149;167;177;179,False,True,True,4,1377
7467,q7467,7467,a,167;168;177,False,True,False,3,1486
7468,q7468,7468,c,149;167;177,False,True,False,3,1376
7469,q7469,7469,d,149;167;177,False,True,False,3,1376
7470,q7470,7470,c,167;168;177,False,True,False,3,1486
7471,q7471,7471,a,149;167;177,False,True,False,3,1376
7472,q7472,7472,b,167;168;177,False,True,False,3,1486
7473,q7473,7473,c,149;167;177,False,True,False,3,1376
7474,q7474,7474,d,167;168;177,False,True,False,3,1486
7475,q7475,7475,b,146;153;154;176;179,False,True,True,5,1256
7476,q7476,7476,c,146;149;154;176;179,False,True,True,5,1231
7477,q7477,7477,d,146;153;154;176;179,False,True,True,5,1256
7478,q7478,7478,b,146;149;154;176;179,False,True,True,5,1231
7479,q7479,7479,d,146;149;154;176;179,False,True,True,5,1231
7480,q7480,7480,c,147;148;155;176,False,True,False,4,1278
7481,q7481,7481,b,147;155;156;176,False,True,False,4,1324
7482,q7482,7482,a,147;153;155;176,False,True,False,4,1316
7483,q7483,7483,c,147;155;156;176,False,True,False,4,1324
7484,q7484,7484,d,147;151;155;176,False,True,False,4,1307
7485,q7485,7485,c,147;148;157;176,False,True,False,4,1280
7486,q7486,7486,d,147;151;157;176,False,True,False,4,1309
7487,q7487,7487,a,147;153;157;176,False,True,False,4,1318
7488,q7488,7488,d,147;148;157;176,False,True,False,4,1280
7489,q7489,7489,b,147;149;157;176,False,True,False,4,1290
7490,q7490,7490,a,146;147;153;176;179,False,True,True,5,1220
7491,q7491,7491,d,146;147;149;176;179,False,True,True,5,1208
7492,q7492,7492,a,146;147;156;176;179,False,True,True,5,1225
7493,q7493,7493,d,146;147;149;176;179,False,True,True,5,1208
7494,q7494,7494,c,146;147;150;176;179,False,True,True,5,1211
7495,q7495,7495,c,147;148;155;176,False,True,False,4,1278
7496,q7496,7496,d,147;153;155;176,False,True,False,4,1316
7497,q7497,7497,a,147;149;155;176,False,True,False,4,1288
7498,q7498,7498,c,147;149;155;176,False,True,False,4,1288
7499,q7499,7499,d,147;150;155;176,False,True,False,4,1297
7500,q7500,7500,b,146;147;151;162;178,False,True,False,5,1212
7501,q7501,7501,c,146;147;153;162;178,False,True,False,5,1216
7502,q7502,7502,d,146;147;148;162;178,False,True,False,5,1198
7503,q7503,7503,c,146;147;149;162;178,False,True,False,5,1203
7504,q7504,7504,b,146;147;156;162;178,False,True,False,5,1221
7505,q7505,7505,c,155;156;162;164;178,False,True,False,5,1463
7506,q7506,7506,c,149;155;162;164;178,False,True,False,5,1358
7507,q7507,7507,d,150;155;162;164;178,False,True,False,5,1391
7508,q7508,7508,b,149;155;162;164;178,False,True,False,5,1358
7509,q7509,7509,a,151;155;162;164;178,False,True,False,5,1414
7510,q7510,7510,c,146;147;151;162;178,False,True,False,5,1212
7511,q7511,7511,c,146;147;150;162;178,False,True,False,5,1209
7512,q7512,7512,d,146;147;149;162;178,False,True,False,5,1203
7513,q7513,7513,b,146;147;149;162;178,False,True,False,5,1203
7514,q7514,7514,b,146;147;156;162;178,False,True,False,5,1221
7515,q7515,7515,a,151;158;159;162;178,False,True,False,5,1418
7516,q7516,7516,a,156;158;159;162;178,False,True,False,5,1470
7517,q7517,7517,d,149;158;159;162;178,False,True,False,5,1366
7518,q7518,7518,b,149;158;159;162;178,False,True,False,5,1366
7519,q7519,7519,a,150;158;159;162;178,False,True,False,5,1396
7520,q7520,7520,a,151;170;172;175;178,False,True,False,5,1426
7521,q7521,7521,b,149;170;172;175;178,False,True,False,5,1379
7522,q7522,7522,c,150;170;172;175;178,False,True,False,5,1405
7523,q7523,7523,b,156;170;172;175;178,False,True,False,5,1478
7524,q7524,7524,d,149;170;172;175;178,False,True,False,5,1379
7525,q7525,7525,d,146;153;158;176,False,True,False,4,1260
7526,q7526,7526,a,146;150;158;176,False,True,False,4,1246
7527,q7527,7527,c,146;153;158;176,False,True,False,4,1260
7528,q7528,7528,a,146;149;158;176,False,True,False,4,1236
7529,q7529,7529,b,146;149;158;176,False,True,False,4,1236
7530,q7530,7530,b,146;147;153;176,False,True,False,4,1219
7531,q7531,7531,b,146;147;149;176,False,True,False,4,1207
7532,q7532,7532,d,146;147;150;176,False,True,False,4,1210
7533,q7533,7533,c,146;147;156;176,False,True,False,4,1224
7534,q7534,7534,d,146;147;149;176,False,True,False,4,1207
7535,q7535,7535,b,147;153;159;176,False,True,False,4,1320
7536,q7536,7536,c,147;149;159;176,False,True,False,4,1292
7537,q7537,7537,b,147;149;159;176,False,True,False,4,1292
7538,q7538,7538,d,147;156;159;176,False,True,False,4,1327
7539,q7539,7539,b,147;150;159;176,False,True,False,4,1300
7540,q7540,7540,d,148;155;160;176,False,True,False,4,1333
7541,q7541,7541,a,149;155;160;176,False,True,False,4,1357
7542,q7542,7542,c,151;155;160;176,False,True,False,4,1413
7543,q7543,7543,a,150;155;160;176,False,True,False,4,1390
7544,q7544,7544,b,153;155;160;176,False,True,False,4,1437
7545,q7545,7545,c,146;147;148;165;178;179,False,True,True,6,1200
7546,q7546,7546,d,146;147;153;165;178;179,False,True,True,6,1218
7547,q7547,7547,a,146;147;156;165;178;179,False,True,True,6,1223
7548,q7548,7548,b,146;147;149;165;178;179,False,True,True,6,1206
7549,q7549,7549,b,146;147;149;165;178;179,False,True,True,6,1206
7550,q7550,7550,b,149;158;159;162;178;179,False,True,True,6,1367
7551,q7551,7551,d,151;158;159;162;178;179,False,True,True,6,1419
7552,q7552,7552,b,150;158;159;162;178;179,False,True,True,6,1397
7553,q7553,7553,b,148;158;159;162;178;179,False,True,True,6,1342
7554,q7554,7554,c,149;158;159;162;178;179,False,True,True,6,1367
7555,q7555,7555,d,149;167;177,False,True,False,3,1376
7556,q7556,7556,c,167;168;177,False,True,False,3,1486
7557,q7557,7557,b,149;167;177,False,True,False,3,1376
7558,q7558,7558,d,167;168;177,False,True,False,3,1486
7559,q7559,7559,d,149;167;177,False,True,False,3,1376
7560,q7560,7560,c,167;168;177,False,True,False,3,1486
7561,q7561,7561,a,149;167;177,False,True,False,3,1376
7562,q7562,7562,d,167;168;177,False,True,False,3,1486
7563,q7563,7563,c,148;155;177,False,True,False,3,1336
7564,q7564,7564,a,149;155;177,False,True,False,3,1361
7565,q7565,7565,b,153;155;177,False,True,False,3,1439
7566,q7566,7566,c,155;169;177,False,True,False,3,1468
7567,q7567,7567,a,153;170;177,False,True,False,3,1459
7568,q7568,7568,d,153;170;177,False,True,False,3,1459
7569,q7569,7569,d,153;170;177,False,True,False,3,1459
7570,q7570,7570,d,169;170;177,False,True,False,3,1488
7571,q7571,7571,d,153;155;177,False,True,False,3,1439
7572,q7572,7572,b,150;155;177,False,True,False,3,1393
7573,q7573,7573,a,155;156;177,False,True,False,3,1464
7574,q7574,7574,c,155;169;177,False,True,False,3,1468
7575,q7575,7575,c,148;155;177,False,True,False,3,1336
7576,q7576,7576,a,150;155;177,False,True,False,3,1393
7577,q7577,7577,b,155;156;177,False,True,False,3,1464
7578,q7578,7578,c,155;169;177,False,True,False,3,1468
7579,q7579,7579,a,153;157;177,False,True,False,3,1441
7580,q7580,7580,c,153;157;177,False,True,False,3,1441
7581,q7581,7581,a,156;157;177,False,True,False,3,1469
7582,q7582,7582,a,157;169;177,False,True,False,3,1480
7583,q7583,7583,d,150;155;177,False,True,False,3,1393
7584,q7584,7584,c,153;155;177,False,True,False,3,1439
7585,q7585,7585,c,153;155;177,False,True,False,3,1439
7586,q7586,7586,b,155;169;177,False,True,False,3,1468
7587,q7587,7587,b,148;159;177,False,True,False,3,1346
7588,q7588,7588,c,153;159;177,False,True,False,3,1452
7589,q7589,7589,a,150;159;177,False,True,False,3,1402
7590,q7590,7590,d,159;169;177,False,True,False,3,1483
7591,q7591,7591,b,153;159;177,False,True,False,3,1452
7592,q7592,7592,c,153;159;177,False,True,False,3,1452
7593,q7593,7593,d,153;159;177,False,True,False,3,1452
7594,q7594,7594,a,159;169;177,False,True,False,3,1483
7595,q7595,7595,a,146;150;177,False,True,False,3,1248
7596,q7596,7596,d,146;153;177,False,True,False,3,1267
7597,q7597,7597,c,146;156;177,False,True,False,3,1273
7598,q7598,7598,d,146;169;177,False,True,False,3,1276
7599,q7599,7599,a,148;155;177,False,True,False,3,1336
7600,q7600,7600,b,149;155;177,False,True,False,3,1361
7601,q7601,7601,b,153;155;177,False,True,False,3,1439
7602,q7602,7602,c,155;169;177,False,True,False,3,1468
7603,q7603,7603,b,155;156;158;162;178,False,True,False,5,1461
7604,q7604,7604,d,149;155;158;162;178,False,True,False,5,1353
7605,q7605,7605,a,153;155;158;162;178,False,True,False,5,1432
7606,q7606,7606,b,155;156;158;162;178,False,True,False,5,1461
7607,q7607,7607,d,151;155;158;162;178,False,True,False,5,1408
7608,q7608,7608,c,148;159;172;174;178,False,True,False,5,1345
7609,q7609,7609,d,150;159;172;174;178,False,True,False,5,1401
7610,q7610,7610,a,149;159;172;174;178,False,True,False,5,1373
7611,q7611,7611,c,149;159;172;174;178,False,True,False,5,1373
7612,q7612,7612,b,153;159;172;174;178,False,True,False,5,1451
7613,q7613,7613,b,150;158;162;170;178,False,True,False,5,1399
7614,q7614,7614,b,156;158;162;170;178,False,True,False,5,1473
7615,q7615,7615,c,149;158;162;170;178,False,True,False,5,1370
7616,q7616,7616,a,156;158;162;170;178,False,True,False,5,1473
7617,q7617,7617,d,153;158;162;170;178,False,True,False,5,1447
7618,q7618,7618,b,146;151;162;172;178,False,True,False,5,1253
7619,q7619,7619,d,146;150;162;172;178,False,True,False,5,1247
7620,q7620,7620,c,146;149;162;172;178,False,True,False,5,1241
7621,q7621,7621,a,146;149;162;172;178,False,True,False,5,1241
7622,q7622,7622,d,146;153;162;172;178,False,True,False,5,1265
7623,q7623,7623,a,151;155;158;162;178,False,True,False,5,1408
7624,q7624,7624,c,149;155;158;162;178,False,True,False,5,1353
7625,q7625,7625,d,155;156;158;162;178,False,True,False,5,1461
7626,q7626,7626,d,149;155;158;162;178,False,True,False,5,1353
7627,q7627,7627,b,153;155;158;162;178,False,True,False,5,1432
7628,q7628,7628,c,152;153;177,False,True,False,3,1427
7629,q7629,7629,c,149;152;177,False,True,False,3,1350
7630,q7630,7630,a,146;149;177,False,True,False,3,1243
7631,q7631,7631,b,146;149;177,False,True,False,3,1243
7632,q7632,7632,b,146;150;177,False,True,False,3,1248
7633,q7633,7633,b,146;153;177,False,True,False,3,1267
7634,q7634,7634,a,146;156;177,False,True,False,3,1273
7635,q7635,7635,a,148;159;177;179,False,True,True,4,1347
7636,q7636,7636,c,156;159;177;179,False,True,True,4,1476
7637,q7637,7637,c,146;150;177,False,True,False,3,1248
7638,q7638,7638,b,146;153;177,False,True,False,3,1267
7639,q7639,7639,b,146;153;177,False,True,False,3,1267
7640,q7640,7640,b,149;155;177,False,True,False,3,1361
7641,q7641,7641,c,148;155;177,False,True,False,3,1336
7642,q7642,7642,b,149;155;177,False,True,False,3,1361
7643,q7643,7643,a,150;155;177,False,True,False,3,1393
7644,q7644,7644,c,149;155;177,False,True,False,3,1361
7645,q7645,7645,d,153;155;177,False,True,False,3,1439
7646,q7646,7646,b,155;169;177,False,True,False,3,1468
7647,q7647,7647,c,148;157;177,False,True,False,3,1339
7648,q7648,7648,d,153;157;177,False,True,False,3,1441
7649,q7649,7649,b,151;157;177,False,True,False,3,1417
7650,q7650,7650,c,157;169;177,False,True,False,3,1480
7651,q7651,7651,b,146;153;177,False,True,False,3,1267
7652,q7652,7652,a,146;153;177,False,True,False,3,1267
7653,q7653,7653,d,146;153;177,False,True,False,3,1267
7654,q7654,7654,a,146;149;177,False,True,False,3,1243
7655,q7655,7655,d,146;153;177,False,True,False,3,1267
7656,q7656,7656,a,146;150;177,False,True,False,3,1248
7657,q7657,7657,a,146;153;177,False,True,False,3,1267
7658,q7658,7658,c,148;159;177,False,True,False,3,1346
7659,q7659,7659,c,150;159;177,False,True,False,3,1402
7660,q7660,7660,c,146;153;177,False,True,False,3,1267
7661,q7661,7661,d,146;153;177,False,True,False,3,1267
7662,q7662,7662,b,146;153;177,False,True,False,3,1267
7663,q7663,7663,a,146;153;177,False,True,False,3,1267
7664,q7664,7664,b,146;150;177,False,True,False,3,1248
7665,q7665,7665,c,146;156;177,False,True,False,3,1273
7666,q7666,7666,c,146;153;177,False,True,False,3,1267
7667,q7667,7667,c,146;150;177,False,True,False,3,1248
7668,q7668,7668,a,148;155;177;179,False,True,True,4,1337
7669,q7669,7669,b,149;155;177;179,False,True,True,4,1362
7670,q7670,7670,c,146;148;177,False,True,False,3,1230
7671,q7671,7671,d,146;150;177,False,True,False,3,1248
7672,q7672,7672,a,146;153;177,False,True,False,3,1267
7673,q7673,7673,c,153;159;177,False,True,False,3,1452
7674,q7674,7674,d,149;159;177,False,True,False,3,1374
7675,q7675,7675,b,153;159;177,False,True,False,3,1452
7676,q7676,7676,c,153;159;177,False,True,False,3,1452
7677,q7677,7677,c,156;159;177,False,True,False,3,1475
7678,q7678,7678,c,149;159;177,False,True,False,3,1374
7679,q7679,7679,c,150;159;177,False,True,False,3,1402
7680,q7680,7680,c,153;159;177,False,True,False,3,1452
7681,q7681,7681,a,148;159;177,False,True,False,3,1346
7682,q7682,7682,c,150;159;177,False,True,False,3,1402
7683,q7683,7683,a,148;155;177,False,True,False,3,1336
7684,q7684,7684,d,153;155;177,False,True,False,3,1439
7685,q7685,7685,d,150;155;177,False,True,False,3,1393
7686,q7686,7686,c,149;152;177,False,True,False,3,1350
7687,q7687,7687,b,152;153;177,False,True,False,3,1427
7688,q7688,7688,b,148;159;177,False,True,False,3,1346
7689,q7689,7689,b,149;159;177,False,True,False,3,1374
7690,q7690,7690,b,156;159;177,False,True,False,3,1475
7691,q7691,7691,b,148;155;177,False,True,False,3,1336
7692,q7692,7692,c,150;155;177,False,True,False,3,1393
7693,q7693,7693,d,155;156;177,False,True,False,3,1464
7694,q7694,7694,c,146;150;177,False,True,False,3,1248
7695,q7695,7695,d,146;151;177,False,True,False,3,1255
7696,q7696,7696,c,146;169;177,False,True,False,3,1276
7697,q7697,7697,d,150;155;177,False,True,False,3,1393
7698,q7698,7698,d,151;155;177,False,True,False,3,1415
7699,q7699,7699,d,155;169;177,False,True,False,3,1468
7700,q7700,7700,b,150;159;177,False,True,False,3,1402
7701,q7701,7701,c,151;159;177,False,True,False,3,1425
7702,q7702,7702,a,159;169;177,False,True,False,3,1483
7703,q7703,7703,d,151;155;177,False,True,False,3,1415
7704,q7704,7704,c,155;156;177,False,True,False,3,1464
7705,q7705,7705,c,155;169;177,False,True,False,3,1468
7706,q7706,7706,a,156;159;177,False,True,False,3,1475
7707,q7707,7707,c,151;159;177,False,True,False,3,1425
7708,q7708,7708,b,159;169;177,False,True,False,3,1483
7709,q7709,7709,d,148;167;177,False,True,False,3,1348
7710,q7710,7710,a,167;168;177,False,True,False,3,1486
7711,q7711,7711,c,156;167;177,False,True,False,3,1477
7712,q7712,7712,d,153;167;177,False,True,False,3,1456
7713,q7713,7713,c,153;167;177;179,False,True,True,4,1457
7714,q7714,7714,d,167;168;177;179,False,True,True,4,1487
7715,q7715,7715,c,153;167;177;179,False,True,True,4,1457
7716,q7716,7716,b,153;167;177;179,False,True,True,4,1457
7717,q7717,7717,c,148;167;177,False,True,False,3,1348
7718,q7718,7718,c,149;167;177,False,True,False,3,1376
7719,q7719,7719,b,153;167;177,False,True,False,3,1456
7720,q7720,7720,c,167;168;177,False,True,False,3,1486
7721,q7721,7721,c,149;167;177,False,True,False,3,1376
7722,q7722,7722,d,148;167;177,False,True,False,3,1348
7723,q7723,7723,c,167;168;177,False,True,False,3,1486
7724,q7724,7724,d,149;167;177,False,True,False,3,1376
7725,q7725,7725,c,148;167;177,False,True,False,3,1348
7726,q7726,7726,d,149;167;177,False,True,False,3,1376
7727,q7727,7727,d,167;168;177,False,True,False,3,1486
7728,q7728,7728,b,156;167;177,False,True,False,3,1477
7729,q7729,7729,d,149;167;177,False,True,False,3,1376
7730,q7730,7730,d,167;168;177,False,True,False,3,1486
7731,q7731,7731,a,153;167;177,False,True,False,3,1456
7732,q7732,7732,a,149;167;177,False,True,False,3,1376
7733,q7733,7733,b,149;167;177,False,True,False,3,1376
7734,q7734,7734,d,153;167;177,False,True,False,3,1456
7735,q7735,7735,a,167;168;177,False,True,False,3,1486
7736,q7736,7736,b,153;167;177,False,True,False,3,1456
7737,q7737,7737,b,149;167;177,False,True,False,3,1376
7738,q7738,7738,c,167;168;177,False,True,False,3,1486
7739,q7739,7739,b,156;167;177,False,True,False,3,1477
7740,q7740,7740,c,153;167;177,False,True,False,3,1456
7741,q7741,7741,b,167;168;177,False,True,False,3,1486
7742,q7742,7742,d,153;167;177,False,True,False,3,1456
7743,q7743,7743,c,167;168;177,False,True,False,3,1486
7744,q7744,7744,a,153;167;177,False,True,False,3,1456
7745,q7745,7745,c,167;168;177,False,True,False,3,1486
7746,q7746,7746,b,153;167;177,False,True,False,3,1456
7747,q7747,7747,a,167;168;177,False,True,False,3,1486
7748,q7748,7748,b,149;167;177,False,True,False,3,1376
7749,q7749,7749,c,167;168;177,False,True,False,3,1486
7750,q7750,7750,b,149;167;177,False,True,False,3,1376
7751,q7751,7751,b,<UNTAGGED>,True,False,False,0,1
7752,q7752,7752,a,<UNTAGGED>,True,False,False,0,1
7753,q7753,7753,c,<UNTAGGED>,True,False,False,0,1
7754,q7754,7754,a,<UNTAGGED>,True,False,False,0,1
7755,q7755,7755,d,<UNTAGGED>,True,False,False,0,1
7756,q7756,7756,c,<UNTAGGED>,True,False,False,0,1
7757,q7757,7757,b,<UNTAGGED>,True,False,False,0,1
7758,q7758,7758,a,<UNTAGGED>,True,False,False,0,1
7759,q7759,7759,c,<UNTAGGED>,True,False,False,0,1
7760,q7760,7760,d,<UNTAGGED>,True,False,False,0,1
7761,q7761,7761,c,153;159;177,False,True,False,3,1452
7762,q7762,7762,d,150;159;177,False,True,False,3,1402
7763,q7763,7763,c,149;171;177,False,True,False,3,1381
7764,q7764,7764,d,153;171;177,False,True,False,3,1460
7765,q7765,7765,a,148;155;177,False,True,False,3,1336
7766,q7766,7766,a,155;156;177,False,True,False,3,1464
7767,q7767,7767,d,148;159;177,False,True,False,3,1346
7768,q7768,7768,b,153;159;177,False,True,False,3,1452
7769,q7769,7769,a,156;159;177,False,True,False,3,1475
7770,q7770,7770,c,148;155;177;179,False,True,True,4,1337
7771,q7771,7771,a,153;155;177;179,False,True,True,4,1440
7772,q7772,7772,b,149;155;177;179,False,True,True,4,1362
7773,q7773,7773,a,146;149;177,False,True,False,3,1243
7774,q7774,7774,c,146;149;177,False,True,False,3,1243
7775,q7775,7775,d,146;150;177,False,True,False,3,1248
7776,q7776,7776,c,148;155;177,False,True,False,3,1336
7777,q7777,7777,a,155;156;177,False,True,False,3,1464
7778,q7778,7778,c,146;148;177,False,True,False,3,1230
7779,q7779,7779,a,146;153;177,False,True,False,3,1267
7780,q7780,7780,a,146;153;177,False,True,False,3,1267
7781,q7781,7781,a,149;157;177,False,True,False,3,1364
7782,q7782,7782,c,153;157;177,False,True,False,3,1441
7783,q7783,7783,b,148;155;177,False,True,False,3,1336
7784,q7784,7784,b,149;155;177,False,True,False,3,1361
7785,q7785,7785,b,146;153;177,False,True,False,3,1267
7786,q7786,7786,d,146;153;177,False,True,False,3,1267
7787,q7787,7787,a,146,False,False,False,1,1197
7788,q7788,7788,c,153;159;177,False,True,False,3,1452
7789,q7789,7789,d,150;159;177,False,True,False,3,1402
7790,q7790,7790,c,156;159;177,False,True,False,3,1475
7791,q7791,7791,d,<UNTAGGED>,True,False,False,0,1
7792,q7792,7792,b,<UNTAGGED>,True,False,False,0,1
7793,q7793,7793,c,<UNTAGGED>,True,False,False,0,1
7794,q7794,7794,b,<UNTAGGED>,True,False,False,0,1
7795,q7795,7795,d,<UNTAGGED>,True,False,False,0,1
7796,q7796,7796,c,<UNTAGGED>,True,False,False,0,1
7797,q7797,7797,a,<UNTAGGED>,True,False,False,0,1
7798,q7798,7798,c,<UNTAGGED>,True,False,False,0,1
7799,q7799,7799,b,<UNTAGGED>,True,False,False,0,1
7800,q7800,7800,a,<UNTAGGED>,True,False,False,0,1
7801,q7801,7801,d,146;153;162;164;178;179,False,True,True,6,1264
7802,q7802,7802,a,146;153;162;164;178;179,False,True,True,6,1264
7803,q7803,7803,b,146;149;162;164;178;179,False,True,True,6,1240
7804,q7804,7804,a,146;153;162;164;178;179,False,True,True,6,1264
7805,q7805,7805,d,146;149;162;164;178;179,False,True,True,6,1240
7806,q7806,7806,a,153;158;159;162;178;179,False,True,True,6,1444
7807,q7807,7807,c,149;158;159;162;178;179,False,True,True,6,1367
7808,q7808,7808,b,156;158;159;162;178;179,False,True,True,6,1471
7809,q7809,7809,a,148;158;159;162;178;179,False,True,True,6,1342
7810,q7810,7810,c,156;158;159;162;178;179,False,True,True,6,1471
7811,q7811,7811,c,148;159;177;179,False,True,True,4,1347
7812,q7812,7812,b,153;159;177;179,False,True,True,4,1453
7813,q7813,7813,d,149;159;177,False,True,False,3,1374
7814,q7814,7814,b,150;159;177,False,True,False,3,1402
7815,q7815,7815,a,153;159;177,False,True,False,3,1452
7816,q7816,7816,d,149;159;177,False,True,False,3,1374
7817,q7817,7817,b,153;159;177,False,True,False,3,1452
7818,q7818,7818,d,149;159;177,False,True,False,3,1374
7819,q7819,7819,c,150;159;177,False,True,False,3,1402
7820,q7820,7820,b,148;155;177;179,False,True,True,4,1337
7821,q7821,7821,a,149;155;177;179,False,True,True,4,1362
7822,q7822,7822,d,155;156;177;179,False,True,True,4,1465
7823,q7823,7823,a,148;157;177,False,True,False,3,1339
7824,q7824,7824,a,149;157;177,False,True,False,3,1364
7825,q7825,7825,b,149;157;177,False,True,False,3,1364
7826,q7826,7826,d,146;147;148;165;178,False,True,False,5,1199
7827,q7827,7827,a,146;147;149;165;178,False,True,False,5,1205
7828,q7828,7828,b,146;147;149;165;178,False,True,False,5,1205
7829,q7829,7829,c,146;147;151;165;178,False,True,False,5,1213
7830,q7830,7830,b,146;147;149;165;178,False,True,False,5,1205
7831,q7831,7831,b,147;150;155;162;178,False,True,False,5,1296
7832,q7832,7832,c,147;155;156;162;178,False,True,False,5,1323
7833,q7833,7833,d,147;149;155;162;178,False,True,False,5,1287
7834,q7834,7834,d,147;151;155;162;178,False,True,False,5,1306
7835,q7835,7835,b,147;149;155;162;178,False,True,False,5,1287
7836,q7836,7836,d,150;158;159;162;178,False,True,False,5,1396
7837,q7837,7837,b,153;158;159;162;178,False,True,False,5,1443
7838,q7838,7838,a,149;158;159;162;178,False,True,False,5,1366
7839,q7839,7839,d,148;158;159;162;178,False,True,False,5,1341
7840,q7840,7840,b,149;158;159;162;178,False,True,False,5,1366
7841,q7841,7841,c,148;155;158;162;178;179,False,True,True,6,1330
7842,q7842,7842,c,153;155;158;162;178;179,False,True,True,6,1433
7843,q7843,7843,d,149;155;158;162;178;179,False,True,True,6,1354
7844,q7844,7844,c,149;155;158;162;178;179,False,True,True,6,1354
7845,q7845,7845,d,149;155;158;162;178;179,False,True,True,6,1354
7846,q7846,7846,b,146;147;153;162;178;179,False,True,True,6,1217
7847,q7847,7847,a,146;147;153;162;178;179,False,True,True,6,1217
7848,q7848,7848,c,146;147;149;162;178;179,False,True,True,6,1204
7849,q7849,7849,b,146;147;156;162;178;179,False,True,True,6,1222
7850,q7850,7850,c,146;147;149;162;178;179,False,True,True,6,1204
7851,q7851,7851,b,153;161;165;171;178,False,True,False,5,1454
7852,q7852,7852,c,153;161;165;171;178,False,True,False,5,1454
7853,q7853,7853,a,149;161;165;171;178,False,True,False,5,1375
7854,q7854,7854,d,149;161;165;171;178,False,True,False,5,1375
7855,q7855,7855,d,149;161;165;171;178,False,True,False,5,1375
7856,q7856,7856,d,151;158;159;162;178,False,True,False,5,1418
7857,q7857,7857,c,156;158;159;162;178,False,True,False,5,1470
7858,q7858,7858,b,149;158;159;162;178,False,True,False,5,1366
7859,q7859,7859,c,156;158;159;162;178,False,True,False,5,1470
7860,q7860,7860,c,153;158;159;162;178,False,True,False,5,1443
7861,q7861,7861,a,151;155;158;162;178,False,True,False,5,1408
7862,q7862,7862,d,149;155;158;162;178,False,True,False,5,1353
7863,q7863,7863,b,150;155;158;162;178,False,True,False,5,1385
7864,q7864,7864,c,153;155;158;162;178,False,True,False,5,1432
7865,q7865,7865,a,149;155;158;162;178,False,True,False,5,1353
7866,q7866,7866,c,146;151;158;162;178,False,True,False,5,1249
7867,q7867,7867,d,146;153;158;162;178,False,True,False,5,1257
7868,q7868,7868,b,146;149;158;162;178,False,True,False,5,1232
7869,q7869,7869,a,146;149;158;162;178,False,True,False,5,1232
7870,q7870,7870,b,146;153;158;162;178,False,True,False,5,1257
7871,q7871,7871,d,153;159;162;172;178,False,True,False,5,1450
7872,q7872,7872,b,153;159;162;172;178,False,True,False,5,1450
7873,q7873,7873,c,149;159;162;172;178,False,True,False,5,1372
7874,q7874,7874,c,149;159;162;172;178,False,True,False,5,1372
7875,q7875,7875,b,151;159;162;172;178,False,True,False,5,1424
7876,q7876,7876,c,146;156;158;162;178,False,True,False,5,1269
7877,q7877,7877,c,146;149;158;162;178,False,True,False,5,1232
7878,q7878,7878,d,146;149;158;162;178,False,True,False,5,1232
7879,q7879,7879,d,146;153;158;162;178,False,True,False,5,1257
7880,q7880,7880,c,146;151;158;162;178,False,True,False,5,1249
7881,q7881,7881,a,148;155;158;162;178,False,True,False,5,1329
7882,q7882,7882,a,153;155;158;162;178,False,True,False,5,1432
7883,q7883,7883,c,151;155;158;162;178,False,True,False,5,1408
7884,q7884,7884,c,153;155;158;162;178,False,True,False,5,1432
7885,q7885,7885,b,149;155;158;162;178,False,True,False,5,1353
7886,q7886,7886,c,149;170;172;173;178,False,True,False,5,1378
7887,q7887,7887,d,153;170;172;173;178,False,True,False,5,1458
7888,q7888,7888,b,149;170;172;173;178,False,True,False,5,1378
7889,q7889,7889,d,149;170;172;173;178,False,True,False,5,1378
7890,q7890,7890,a,149;170;172;173;178,False,True,False,5,1378
7891,q7891,7891,d,151;158;162;170;178,False,True,False,5,1422
7892,q7892,7892,a,150;158;162;170;178,False,True,False,5,1399
7893,q7893,7893,c,149;158;162;170;178,False,True,False,5,1370
7894,q7894,7894,d,149;158;162;170;178,False,True,False,5,1370
7895,q7895,7895,b,156;158;162;170;178,False,True,False,5,1473
7896,q7896,7896,a,<UNTAGGED>,True,False,False,0,1
7897,q7897,7897,b,<UNTAGGED>,True,False,False,0,1
7898,q7898,7898,a,<UNTAGGED>,True,False,False,0,1
7899,q7899,7899,b,<UNTAGGED>,True,False,False,0,1
7900,q7900,7900,c,<UNTAGGED>,True,False,False,0,1
7901,q7901,7901,b,<UNTAGGED>,True,False,False,0,1
7902,q7902,7902,c,<UNTAGGED>,True,False,False,0,1
7903,q7903,7903,b,<UNTAGGED>,True,False,False,0,1
7904,q7904,7904,c,<UNTAGGED>,True,False,False,0,1
7905,q7905,7905,a,<UNTAGGED>,True,False,False,0,1
7906,q7906,7906,a,<UNTAGGED>,True,False,False,0,1
7907,q7907,7907,d,<UNTAGGED>,True,False,False,0,1
7908,q7908,7908,c,<UNTAGGED>,True,False,False,0,1
7909,q7909,7909,a,<UNTAGGED>,True,False,False,0,1
7910,q7910,7910,d,<UNTAGGED>,True,False,False,0,1
7911,q7911,7911,d,<UNTAGGED>,True,False,False,0,1
7912,q7912,7912,c,<UNTAGGED>,True,False,False,0,1
7913,q7913,7913,b,<UNTAGGED>,True,False,False,0,1
7914,q7914,7914,d,<UNTAGGED>,True,False,False,0,1
7915,q7915,7915,a,<UNTAGGED>,True,False,False,0,1
7916,q7916,7916,b,<UNTAGGED>,True,False,False,0,1
7917,q7917,7917,d,<UNTAGGED>,True,False,False,0,1
7918,q7918,7918,a,<UNTAGGED>,True,False,False,0,1
7919,q7919,7919,d,<UNTAGGED>,True,False,False,0,1
7920,q7920,7920,b,<UNTAGGED>,True,False,False,0,1
7921,q7921,7921,c,<UNTAGGED>,True,False,False,0,1
7922,q7922,7922,d,<UNTAGGED>,True,False,False,0,1
7923,q7923,7923,d,<UNTAGGED>,True,False,False,0,1
7924,q7924,7924,b,<UNTAGGED>,True,False,False,0,1
7925,q7925,7925,c,<UNTAGGED>,True,False,False,0,1
7926,q7926,7926,d,<UNTAGGED>,True,False,False,0,1
7927,q7927,7927,c,153;159;177,False,True,False,3,1452
7928,q7928,7928,c,156;159;177,False,True,False,3,1475
7929,q7929,7929,b,<UNTAGGED>,True,False,False,0,1
7930,q7930,7930,a,<UNTAGGED>,True,False,False,0,1
7931,q7931,7931,c,<UNTAGGED>,True,False,False,0,1
7932,q7932,7932,d,<UNTAGGED>,True,False,False,0,1
7933,q7933,7933,a,<UNTAGGED>,True,False,False,0,1
7934,q7934,7934,b,<UNTAGGED>,True,False,False,0,1
7935,q7935,7935,a,<UNTAGGED>,True,False,False,0,1
7936,q7936,7936,b,<UNTAGGED>,True,False,False,0,1
7937,q7937,7937,a,<UNTAGGED>,True,False,False,0,1
7938,q7938,7938,c,<UNTAGGED>,True,False,False,0,1
7939,q7939,7939,d,<UNTAGGED>,True,False,False,0,1
7940,q7940,7940,a,<UNTAGGED>,True,False,False,0,1
7941,q7941,7941,b,<UNTAGGED>,True,False,False,0,1
7942,q7942,7942,b,<UNTAGGED>,True,False,False,0,1
7943,q7943,7943,a,<UNTAGGED>,True,False,False,0,1
7944,q7944,7944,b,<UNTAGGED>,True,False,False,0,1
7945,q7945,7945,a,<UNTAGGED>,True,False,False,0,1
7946,q7946,7946,a,<UNTAGGED>,True,False,False,0,1
7947,q7947,7947,b,<UNTAGGED>,True,False,False,0,1
7948,q7948,7948,d,<UNTAGGED>,True,False,False,0,1
7949,q7949,7949,d,<UNTAGGED>,True,False,False,0,1
7950,q7950,7950,d,<UNTAGGED>,True,False,False,0,1
7951,q7951,7951,c,<UNTAGGED>,True,False,False,0,1
7952,q7952,7952,d,<UNTAGGED>,True,False,False,0,1
7953,q7953,7953,c,<UNTAGGED>,True,False,False,0,1
7954,q7954,7954,a,149;155;177,False,True,False,3,1361
7955,q7955,7955,b,149;155;177,False,True,False,3,1361
7956,q7956,7956,d,155;156;177,False,True,False,3,1464
7957,q7957,7957,a,155;169;177,False,True,False,3,1468
7958,q7958,7958,a,148;157;177;179,False,True,True,4,1340
7959,q7959,7959,b,149;157;177;179,False,True,True,4,1365
7960,q7960,7960,d,153;157;177;179,False,True,True,4,1442
7961,q7961,7961,c,157;169;177;179,False,True,True,4,1481
7962,q7962,7962,d,149;170;177,False,True,False,3,1380
7963,q7963,7963,c,156;170;177,False,True,False,3,1479
7964,q7964,7964,b,169;170;177,False,True,False,3,1488
7965,q7965,7965,c,148;155;177,False,True,False,3,1336
7966,q7966,7966,c,149;155;177,False,True,False,3,1361
7967,q7967,7967,c,155;169;177,False,True,False,3,1468
7968,q7968,7968,c,149;155;162;172;178,False,True,False,5,1359
7969,q7969,7969,b,149;155;162;172;178,False,True,False,5,1359
7970,q7970,7970,c,150;155;162;172;178,False,True,False,5,1392
7971,q7971,7971,c,148;155;162;172;178,False,True,False,5,1334
7972,q7972,7972,b,149;155;162;172;178,False,True,False,5,1359
7973,q7973,7973,b,149;158;159;166;178,False,True,False,5,1368
7974,q7974,7974,a,149;158;159;166;178,False,True,False,5,1368
7975,q7975,7975,d,149;158;159;166;178,False,True,False,5,1368
7976,q7976,7976,a,151;158;159;166;178,False,True,False,5,1420
7977,q7977,7977,c,149;158;159;166;178,False,True,False,5,1368
7978,q7978,7978,b,147;148;159;166;178,False,True,False,5,1281
7979,q7979,7979,c,147;149;159;166;178,False,True,False,5,1291
7980,q7980,7980,c,147;149;159;166;178,False,True,False,5,1291
7981,q7981,7981,a,147;149;159;166;178,False,True,False,5,1291
7982,q7982,7982,d,147;151;159;166;178,False,True,False,5,1310
7983,q7983,7983,d,147;153;159;166;178,False,True,False,5,1319
7984,q7984,7984,a,147;151;159;166;178,False,True,False,5,1310
7985,q7985,7985,b,147;148;159;166;178,False,True,False,5,1281
7986,q7986,7986,a,147;149;159;166;178,False,True,False,5,1291
7987,q7987,7987,c,147;149;159;166;178,False,True,False,5,1291
7988,q7988,7988,c,146;153;158;162;178,False,True,False,5,1257
7989,q7989,7989,b,146;149;158;162;178,False,True,False,5,1232
7990,q7990,7990,b,146;153;158;162;178,False,True,False,5,1257
7991,q7991,7991,c,146;149;158;162;178,False,True,False,5,1232
7992,q7992,7992,b,146;156;158;162;178,False,True,False,5,1269
7993,q7993,7993,a,150;158;159;166;178,False,True,False,5,1398
7994,q7994,7994,d,153;158;159;166;178,False,True,False,5,1445
7995,q7995,7995,a,149;158;159;166;178,False,True,False,5,1368
7996,q7996,7996,d,149;158;159;166;178,False,True,False,5,1368
7997,q7997,7997,a,149;158;159;166;178,False,True,False,5,1368
7998,q7998,7998,b,148;167;177,False,True,False,3,1348
7999,q7999,7999,a,167;168;177,False,True,False,3,1486
8000,q8000,8000,d,149;167;177,False,True,False,3,1376
8001,q8001,8001,d,153;167;177,False,True,False,3,1456
8002,q8002,8002,b,148;167;177,False,True,False,3,1348
8003,q8003,8003,c,149;167;177,False,True,False,3,1376
8004,q8004,8004,c,153;167;177,False,True,False,3,1456
8005,q8005,8005,a,167;168;177,False,True,False,3,1486
8006,q8006,8006,b,149;167;177,False,True,False,3,1376
8007,q8007,8007,a,153;167;177,False,True,False,3,1456
8008,q8008,8008,d,156;167;177,False,True,False,3,1477
8009,q8009,8009,c,167;168;177,False,True,False,3,1486
8010,q8010,8010,a,149;167;177,False,True,False,3,1376
8011,q8011,8011,b,167;168;177,False,True,False,3,1486
8012,q8012,8012,a,153;167;177,False,True,False,3,1456
8013,q8013,8013,b,153;167;177,False,True,False,3,1456
8014,q8014,8014,c,148;167;177,False,True,False,3,1348
8015,q8015,8015,d,167;168;177,False,True,False,3,1486
8016,q8016,8016,c,149;167;177,False,True,False,3,1376
8017,q8017,8017,a,149;167;177,False,True,False,3,1376
8018,q8018,8018,b,148;167;177,False,True,False,3,1348
8019,q8019,8019,a,167;168;177,False,True,False,3,1486
8020,q8020,8020,a,150;167;177,False,True,False,3,1404
8021,q8021,8021,b,153;167;177,False,True,False,3,1456
8022,q8022,8022,a,149;167;177,False,True,False,3,1376
8023,q8023,8023,d,153;167;177,False,True,False,3,1456
8024,q8024,8024,c,153;167;177,False,True,False,3,1456
8025,q8025,8025,b,167;168;177,False,True,False,3,1486
8026,q8026,8026,b,153;167;177,False,True,False,3,1456
8027,q8027,8027,d,148;167;177,False,True,False,3,1348
8028,q8028,8028,b,156;167;177,False,True,False,3,1477
8029,q8029,8029,a,167;168;177,False,True,False,3,1486
8030,q8030,8030,b,153;167;177,False,True,False,3,1456
8031,q8031,8031,b,153;167;177,False,True,False,3,1456
8032,q8032,8032,d,167;168;177,False,True,False,3,1486
8033,q8033,8033,b,149;167;177,False,True,False,3,1376
8034,q8034,8034,d,153;167;177,False,True,False,3,1456
8035,q8035,8035,c,156;167;177,False,True,False,3,1477
8036,q8036,8036,a,167;168;177,False,True,False,3,1486
8037,q8037,8037,b,156;167;177,False,True,False,3,1477
8038,q8038,8038,a,148;155;177,False,True,False,3,1336
8039,q8039,8039,c,149;155;177,False,True,False,3,1361
8040,q8040,8040,b,150;155;177,False,True,False,3,1393
8041,q8041,8041,d,148;157;177;179,False,True,True,4,1340
8042,q8042,8042,a,149;157;177;179,False,True,True,4,1365
8043,q8043,8043,c,146;149;177,False,True,False,3,1243
8044,q8044,8044,c,146;153;177,False,True,False,3,1267
8045,q8045,8045,a,146;153;177,False,True,False,3,1267
8046,q8046,8046,d,148;155;177,False,True,False,3,1336
8047,q8047,8047,b,149;155;177,False,True,False,3,1361
8048,q8048,8048,d,150;155;177,False,True,False,3,1393
8049,q8049,8049,c,2;13;181,False,True,False,3,59
8050,q8050,8050,c,2;8;179;182,False,True,False,4,33
8051,q8051,8051,a,2;8;179;183,False,True,False,4,34
8052,q8052,8052,c,20;21;179;184,False,True,False,4,141
8053,q8053,8053,b,6;7;181,False,True,False,3,106
8054,q8054,8054,b,6;7;179;182,False,True,False,4,104
8055,q8055,8055,d,2;8;183,False,True,False,3,37
8056,q8056,8056,d,2;5;184,False,True,False,3,31
8057,q8057,8057,a,2;8;183,False,True,False,3,37
8058,q8058,8058,b,2;4;182,False,True,False,3,20
8059,q8059,8059,a,2;8;179;181,False,True,False,4,32
8060,q8060,8060,a,2;9;179;182,False,True,False,4,41
8061,q8061,8061,b,2;180;183,False,True,False,3,101
8062,q8062,8062,b,2;9;184,False,True,False,3,46
8063,q8063,8063,b,7;17;181,False,True,False,3,128
8064,q8064,8064,c,2;12;179;182,False,True,False,4,48
8065,q8065,8065,d,2;22;183,False,True,False,3,96
8066,q8066,8066,d,2;8;184,False,True,False,3,38
8067,q8067,8067,d,2;13;179;183,False,True,False,4,57
8068,q8068,8068,b,1;2;182,False,True,False,3,6
8069,q8069,8069,a,2;8;181,False,True,False,3,35
8070,q8070,8070,c,2;22;182,False,True,False,3,95
8071,q8071,8071,a,2;4;183,False,True,False,3,21
8072,q8072,8072,a,6;7;184,False,True,False,3,109
8073,q8073,8073,c,2;16;179;181,False,True,False,4,79
8074,q8074,8074,c,7;11;183,False,True,False,3,122
8075,q8075,8075,b,2;22;183,False,True,False,3,96
8076,q8076,8076,d,2;4;179;182,False,True,False,4,17
8077,q8077,8077,d,2;14;183,False,True,False,3,68
8078,q8078,8078,a,2;9;183,False,True,False,3,45
8079,q8079,8079,b,2;16;181,False,True,False,3,82
8080,q8080,8080,d,1;2;185,False,True,False,3,9
8081,q8081,8081,a,7;18;185,False,True,False,3,139
8082,q8082,8082,c,2;22;181,False,True,False,3,94
8083,q8083,8083,c,2;12;183,False,True,False,3,52
8084,q8084,8084,b,6;7;183,False,True,False,3,108
8085,q8085,8085,c,7;10;181,False,True,False,3,114
8086,q8086,8086,b,2;9;183,False,True,False,3,45
8087,q8087,8087,d,2;15;181,False,True,False,3,74
8088,q8088,8088,c,2;8;183,False,True,False,3,37
8089,q8089,8089,c,7;10;185,False,True,False,3,118
8090,q8090,8090,d,1;2;185,False,True,False,3,9
8091,q8091,8091,a,2;4;181,False,True,False,3,19
8092,q8092,8092,b,6;7;183,False,True,False,3,108
8093,q8093,8093,c,2;13;179;181,False,True,False,4,55
8094,q8094,8094,d,2;4;179;182,False,True,False,4,17
8095,q8095,8095,b,20;21;179;183,False,True,False,4,140
8096,q8096,8096,d,2;19;184,False,True,False,3,90
8097,q8097,8097,a,7;11;181,False,True,False,3,120
8098,q8098,8098,b,2;5;182,False,True,False,3,29
8099,q8099,8099,a,2;16;183,False,True,False,3,84
8100,q8100,8100,c,2;14;184,False,True,False,3,69
8101,q8101,8101,a,7;11;183,False,True,False,3,122
8102,q8102,8102,d,7;17;182,False,True,False,3,129
8103,q8103,8103,d,2;16;181,False,True,False,3,82
8104,q8104,8104,c,2;8;182,False,True,False,3,36
8105,q8105,8105,a,2;4;183,False,True,False,3,21
8106,q8106,8106,a,2;5;181,False,True,False,3,28
8107,q8107,8107,b,2;8;182,False,True,False,3,36
8108,q8108,8108,d,7;18;183,False,True,False,3,137
8109,q8109,8109,b,2;16;181,False,True,False,3,82
8110,q8110,8110,a,2;3;182,False,True,False,3,13
8111,q8111,8111,c,7;10;179;183,False,True,False,4,113
8112,q8112,8112,d,1;2;179;184,False,True,False,4,4
8113,q8113,8113,a,7;11;181,False,True,False,3,120
8114,q8114,8114,a,2;14;179;182,False,True,False,4,64
8115,q8115,8115,c,6;7;179;183,False,True,False,4,105
8116,q8116,8116,b,1;2;184,False,True,False,3,8
8117,q8117,8117,d,1;2;179;183,False,True,False,4,3
8118,q8118,8118,a,6;7;182,False,True,False,3,107
8119,q8119,8119,b,2;5;179;182,False,True,False,4,25
8120,q8120,8120,a,2;9;183,False,True,False,3,45
8121,q8121,8121,a,1;2;179;184,False,True,False,4,4
8122,q8122,8122,d,2;3;181,False,True,False,3,12
8123,q8123,8123,c,6;7;182,False,True,False,3,107
8124,q8124,8124,a,6;7;183,False,True,False,3,108
8125,q8125,8125,c,7;18;184,False,True,False,3,138
8126,q8126,8126,c,7;17;179;183,False,True,False,4,126
8127,q8127,8127,b,6;7;182,False,True,False,3,107
8128,q8128,8128,b,2;12;181,False,True,False,3,50
8129,q8129,8129,a,2;15;183,False,True,False,3,76
8130,q8130,8130,d,2;5;179;184,False,True,False,4,27
8131,q8131,8131,d,7;18;181,False,True,False,3,135
8132,q8132,8132,c,6;7;182,False,True,False,3,107
8133,q8133,8133,c,7;11;183,False,True,False,3,122
8134,q8134,8134,c,7;17;179;184,False,True,False,4,127
8135,q8135,8135,a,2;4;179;183,False,True,False,4,18
8136,q8136,8136,b,6;7;182,False,True,False,3,107
8137,q8137,8137,a,2;16;183,False,True,False,3,84
8138,q8138,8138,d,2;8;182,False,True,False,3,36
8139,q8139,8139,b,2;12;182,False,True,False,3,51
8140,q8140,8140,b,2;3;181,False,True,False,3,12
8141,q8141,8141,b,7;18;181,False,True,False,3,135
8142,q8142,8142,c,2;4;183,False,True,False,3,21
8143,q8143,8143,c,2;3;179;181,False,True,False,4,10
8144,q8144,8144,d,2;9;182,False,True,False,3,44
8145,q8145,8145,d,2;12;183,False,True,False,3,52
8146,q8146,8146,b,2;22;184,False,True,False,3,97
8147,q8147,8147,c,2;9;179;181,False,True,False,4,40
8148,q8148,8148,d,2;5;179;182,False,True,False,4,25
8149,q8149,8149,b,7;17;183,False,True,False,3,130
8150,q8150,8150,a,2;12;179;184,False,True,False,4,49
8151,q8151,8151,a,6;7;183,False,True,False,3,108
8152,q8152,8152,c,20;21;182,False,True,False,3,143
8153,q8153,8153,c,6;7;183,False,True,False,3,108
8154,q8154,8154,b,2;9;183,False,True,False,3,45
8155,q8155,8155,d,2;15;181,False,True,False,3,74
8156,q8156,8156,a,6;7;185,False,True,False,3,110
8157,q8157,8157,c,2;12;185,False,True,False,3,54
8158,q8158,8158,b,2;8;181,False,True,False,3,35
8159,q8159,8159,a,6;7;183,False,True,False,3,108
8160,q8160,8160,c,1;2;183,False,True,False,3,7
8161,q8161,8161,d,2;5;181,False,True,False,3,28
8162,q8162,8162,b,20;21;185,False,True,False,3,146
8163,q8163,8163,b,2;16;179;181,False,True,False,4,79
8164,q8164,8164,d,2;5;179;182,False,True,False,4,25
8165,q8165,8165,d,2;13;183,False,True,False,3,60
8166,q8166,8166,d,7;17;184,False,True,False,3,131
8167,q8167,8167,c,2;9;179;181,False,True,False,4,40
8168,q8168,8168,b,6;7;179;182,False,True,False,4,104
8169,q8169,8169,d,2;5;183,False,True,False,3,30
8170,q8170,8170,a,7;10;184,False,True,False,3,117
8171,q8171,8171,c,2;16;179;183,False,True,False,4,81
8172,q8172,8172,a,20;21;182,False,True,False,3,143
8173,q8173,8173,c,2;15;179;181,False,True,False,4,71
8174,q8174,8174,c,2;5;182,False,True,False,3,29
8175,q8175,8175,a,6;7;179;183,False,True,False,4,105
8176,q8176,8176,a,2;4;184,False,True,False,3,22
8177,q8177,8177,b,1;2;179;181,False,True,False,4,2
8178,q8178,8178,c,2;9;182,False,True,False,3,44
8179,q8179,8179,a,7;18;179;183,False,True,False,4,134
8180,q8180,8180,d,6;7;184,False,True,False,3,109
8181,q8181,8181,b,2;14;183,False,True,False,3,68
8182,q8182,8182,b,2;4;182,False,True,False,3,20
8183,q8183,8183,c,88,False,False,False,1,1120
8184,q8184,8184,a,86,False,False,False,1,1116
8185,q8185,8185,b,74,False,False,False,1,1094
8186,q8186,8186,d,71,False,False,False,1,1089
8187,q8187,8187,c,83,False,False,False,1,1110
8188,q8188,8188,b,119,False,False,False,1,1162
8189,q8189,8189,c,74,False,False,False,1,1094
8190,q8190,8190,d,77,False,False,False,1,1100
8191,q8191,8191,c,76,False,False,False,1,1098
8192,q8192,8192,a,86,False,False,False,1,1116
8193,q8193,8193,c,130,False,False,False,1,1178
8194,q8194,8194,c,98,False,False,False,1,1133
8195,q8195,8195,a,81,False,False,False,1,1107
8196,q8196,8196,a,83,False,False,False,1,1110
8197,q8197,8197,a,85,False,False,False,1,1114
8198,q8198,8198,c,88,False,False,False,1,1120
8199,q8199,8199,b,74,False,False,False,1,1094
8200,q8200,8200,a,71,False,False,False,1,1089
8201,q8201,8201,c,78,False,False,False,1,1102
8202,q8202,8202,b,76,False,False,False,1,1098
8203,q8203,8203,d,78,False,False,False,1,1102
8204,q8204,8204,b,77,False,False,False,1,1100
8205,q8205,8205,c,104,False,False,False,1,1140
8206,q8206,8206,c,77,False,False,False,1,1100
8207,q8207,8207,a,85,False,False,False,1,1114
8208,q8208,8208,c,133,False,False,False,1,1182
8209,q8209,8209,b,113,False,False,False,1,1153
8210,q8210,8210,a,85,False,False,False,1,1114
8211,q8211,8211,d,119,False,False,False,1,1162
8212,q8212,8212,b,146;156;160;176,False,True,False,4,1271
8213,q8213,8213,a,146;149;160;176,False,True,False,4,1238
8214,q8214,8214,c,146;153;160;176,False,True,False,4,1262
8215,q8215,8215,c,146;149;160;176,False,True,False,4,1238
8216,q8216,8216,b,146;151;160;176,False,True,False,4,1251
8217,q8217,8217,b,147;148;157;176,False,True,False,4,1280
8218,q8218,8218,c,147;149;157;176,False,True,False,4,1290
8219,q8219,8219,a,147;149;157;176,False,True,False,4,1290
8220,q8220,8220,d,147;156;157;176,False,True,False,4,1326
8221,q8221,8221,d,147;150;157;176,False,True,False,4,1299
8222,q8222,8222,c,153;154;155;176;179,False,True,True,5,1431
8223,q8223,8223,a,153;154;155;176;179,False,True,True,5,1431
8224,q8224,8224,d,150;154;155;176;179,False,True,True,5,1384
8225,q8225,8225,b,150;154;155;176;179,False,True,True,5,1384
8226,q8226,8226,b,149;154;155;176;179,False,True,True,5,1352
8227,q8227,8227,b,146;147;150;176,False,True,False,4,1210
8228,q8228,8228,b,146;147;151;176,False,True,False,4,1214
8229,q8229,8229,b,146;147;149;176,False,True,False,4,1207
8230,q8230,8230,c,146;147;153;176,False,True,False,4,1219
8231,q8231,8231,c,146;147;149;176,False,True,False,4,1207
8232,q8232,8232,b,148;158;159;176,False,True,False,4,1343
8233,q8233,8233,a,153;158;159;176,False,True,False,4,1446
8234,q8234,8234,a,151;158;159;176,False,True,False,4,1421
8235,q8235,8235,b,149;158;159;176,False,True,False,4,1369
8236,q8236,8236,b,156;158;159;176,False,True,False,4,1472
8237,q8237,8237,c,147;149;157;176,False,True,False,4,1290
8238,q8238,8238,d,147;151;157;176,False,True,False,4,1309
8239,q8239,8239,c,147;149;157;176,False,True,False,4,1290
8240,q8240,8240,b,147;149;157;176,False,True,False,4,1290
8241,q8241,8241,d,147;156;157;176,False,True,False,4,1326
8242,q8242,8242,c,148;155;158;176,False,True,False,4,1331
8243,q8243,8243,d,151;155;158;176,False,True,False,4,1411
8244,q8244,8244,c,149;155;158;176,False,True,False,4,1355
8245,q8245,8245,b,149;155;158;176,False,True,False,4,1355
8246,q8246,8246,d,149;155;158;176,False,True,False,4,1355
8247,q8247,8247,d,146;147;150;176;179,False,True,True,5,1211
8248,q8248,8248,c,146;147;153;176;179,False,True,True,5,1220
8249,q8249,8249,c,146;147;153;176;179,False,True,True,5,1220
8250,q8250,8250,a,146;147;151;176;179,False,True,True,5,1215
8251,q8251,8251,c,146;147;149;176;179,False,True,True,5,1208
8252,q8252,8252,b,147;148;155;176,False,True,False,4,1278
8253,q8253,8253,a,147;151;155;176,False,True,False,4,1307
8254,q8254,8254,a,147;149;155;176,False,True,False,4,1288
8255,q8255,8255,c,147;149;155;176,False,True,False,4,1288
8256,q8256,8256,d,147;153;155;176,False,True,False,4,1316
8257,q8257,8257,b,147;153;155;176,False,True,False,4,1316
8258,q8258,8258,c,147;149;155;176,False,True,False,4,1288
8259,q8259,8259,d,147;151;155;176,False,True,False,4,1307
8260,q8260,8260,c,147;148;155;176,False,True,False,4,1278
8261,q8261,8261,d,147;149;155;176,False,True,False,4,1288
8262,q8262,8262,c,147;153;159;176,False,True,False,4,1320
8263,q8263,8263,d,147;148;159;176,False,True,False,4,1282
8264,q8264,8264,b,147;149;159;176,False,True,False,4,1292
8265,q8265,8265,a,147;149;159;176,False,True,False,4,1292
8266,q8266,8266,c,147;150;159;176,False,True,False,4,1300
8267,q8267,8267,c,148;158;159;176,False,True,False,4,1343
8268,q8268,8268,d,153;158;159;176,False,True,False,4,1446
8269,q8269,8269,d,153;158;159;176,False,True,False,4,1446
8270,q8270,8270,d,149;158;159;176,False,True,False,4,1369
8271,q8271,8271,d,149;158;159;176,False,True,False,4,1369
8272,q8272,8272,d,148;155;164;176,False,True,False,4,1335
8273,q8273,8273,c,153;155;164;176,False,True,False,4,1438
8274,q8274,8274,c,149;155;164;176,False,True,False,4,1360
8275,q8275,8275,a,153;155;164;176,False,True,False,4,1438
8276,q8276,8276,d,149;155;164;176,False,True,False,4,1360
8277,q8277,8277,d,147;152;153;176;179,False,True,True,5,1313
8278,q8278,8278,c,147;149;152;176;179,False,True,True,5,1286
8279,q8279,8279,c,147;149;152;176;179,False,True,True,5,1286
8280,q8280,8280,d,147;151;152;176;179,False,True,True,5,1305
8281,q8281,8281,c,147;152;156;176;179,False,True,True,5,1315
8282,q8282,8282,a,147;148;155;176;179,False,True,True,5,1279
8283,q8283,8283,c,147;150;155;176;179,False,True,True,5,1298
8284,q8284,8284,a,147;153;155;176;179,False,True,True,5,1317
8285,q8285,8285,c,147;151;155;176;179,False,True,True,5,1308
8286,q8286,8286,a,147;149;155;176;179,False,True,True,5,1289
8287,q8287,8287,b,147;148;155;176,False,True,False,4,1278
8288,q8288,8288,d,147;149;155;176,False,True,False,4,1288
8289,q8289,8289,b,147;150;155;176,False,True,False,4,1297
8290,q8290,8290,c,147;149;155;176,False,True,False,4,1288
8291,q8291,8291,a,147;151;155;176,False,True,False,4,1307
8292,q8292,8292,c,146;148;158;176;179,False,True,True,5,1227
8293,q8293,8293,d,146;153;158;176;179,False,True,True,5,1261
8294,q8294,8294,a,146;153;158;176;179,False,True,True,5,1261
8295,q8295,8295,a,146;149;158;176;179,False,True,True,5,1237
8296,q8296,8296,b,146;149;158;176;179,False,True,True,5,1237
8297,q8297,8297,c,147;152;153;176,False,True,False,4,1312
8298,q8298,8298,c,147;150;152;176,False,True,False,4,1295
8299,q8299,8299,c,147;149;152;176,False,True,False,4,1285
8300,q8300,8300,b,147;151;152;176,False,True,False,4,1304
8301,q8301,8301,c,147;152;156;176,False,True,False,4,1314
8302,q8302,8302,c,147;153;159;176;179,False,True,True,5,1321
8303,q8303,8303,b,147;153;159;176;179,False,True,True,5,1321
8304,q8304,8304,b,147;148;159;176;179,False,True,True,5,1283
8305,q8305,8305,c,147;149;159;176;179,False,True,True,5,1293
8306,q8306,8306,c,147;150;159;176;179,False,True,True,5,1301
8307,q8307,8307,b,147;148;155;176,False,True,False,4,1278
8308,q8308,8308,c,147;149;155;176,False,True,False,4,1288
8309,q8309,8309,c,147;149;155;176,False,True,False,4,1288
8310,q8310,8310,b,147;153;155;176,False,True,False,4,1316
8311,q8311,8311,c,147;151;155;176,False,True,False,4,1307
8312,q8312,8312,b,146;147;153;176,False,True,False,4,1219
8313,q8313,8313,c,146;147;149;176,False,True,False,4,1207
8314,q8314,8314,d,146;147;150;176,False,True,False,4,1210
8315,q8315,8315,d,146;147;151;176,False,True,False,4,1214
8316,q8316,8316,b,146;147;149;176,False,True,False,4,1207
8317,q8317,8317,d,148;155;158;176;179,False,True,True,5,1332
8318,q8318,8318,c,153;155;158;176;179,False,True,True,5,1436
8319,q8319,8319,b,153;155;158;176;179,False,True,True,5,1436
8320,q8320,8320,b,149;155;158;176;179,False,True,True,5,1356
8321,q8321,8321,c,149;155;158;176;179,False,True,True,5,1356
8322,q8322,8322,a,146;147;153;176;179,False,True,True,5,1220
8323,q8323,8323,d,146;147;153;176;179,False,True,True,5,1220
8324,q8324,8324,d,146;147;149;176;179,False,True,True,5,1208
8325,q8325,8325,b,146;147;149;176;179,False,True,True,5,1208
8326,q8326,8326,b,146;147;156;176;179,False,True,True,5,1225
8327,q8327,8327,c,146;147;148;176,False,True,False,4,1201
8328,q8328,8328,c,146;147;150;176,False,True,False,4,1210
8329,q8329,8329,a,146;147;153;176,False,True,False,4,1219
8330,q8330,8330,b,146;147;153;176,False,True,False,4,1219
8331,q8331,8331,a,146;147;149;176,False,True,False,4,1207
8332,q8332,8332,c,146;147;148;176;179,False,True,True,5,1202
8333,q8333,8333,c,146;147;149;176;179,False,True,True,5,1208
8334,q8334,8334,d,146;147;150;176;179,False,True,True,5,1211
8335,q8335,8335,c,146;147;151;176;179,False,True,True,5,1215
8336,q8336,8336,b,146;147;149;176;179,False,True,True,5,1208
8337,q8337,8337,d,147;149;152;176;179,False,True,True,5,1286
8338,q8338,8338,d,147;152;153;176;179,False,True,True,5,1313
8339,q8339,8339,d,147;152;153;176;179,False,True,True,5,1313
8340,q8340,8340,d,147;149;152;176;179,False,True,True,5,1286
8341,q8341,8341,b,147;149;152;176;179,False,True,True,5,1286
8342,q8342,8342,c,147;153;155;176,False,True,False,4,1316
8343,q8343,8343,b,147;149;155;176,False,True,False,4,1288
8344,q8344,8344,b,147;151;155;176,False,True,False,4,1307
8345,q8345,8345,a,147;153;155;176,False,True,False,4,1316
8346,q8346,8346,c,147;155;156;176,False,True,False,4,1324
8347,q8347,8347,c,147;148;155;176;179,False,True,True,5,1279
8348,q8348,8348,a,147;153;155;176;179,False,True,True,5,1317
8349,q8349,8349,c,147;155;156;176;179,False,True,True,5,1325
8350,q8350,8350,b,147;149;155;176;179,False,True,True,5,1289
8351,q8351,8351,d,147;155;156;176;179,False,True,True,5,1325
8352,q8352,8352,c,146;147;153;176;179,False,True,True,5,1220
8353,q8353,8353,b,146;147;151;176;179,False,True,True,5,1215
8354,q8354,8354,a,146;147;153;176;179,False,True,True,5,1220
8355,q8355,8355,b,146;147;149;176;179,False,True,True,5,1208
8356,q8356,8356,c,146;147;153;176;179,False,True,True,5,1220
8357,q8357,8357,a,149;155;158;176;179,False,True,True,5,1356
8358,q8358,8358,d,150;155;158;176;179,False,True,True,5,1389
8359,q8359,8359,a,151;155;158;176;179,False,True,True,5,1412
8360,q8360,8360,b,153;155;158;176;179,False,True,True,5,1436
8361,q8361,8361,d,149;155;158;176;179,False,True,True,5,1356
8362,q8362,8362,a,144,False,False,False,1,1194
8363,q8363,8363,a,88,False,False,False,1,1120
8364,q8364,8364,c,135,False,False,False,1,1185
8365,q8365,8365,b,85,False,False,False,1,1114
8366,q8366,8366,b,74,False,False,False,1,1094
8367,q8367,8367,b,74,False,False,False,1,1094
8368,q8368,8368,b,82,False,False,False,1,1109
8369,q8369,8369,d,106,False,False,False,1,1142
8370,q8370,8370,c,85,False,False,False,1,1114
8371,q8371,8371,c,88,False,False,False,1,1120
8372,q8372,8372,d,94,False,False,False,1,1128
8373,q8373,8373,d,93,False,False,False,1,1127
8374,q8374,8374,d,77,False,False,False,1,1100
8375,q8375,8375,c,76,False,False,False,1,1098
8376,q8376,8376,b,83,False,False,False,1,1110
8377,q8377,8377,b,74,False,False,False,1,1094
8378,q8378,8378,a,77,False,False,False,1,1100
8379,q8379,8379,a,74,False,False,False,1,1094
8380,q8380,8380,c,81,False,False,False,1,1107
8381,q8381,8381,c,84,False,False,False,1,1112
8382,q8382,8382,a,132,False,False,False,1,1181
8383,q8383,8383,b,80,False,False,False,1,1105
8384,q8384,8384,d,85,False,False,False,1,1114
8385,q8385,8385,a,121,False,False,False,1,1166
8386,q8386,8386,d,77,False,False,False,1,1100
8387,q8387,8387,b,78,False,False,False,1,1102
8388,q8388,8388,b,83,False,False,False,1,1110
8389,q8389,8389,b,76,False,False,False,1,1098
8390,q8390,8390,b,71,False,False,False,1,1089
8391,q8391,8391,c,74,False,False,False,1,1094
8392,q8392,8392,c,76,False,False,False,1,1098
8393,q8393,8393,d,96,False,False,False,1,1131
8394,q8394,8394,c,74,False,False,False,1,1094
8395,q8395,8395,d,74,False,False,False,1,1094
8396,q8396,8396,d,105,False,False,False,1,1141
8397,q8397,8397,c,74,False,False,False,1,1094
8398,q8398,8398,c,100,False,False,False,1,1136
8399,q8399,8399,b,74,False,False,False,1,1094
8400,q8400,8400,a,74,False,False,False,1,1094
8401,q8401,8401,d,74,False,False,False,1,1094
8402,q8402,8402,b,74,False,False,False,1,1094
8403,q8403,8403,c,74,False,False,False,1,1094
8404,q8404,8404,b,74,False,False,False,1,1094
8405,q8405,8405,a,74,False,False,False,1,1094
8406,q8406,8406,d,74,False,False,False,1,1094
8407,q8407,8407,b,74,False,False,False,1,1094
8408,q8408,8408,d,74,False,False,False,1,1094
8409,q8409,8409,d,74,False,False,False,1,1094
8410,q8410,8410,b,74,False,False,False,1,1094
8411,q8411,8411,c,74,False,False,False,1,1094
8412,q8412,8412,c,74,False,False,False,1,1094
8413,q8413,8413,b,74,False,False,False,1,1094
8414,q8414,8414,a,105,False,False,False,1,1141
8415,q8415,8415,c,74,False,False,False,1,1094
8416,q8416,8416,d,74,False,False,False,1,1094
8417,q8417,8417,d,105,False,False,False,1,1141
8418,q8418,8418,b,74,False,False,False,1,1094
8419,q8419,8419,b,74,False,False,False,1,1094
8420,q8420,8420,c,74,False,False,False,1,1094
8421,q8421,8421,a,74,False,False,False,1,1094
8422,q8422,8422,d,74,False,False,False,1,1094
8423,q8423,8423,a,74,False,False,False,1,1094
8424,q8424,8424,b,74,False,False,False,1,1094
8425,q8425,8425,b,83,False,False,False,1,1110
8426,q8426,8426,a,74,False,False,False,1,1094
8427,q8427,8427,a,74,False,False,False,1,1094
8428,q8428,8428,d,74,False,False,False,1,1094
8429,q8429,8429,a,74,False,False,False,1,1094
8430,q8430,8430,b,74,False,False,False,1,1094
8431,q8431,8431,c,74,False,False,False,1,1094
8432,q8432,8432,a,74,False,False,False,1,1094
8433,q8433,8433,b,74,False,False,False,1,1094
8434,q8434,8434,d,74,False,False,False,1,1094
8435,q8435,8435,a,74,False,False,False,1,1094
8436,q8436,8436,b,74,False,False,False,1,1094
8437,q8437,8437,d,74,False,False,False,1,1094
8438,q8438,8438,b,74,False,False,False,1,1094
8439,q8439,8439,d,74,False,False,False,1,1094
8440,q8440,8440,b,74,False,False,False,1,1094
8441,q8441,8441,c,74,False,False,False,1,1094
8442,q8442,8442,d,74,False,False,False,1,1094
8443,q8443,8443,c,74,False,False,False,1,1094
8444,q8444,8444,d,74,False,False,False,1,1094
8445,q8445,8445,b,74,False,False,False,1,1094
8446,q8446,8446,c,74,False,False,False,1,1094
8447,q8447,8447,c,74,False,False,False,1,1094
8448,q8448,8448,d,74,False,False,False,1,1094
8449,q8449,8449,a,74,False,False,False,1,1094
8450,q8450,8450,d,74,False,False,False,1,1094
8451,q8451,8451,a,74,False,False,False,1,1094
8452,q8452,8452,b,74,False,False,False,1,1094
8453,q8453,8453,c,74,False,False,False,1,1094
8454,q8454,8454,b,74,False,False,False,1,1094
8455,q8455,8455,d,105,False,False,False,1,1141
8456,q8456,8456,c,74,False,False,False,1,1094
8457,q8457,8457,d,74,False,False,False,1,1094
8458,q8458,8458,b,74,False,False,False,1,1094
8459,q8459,8459,c,74,False,False,False,1,1094
8460,q8460,8460,a,105,False,False,False,1,1141
8461,q8461,8461,b,74,False,False,False,1,1094
8462,q8462,8462,a,74,False,False,False,1,1094
8463,q8463,8463,c,74,False,False,False,1,1094
8464,q8464,8464,a,74,False,False,False,1,1094
8465,q8465,8465,b,74,False,False,False,1,1094
8466,q8466,8466,c,74,False,False,False,1,1094
8467,q8467,8467,a,74,False,False,False,1,1094
8468,q8468,8468,c,74,False,False,False,1,1094
8469,q8469,8469,d,74,False,False,False,1,1094
8470,q8470,8470,c,74,False,False,False,1,1094
8471,q8471,8471,c,74,False,False,False,1,1094
8472,q8472,8472,a,74,False,False,False,1,1094
8473,q8473,8473,d,74,False,False,False,1,1094
8474,q8474,8474,c,74,False,False,False,1,1094
8475,q8475,8475,c,74,False,False,False,1,1094
8476,q8476,8476,c,74,False,False,False,1,1094
8477,q8477,8477,d,74,False,False,False,1,1094
8478,q8478,8478,c,74,False,False,False,1,1094
8479,q8479,8479,a,74,False,False,False,1,1094
8480,q8480,8480,a,74,False,False,False,1,1094
8481,q8481,8481,d,74,False,False,False,1,1094
8482,q8482,8482,a,108,False,False,False,1,1145
8483,q8483,8483,b,74,False,False,False,1,1094
8484,q8484,8484,b,74,False,False,False,1,1094
8485,q8485,8485,a,74,False,False,False,1,1094
8486,q8486,8486,d,74,False,False,False,1,1094
8487,q8487,8487,d,74,False,False,False,1,1094
8488,q8488,8488,c,74,False,False,False,1,1094
8489,q8489,8489,a,74,False,False,False,1,1094
8490,q8490,8490,b,74,False,False,False,1,1094
8491,q8491,8491,a,85,False,False,False,1,1114
8492,q8492,8492,c,85,False,False,False,1,1114
8493,q8493,8493,a,85,False,False,False,1,1114
8494,q8494,8494,b,76,False,False,False,1,1098
8495,q8495,8495,d,77,False,False,False,1,1100
8496,q8496,8496,b,83,False,False,False,1,1110
8497,q8497,8497,a,83,False,False,False,1,1110
8498,q8498,8498,d,85,False,False,False,1,1114
8499,q8499,8499,b,85,False,False,False,1,1114
8500,q8500,8500,d,77,False,False,False,1,1100
8501,q8501,8501,a,77,False,False,False,1,1100
8502,q8502,8502,b,76,False,False,False,1,1098
8503,q8503,8503,b,77,False,False,False,1,1100
8504,q8504,8504,d,85,False,False,False,1,1114
8505,q8505,8505,a,83,False,False,False,1,1110
8506,q8506,8506,a,85,False,False,False,1,1114
8507,q8507,8507,d,85,False,False,False,1,1114
8508,q8508,8508,c,85,False,False,False,1,1114
8509,q8509,8509,b,85,False,False,False,1,1114
8510,q8510,8510,c,83,False,False,False,1,1110
8511,q8511,8511,d,76,False,False,False,1,1098
8512,q8512,8512,d,76,False,False,False,1,1098
8513,q8513,8513,b,83,False,False,False,1,1110
8514,q8514,8514,d,85,False,False,False,1,1114
8515,q8515,8515,c,85,False,False,False,1,1114
8516,q8516,8516,a,76,False,False,False,1,1098
8517,q8517,8517,c,77,False,False,False,1,1100
8518,q8518,8518,d,77,False,False,False,1,1100
8519,q8519,8519,a,85,False,False,False,1,1114
8520,q8520,8520,b,85,False,False,False,1,1114
8521,q8521,8521,b,77,False,False,False,1,1100
8522,q8522,8522,a,77,False,False,False,1,1100
8523,q8523,8523,c,77,False,False,False,1,1100
8524,q8524,8524,b,85,False,False,False,1,1114
8525,q8525,8525,b,85,False,False,False,1,1114
8526,q8526,8526,a,76,False,False,False,1,1098
8527,q8527,8527,d,76,False,False,False,1,1098
8528,q8528,8528,a,83,False,False,False,1,1110
8529,q8529,8529,d,77,False,False,False,1,1100
8530,q8530,8530,d,76,False,False,False,1,1098
8531,q8531,8531,c,77,False,False,False,1,1100
8532,q8532,8532,d,85,False,False,False,1,1114
8533,q8533,8533,a,77,False,False,False,1,1100
8534,q8534,8534,d,77,False,False,False,1,1100
8535,q8535,8535,a,77,False,False,False,1,1100
8536,q8536,8536,d,76,False,False,False,1,1098
8537,q8537,8537,b,77,False,False,False,1,1100
8538,q8538,8538,a,77,False,False,False,1,1100
8539,q8539,8539,c,77,False,False,False,1,1100
8540,q8540,8540,a,77,False,False,False,1,1100
8541,q8541,8541,b,85,False,False,False,1,1114
8542,q8542,8542,a,85,False,False,False,1,1114
8543,q8543,8543,d,85,False,False,False,1,1114
8544,q8544,8544,c,85,False,False,False,1,1114
8545,q8545,8545,b,85,False,False,False,1,1114
8546,q8546,8546,c,85,False,False,False,1,1114
8547,q8547,8547,b,85,False,False,False,1,1114
8548,q8548,8548,c,85,False,False,False,1,1114
8549,q8549,8549,b,85,False,False,False,1,1114
8550,q8550,8550,a,85,False,False,False,1,1114
8551,q8551,8551,d,85,False,False,False,1,1114
8552,q8552,8552,a,85,False,False,False,1,1114
8553,q8553,8553,b,85,False,False,False,1,1114
8554,q8554,8554,a,85,False,False,False,1,1114
8555,q8555,8555,c,85,False,False,False,1,1114
8556,q8556,8556,c,85,False,False,False,1,1114
8557,q8557,8557,d,85,False,False,False,1,1114
8558,q8558,8558,b,85,False,False,False,1,1114
8559,q8559,8559,d,85,False,False,False,1,1114
8560,q8560,8560,d,85,False,False,False,1,1114
8561,q8561,8561,c,85,False,False,False,1,1114
8562,q8562,8562,a,85,False,False,False,1,1114
8563,q8563,8563,c,85,False,False,False,1,1114
8564,q8564,8564,c,85,False,False,False,1,1114
8565,q8565,8565,b,85,False,False,False,1,1114
8566,q8566,8566,d,77,False,False,False,1,1100
8567,q8567,8567,a,77,False,False,False,1,1100
8568,q8568,8568,a,77,False,False,False,1,1100
8569,q8569,8569,b,77,False,False,False,1,1100
8570,q8570,8570,a,77,False,False,False,1,1100
8571,q8571,8571,b,77,False,False,False,1,1100
8572,q8572,8572,a,77,False,False,False,1,1100
8573,q8573,8573,d,77,False,False,False,1,1100
8574,q8574,8574,d,77,False,False,False,1,1100
8575,q8575,8575,b,77,False,False,False,1,1100
8576,q8576,8576,d,77,False,False,False,1,1100
8577,q8577,8577,c,77,False,False,False,1,1100
8578,q8578,8578,b,77,False,False,False,1,1100
8579,q8579,8579,b,77,False,False,False,1,1100
8580,q8580,8580,d,77,False,False,False,1,1100
8581,q8581,8581,d,77,False,False,False,1,1100
8582,q8582,8582,b,77,False,False,False,1,1100
8583,q8583,8583,b,77,False,False,False,1,1100
8584,q8584,8584,c,77,False,False,False,1,1100
8585,q8585,8585,b,77,False,False,False,1,1100
8586,q8586,8586,c,77,False,False,False,1,1100
8587,q8587,8587,c,106,False,False,False,1,1142
8588,q8588,8588,d,106,False,False,False,1,1142
8589,q8589,8589,d,106,False,False,False,1,1142
8590,q8590,8590,a,106,False,False,False,1,1142
8591,q8591,8591,a,134,False,False,False,1,1183
8592,q8592,8592,b,145,False,False,False,1,1195
8593,q8593,8593,c,145,False,False,False,1,1195
8594,q8594,8594,c,97,False,False,False,1,1132
8595,q8595,8595,c,97,False,False,False,1,1132
8596,q8596,8596,d,97,False,False,False,1,1132
8597,q8597,8597,b,97,False,False,False,1,1132
8598,q8598,8598,a,131,False,False,False,1,1180
8599,q8599,8599,a,131,False,False,False,1,1180
8600,q8600,8600,b,131,False,False,False,1,1180
8601,q8601,8601,a,85,False,False,False,1,1114
8602,q8602,8602,b,76,False,False,False,1,1098
8603,q8603,8603,a,77,False,False,False,1,1100
8604,q8604,8604,d,85,False,False,False,1,1114
8605,q8605,8605,a,77,False,False,False,1,1100
8606,q8606,8606,b,77,False,False,False,1,1100
8607,q8607,8607,a,85,False,False,False,1,1114
8608,q8608,8608,d,77,False,False,False,1,1100
8609,q8609,8609,d,76,False,False,False,1,1098
8610,q8610,8610,c,77,False,False,False,1,1100
8611,q8611,8611,b,77,False,False,False,1,1100
8612,q8612,8612,b,76,False,False,False,1,1098
8613,q8613,8613,c,77,False,False,False,1,1100
8614,q8614,8614,d,77,False,False,False,1,1100
8615,q8615,8615,a,85,False,False,False,1,1114
8616,q8616,8616,b,85,False,False,False,1,1114
8617,q8617,8617,c,77,False,False,False,1,1100
8618,q8618,8618,d,85,False,False,False,1,1114
8619,q8619,8619,b,77,False,False,False,1,1100
8620,q8620,8620,c,83,False,False,False,1,1110
8621,q8621,8621,b,85,False,False,False,1,1114
8622,q8622,8622,d,85,False,False,False,1,1114
8623,q8623,8623,a,85,False,False,False,1,1114
8624,q8624,8624,c,76,False,False,False,1,1098
8625,q8625,8625,d,85,False,False,False,1,1114
8626,q8626,8626,c,85,False,False,False,1,1114
8627,q8627,8627,c,77,False,False,False,1,1100
8628,q8628,8628,a,83,False,False,False,1,1110
8629,q8629,8629,c,77,False,False,False,1,1100
8630,q8630,8630,c,77,False,False,False,1,1100
8631,q8631,8631,a,77,False,False,False,1,1100
8632,q8632,8632,d,76,False,False,False,1,1098
8633,q8633,8633,d,76,False,False,False,1,1098
8634,q8634,8634,c,77,False,False,False,1,1100
8635,q8635,8635,a,85,False,False,False,1,1114
8636,q8636,8636,d,83,False,False,False,1,1110
8637,q8637,8637,b,85,False,False,False,1,1114
8638,q8638,8638,d,77,False,False,False,1,1100
8639,q8639,8639,a,85,False,False,False,1,1114
8640,q8640,8640,b,85,False,False,False,1,1114
8641,q8641,8641,c,85,False,False,False,1,1114
8642,q8642,8642,a,76,False,False,False,1,1098
8643,q8643,8643,d,85,False,False,False,1,1114
8644,q8644,8644,b,77,False,False,False,1,1100
8645,q8645,8645,a,76,False,False,False,1,1098
8646,q8646,8646,a,83,False,False,False,1,1110
8647,q8647,8647,d,77,False,False,False,1,1100
8648,q8648,8648,d,85,False,False,False,1,1114
8649,q8649,8649,b,77,False,False,False,1,1100
8650,q8650,8650,b,77,False,False,False,1,1100
8651,q8651,8651,a,121,False,False,False,1,1166
8652,q8652,8652,a,90,False,False,False,1,1123
8653,q8653,8653,b,121,False,False,False,1,1166
8654,q8654,8654,c,121,False,False,False,1,1166
8655,q8655,8655,b,119,False,False,False,1,1162
8656,q8656,8656,d,87,False,False,False,1,1118
8657,q8657,8657,c,120,False,False,False,1,1164
8658,q8658,8658,b,73,False,False,False,1,1092
8659,q8659,8659,c,121,False,False,False,1,1166
8660,q8660,8660,a,95,False,False,False,1,1129
8661,q8661,8661,d,119,False,False,False,1,1162
8662,q8662,8662,c,119,False,False,False,1,1162
8663,q8663,8663,a,121,False,False,False,1,1166
8664,q8664,8664,b,121,False,False,False,1,1166
8665,q8665,8665,c,119,False,False,False,1,1162
8666,q8666,8666,b,73,False,False,False,1,1092
8667,q8667,8667,a,87,False,False,False,1,1118
8668,q8668,8668,b,87,False,False,False,1,1118
8669,q8669,8669,a,121,False,False,False,1,1166
8670,q8670,8670,a,119,False,False,False,1,1162
8671,q8671,8671,c,87,False,False,False,1,1118
8672,q8672,8672,b,119,False,False,False,1,1162
8673,q8673,8673,d,90,False,False,False,1,1123
8674,q8674,8674,a,87,False,False,False,1,1118
8675,q8675,8675,c,90,False,False,False,1,1123
8676,q8676,8676,c,121,False,False,False,1,1166
8677,q8677,8677,a,119,False,False,False,1,1162
8678,q8678,8678,a,119,False,False,False,1,1162
8679,q8679,8679,a,119,False,False,False,1,1162
8680,q8680,8680,a,119,False,False,False,1,1162
8681,q8681,8681,c,119,False,False,False,1,1162
8682,q8682,8682,d,121,False,False,False,1,1166
8683,q8683,8683,c,90,False,False,False,1,1123
8684,q8684,8684,a,90,False,False,False,1,1123
8685,q8685,8685,b,121,False,False,False,1,1166
8686,q8686,8686,b,121,False,False,False,1,1166
8687,q8687,8687,a,122,False,False,False,1,1167
8688,q8688,8688,a,119,False,False,False,1,1162
8689,q8689,8689,b,119,False,False,False,1,1162
8690,q8690,8690,b,119,False,False,False,1,1162
8691,q8691,8691,b,121,False,False,False,1,1166
8692,q8692,8692,a,123,False,False,False,1,1169
8693,q8693,8693,a,121,False,False,False,1,1166
8694,q8694,8694,c,119,False,False,False,1,1162
8695,q8695,8695,d,119,False,False,False,1,1162
8696,q8696,8696,a,119,False,False,False,1,1162
8697,q8697,8697,a,119,False,False,False,1,1162
8698,q8698,8698,a,87,False,False,False,1,1118
8699,q8699,8699,b,121,False,False,False,1,1166
8700,q8700,8700,a,121,False,False,False,1,1166
8701,q8701,8701,a,78,False,False,False,1,1102
8702,q8702,8702,c,78,False,False,False,1,1102
8703,q8703,8703,d,88,False,False,False,1,1120
8704,q8704,8704,b,88,False,False,False,1,1120
8705,q8705,8705,a,88,False,False,False,1,1120
8706,q8706,8706,d,88,False,False,False,1,1120
8707,q8707,8707,a,88,False,False,False,1,1120
8708,q8708,8708,c,88,False,False,False,1,1120
8709,q8709,8709,d,88,False,False,False,1,1120
8710,q8710,8710,a,88,False,False,False,1,1120
8711,q8711,8711,c,88,False,False,False,1,1120
8712,q8712,8712,b,88,False,False,False,1,1120
8713,q8713,8713,a,88,False,False,False,1,1120
8714,q8714,8714,d,88,False,False,False,1,1120
8715,q8715,8715,d,88,False,False,False,1,1120
8716,q8716,8716,d,88,False,False,False,1,1120
8717,q8717,8717,b,88,False,False,False,1,1120
8718,q8718,8718,b,144,False,False,False,1,1194
8719,q8719,8719,d,144,False,False,False,1,1194
8720,q8720,8720,c,144,False,False,False,1,1194
8721,q8721,8721,a,144,False,False,False,1,1194
8722,q8722,8722,d,144,False,False,False,1,1194
8723,q8723,8723,c,142,False,False,False,1,1191
8724,q8724,8724,b,142,False,False,False,1,1191
8725,q8725,8725,b,142,False,False,False,1,1191
8726,q8726,8726,b,142,False,False,False,1,1191
8727,q8727,8727,a,142,False,False,False,1,1191
8728,q8728,8728,a,142,False,False,False,1,1191
8729,q8729,8729,c,117,False,False,False,1,1159
8730,q8730,8730,a,142,False,False,False,1,1191
8731,q8731,8731,c,142,False,False,False,1,1191
8732,q8732,8732,d,142,False,False,False,1,1191
8733,q8733,8733,b,142,False,False,False,1,1191
8734,q8734,8734,a,142,False,False,False,1,1191
8735,q8735,8735,a,142,False,False,False,1,1191
8736,q8736,8736,c,142,False,False,False,1,1191
8737,q8737,8737,d,142,False,False,False,1,1191
8738,q8738,8738,a,138,False,False,False,1,1188
8739,q8739,8739,c,138,False,False,False,1,1188
8740,q8740,8740,d,138,False,False,False,1,1188
8741,q8741,8741,a,138,False,False,False,1,1188
8742,q8742,8742,c,138,False,False,False,1,1188
8743,q8743,8743,c,128,False,False,False,1,1174
8744,q8744,8744,a,128,False,False,False,1,1174
8745,q8745,8745,d,128,False,False,False,1,1174
8746,q8746,8746,a,128,False,False,False,1,1174
8747,q8747,8747,c,128,False,False,False,1,1174
8748,q8748,8748,b,128,False,False,False,1,1174
8749,q8749,8749,a,128,False,False,False,1,1174
8750,q8750,8750,a,128,False,False,False,1,1174
8751,q8751,8751,b,128,False,False,False,1,1174
8752,q8752,8752,c,128,False,False,False,1,1174
8753,q8753,8753,a,77,False,False,False,1,1100
8754,q8754,8754,c,77,False,False,False,1,1100
8755,q8755,8755,d,83,False,False,False,1,1110
8756,q8756,8756,b,83,False,False,False,1,1110
8757,q8757,8757,d,83,False,False,False,1,1110
8758,q8758,8758,b,85,False,False,False,1,1114
8759,q8759,8759,a,83,False,False,False,1,1110
8760,q8760,8760,c,85,False,False,False,1,1114
8761,q8761,8761,a,76,False,False,False,1,1098
8762,q8762,8762,d,77,False,False,False,1,1100
8763,q8763,8763,b,77,False,False,False,1,1100
8764,q8764,8764,a,77,False,False,False,1,1100
8765,q8765,8765,c,85,False,False,False,1,1114
8766,q8766,8766,c,85,False,False,False,1,1114
8767,q8767,8767,d,85,False,False,False,1,1114
8768,q8768,8768,b,85,False,False,False,1,1114
8769,q8769,8769,a,85,False,False,False,1,1114
8770,q8770,8770,d,85,False,False,False,1,1114
8771,q8771,8771,a,85,False,False,False,1,1114
8772,q8772,8772,c,74,False,False,False,1,1094
8773,q8773,8773,b,76,False,False,False,1,1098
8774,q8774,8774,a,85,False,False,False,1,1114
8775,q8775,8775,b,76,False,False,False,1,1098
8776,q8776,8776,a,85,False,False,False,1,1114
8777,q8777,8777,c,85,False,False,False,1,1114
8778,q8778,8778,c,77,False,False,False,1,1100
8779,q8779,8779,b,85,False,False,False,1,1114
8780,q8780,8780,a,77,False,False,False,1,1100
8781,q8781,8781,d,77,False,False,False,1,1100
8782,q8782,8782,d,85,False,False,False,1,1114
8783,q8783,8783,a,85,False,False,False,1,1114
8784,q8784,8784,a,77,False,False,False,1,1100
8785,q8785,8785,c,77,False,False,False,1,1100
8786,q8786,8786,d,77,False,False,False,1,1100
8787,q8787,8787,d,77,False,False,False,1,1100
8788,q8788,8788,c,83,False,False,False,1,1110
8789,q8789,8789,d,76,False,False,False,1,1098
8790,q8790,8790,a,85,False,False,False,1,1114
8791,q8791,8791,a,85,False,False,False,1,1114
8792,q8792,8792,a,85,False,False,False,1,1114
8793,q8793,8793,d,76,False,False,False,1,1098
8794,q8794,8794,b,77,False,False,False,1,1100
8795,q8795,8795,d,76,False,False,False,1,1098
8796,q8796,8796,c,85,False,False,False,1,1114
8797,q8797,8797,b,77,False,False,False,1,1100
8798,q8798,8798,c,77,False,False,False,1,1100
8799,q8799,8799,b,85,False,False,False,1,1114
8800,q8800,8800,b,85,False,False,False,1,1114
8801,q8801,8801,d,76,False,False,False,1,1098
8802,q8802,8802,b,76,False,False,False,1,1098
8803,q8803,8803,b,115,False,False,False,1,1156
8804,q8804,8804,d,115,False,False,False,1,1156
8805,q8805,8805,a,115,False,False,False,1,1156
8806,q8806,8806,c,115,False,False,False,1,1156
8807,q8807,8807,b,115,False,False,False,1,1156
8808,q8808,8808,b,124,False,False,False,1,1170
8809,q8809,8809,a,124,False,False,False,1,1170
8810,q8810,8810,d,124,False,False,False,1,1170
8811,q8811,8811,c,124,False,False,False,1,1170
8812,q8812,8812,c,124,False,False,False,1,1170
8813,q8813,8813,d,113,False,False,False,1,1153
8814,q8814,8814,a,113,False,False,False,1,1153
8815,q8815,8815,a,113,False,False,False,1,1153
8816,q8816,8816,c,113,False,False,False,1,1153
8817,q8817,8817,a,113,False,False,False,1,1153
8818,q8818,8818,d,108,False,False,False,1,1145
8819,q8819,8819,b,108,False,False,False,1,1145
8820,q8820,8820,b,108,False,False,False,1,1145
8821,q8821,8821,d,108,False,False,False,1,1145
8822,q8822,8822,a,108,False,False,False,1,1145
8823,q8823,8823,a,108,False,False,False,1,1145
8824,q8824,8824,d,108,False,False,False,1,1145
8825,q8825,8825,c,108,False,False,False,1,1145
8826,q8826,8826,c,108,False,False,False,1,1145
8827,q8827,8827,b,108,False,False,False,1,1145
8828,q8828,8828,a,111,False,False,False,1,1151
8829,q8829,8829,c,111,False,False,False,1,1151
8830,q8830,8830,b,111,False,False,False,1,1151
8831,q8831,8831,a,111,False,False,False,1,1151
8832,q8832,8832,c,111,False,False,False,1,1151
8833,q8833,8833,d,111,False,False,False,1,1151
8834,q8834,8834,c,111,False,False,False,1,1151
8835,q8835,8835,a,111,False,False,False,1,1151
8836,q8836,8836,d,111,False,False,False,1,1151
8837,q8837,8837,d,111,False,False,False,1,1151
8838,q8838,8838,c,137,False,False,False,1,1187
8839,q8839,8839,b,137,False,False,False,1,1187
8840,q8840,8840,c,137,False,False,False,1,1187
8841,q8841,8841,c,137,False,False,False,1,1187
8842,q8842,8842,c,137,False,False,False,1,1187
8843,q8843,8843,b,125,False,False,False,1,1171
8844,q8844,8844,c,125,False,False,False,1,1171
8845,q8845,8845,b,125,False,False,False,1,1171
8846,q8846,8846,a,125,False,False,False,1,1171
8847,q8847,8847,d,125,False,False,False,1,1171
8848,q8848,8848,c,110,False,False,False,1,1149
8849,q8849,8849,d,110,False,False,False,1,1149
8850,q8850,8850,d,110,False,False,False,1,1149
8851,q8851,8851,c,110,False,False,False,1,1149
8852,q8852,8852,d,110,False,False,False,1,1149
8853,q8853,8853,d,77,False,False,False,1,1100
8854,q8854,8854,c,76,False,False,False,1,1098
8855,q8855,8855,d,83,False,False,False,1,1110
8856,q8856,8856,b,76,False,False,False,1,1098
8857,q8857,8857,a,77,False,False,False,1,1100
8858,q8858,8858,c,85,False,False,False,1,1114
8859,q8859,8859,c,85,False,False,False,1,1114
8860,q8860,8860,c,85,False,False,False,1,1114
8861,q8861,8861,d,76,False,False,False,1,1098
8862,q8862,8862,b,85,False,False,False,1,1114
8863,q8863,8863,a,85,False,False,False,1,1114
8864,q8864,8864,d,76,False,False,False,1,1098
8865,q8865,8865,a,77,False,False,False,1,1100
8866,q8866,8866,c,85,False,False,False,1,1114
8867,q8867,8867,d,85,False,False,False,1,1114
8868,q8868,8868,a,76,False,False,False,1,1098
8869,q8869,8869,c,77,False,False,False,1,1100
8870,q8870,8870,c,76,False,False,False,1,1098
8871,q8871,8871,d,85,False,False,False,1,1114
8872,q8872,8872,a,77,False,False,False,1,1100
8873,q8873,8873,b,77,False,False,False,1,1100
8874,q8874,8874,d,77,False,False,False,1,1100
8875,q8875,8875,a,77,False,False,False,1,1100
8876,q8876,8876,b,85,False,False,False,1,1114
8877,q8877,8877,c,77,False,False,False,1,1100
8878,q8878,8878,d,83,False,False,False,1,1110
8879,q8879,8879,a,85,False,False,False,1,1114
8880,q8880,8880,b,77,False,False,False,1,1100
8881,q8881,8881,b,76,False,False,False,1,1098
8882,q8882,8882,a,77,False,False,False,1,1100
8883,q8883,8883,b,76,False,False,False,1,1098
8884,q8884,8884,c,85,False,False,False,1,1114
8885,q8885,8885,a,77,False,False,False,1,1100
8886,q8886,8886,b,83,False,False,False,1,1110
8887,q8887,8887,d,76,False,False,False,1,1098
8888,q8888,8888,d,77,False,False,False,1,1100
8889,q8889,8889,a,76,False,False,False,1,1098
8890,q8890,8890,b,85,False,False,False,1,1114
8891,q8891,8891,c,77,False,False,False,1,1100
8892,q8892,8892,b,76,False,False,False,1,1098
8893,q8893,8893,a,77,False,False,False,1,1100
8894,q8894,8894,d,76,False,False,False,1,1098
8895,q8895,8895,d,85,False,False,False,1,1114
8896,q8896,8896,d,76,False,False,False,1,1098
8897,q8897,8897,a,85,False,False,False,1,1114
8898,q8898,8898,c,77,False,False,False,1,1100
8899,q8899,8899,c,85,False,False,False,1,1114
8900,q8900,8900,b,85,False,False,False,1,1114
8901,q8901,8901,d,85,False,False,False,1,1114
8902,q8902,8902,a,77,False,False,False,1,1100
8903,q8903,8903,c,78,False,False,False,1,1102
8904,q8904,8904,d,135,False,False,False,1,1185
8905,q8905,8905,c,81,False,False,False,1,1107
8906,q8906,8906,c,78,False,False,False,1,1102
8907,q8907,8907,c,78,False,False,False,1,1102
8908,q8908,8908,b,78,False,False,False,1,1102
8909,q8909,8909,b,78,False,False,False,1,1102
8910,q8910,8910,a,78,False,False,False,1,1102
8911,q8911,8911,b,81,False,False,False,1,1107
8912,q8912,8912,d,133,False,False,False,1,1182
8913,q8913,8913,a,116,False,False,False,1,1158
8914,q8914,8914,a,114,False,False,False,1,1155
8915,q8915,8915,c,116,False,False,False,1,1158
8916,q8916,8916,c,71,False,False,False,1,1089
8917,q8917,8917,c,116,False,False,False,1,1158
8918,q8918,8918,d,114,False,False,False,1,1155
8919,q8919,8919,c,116,False,False,False,1,1158
8920,q8920,8920,c,113,False,False,False,1,1153
8921,q8921,8921,c,92,False,False,False,1,1126
8922,q8922,8922,c,116,False,False,False,1,1158
8923,q8923,8923,b,114,False,False,False,1,1155
8924,q8924,8924,b,92,False,False,False,1,1126
8925,q8925,8925,c,116,False,False,False,1,1158
8926,q8926,8926,c,81,False,False,False,1,1107
8927,q8927,8927,d,81,False,False,False,1,1107
8928,q8928,8928,b,116,False,False,False,1,1158
8929,q8929,8929,d,78,False,False,False,1,1102
8930,q8930,8930,d,81,False,False,False,1,1107
8931,q8931,8931,d,72,False,False,False,1,1091
8932,q8932,8932,b,72,False,False,False,1,1091
8933,q8933,8933,b,135,False,False,False,1,1185
8934,q8934,8934,a,78,False,False,False,1,1102
8935,q8935,8935,a,78,False,False,False,1,1102
8936,q8936,8936,a,78,False,False,False,1,1102
8937,q8937,8937,a,78,False,False,False,1,1102
8938,q8938,8938,d,115,False,False,False,1,1156
8939,q8939,8939,c,78,False,False,False,1,1102
8940,q8940,8940,a,92,False,False,False,1,1126
8941,q8941,8941,a,78,False,False,False,1,1102
8942,q8942,8942,a,78,False,False,False,1,1102
8943,q8943,8943,c,78,False,False,False,1,1102
8944,q8944,8944,d,116,False,False,False,1,1158
8945,q8945,8945,c,78,False,False,False,1,1102
8946,q8946,8946,d,78,False,False,False,1,1102
8947,q8947,8947,d,78,False,False,False,1,1102
8948,q8948,8948,a,115,False,False,False,1,1156
8949,q8949,8949,c,78,False,False,False,1,1102
8950,q8950,8950,b,114,False,False,False,1,1155
8951,q8951,8951,b,78,False,False,False,1,1102
8952,q8952,8952,c,113,False,False,False,1,1153
8953,q8953,8953,c,114,False,False,False,1,1155
8954,q8954,8954,b,78,False,False,False,1,1102
8955,q8955,8955,b,81,False,False,False,1,1107
8956,q8956,8956,d,116,False,False,False,1,1158
8957,q8957,8957,c,78,False,False,False,1,1102
8958,q8958,8958,c,115,False,False,False,1,1156
8959,q8959,8959,d,115,False,False,False,1,1156
8960,q8960,8960,a,78,False,False,False,1,1102
8961,q8961,8961,a,92,False,False,False,1,1126
8962,q8962,8962,a,135,False,False,False,1,1185
8963,q8963,8963,a,78,False,False,False,1,1102
8964,q8964,8964,a,92,False,False,False,1,1126
8965,q8965,8965,d,81,False,False,False,1,1107
8966,q8966,8966,d,78,False,False,False,1,1102
8967,q8967,8967,c,116,False,False,False,1,1158
8968,q8968,8968,b,116,False,False,False,1,1158
8969,q8969,8969,b,92,False,False,False,1,1126
8970,q8970,8970,a,78,False,False,False,1,1102
8971,q8971,8971,a,78,False,False,False,1,1102
8972,q8972,8972,a,115,False,False,False,1,1156
8973,q8973,8973,b,78,False,False,False,1,1102
8974,q8974,8974,a,114,False,False,False,1,1155
8975,q8975,8975,b,78,False,False,False,1,1102
8976,q8976,8976,b,81,False,False,False,1,1107
8977,q8977,8977,c,78,False,False,False,1,1102
8978,q8978,8978,a,81,False,False,False,1,1107
8979,q8979,8979,d,116,False,False,False,1,1158
8980,q8980,8980,d,78,False,False,False,1,1102
8981,q8981,8981,a,92,False,False,False,1,1126
8982,q8982,8982,b,116,False,False,False,1,1158
8983,q8983,8983,a,78,False,False,False,1,1102
8984,q8984,8984,c,81,False,False,False,1,1107
8985,q8985,8985,b,114,False,False,False,1,1155
8986,q8986,8986,b,78,False,False,False,1,1102
8987,q8987,8987,c,116,False,False,False,1,1158
8988,q8988,8988,d,116,False,False,False,1,1158
8989,q8989,8989,c,115,False,False,False,1,1156
8990,q8990,8990,b,72,False,False,False,1,1091
8991,q8991,8991,d,78,False,False,False,1,1102
8992,q8992,8992,b,133,False,False,False,1,1182
8993,q8993,8993,c,78,False,False,False,1,1102
8994,q8994,8994,c,78,False,False,False,1,1102
8995,q8995,8995,c,92,False,False,False,1,1126
8996,q8996,8996,a,78,False,False,False,1,1102
8997,q8997,8997,a,133,False,False,False,1,1182
8998,q8998,8998,c,116,False,False,False,1,1158
8999,q8999,8999,a,78,False,False,False,1,1102
9000,q9000,9000,c,78,False,False,False,1,1102
9001,q9001,9001,a,113,False,False,False,1,1153
9002,q9002,9002,a,78,False,False,False,1,1102
9003,q9003,9003,a,113,False,False,False,1,1153
9004,q9004,9004,a,78,False,False,False,1,1102
9005,q9005,9005,c,78,False,False,False,1,1102
9006,q9006,9006,a,78,False,False,False,1,1102
9007,q9007,9007,a,78,False,False,False,1,1102
9008,q9008,9008,d,113,False,False,False,1,1153
9009,q9009,9009,a,92,False,False,False,1,1126
9010,q9010,9010,d,133,False,False,False,1,1182
9011,q9011,9011,b,78,False,False,False,1,1102
9012,q9012,9012,a,81,False,False,False,1,1107
9013,q9013,9013,c,113,False,False,False,1,1153
9014,q9014,9014,d,78,False,False,False,1,1102
9015,q9015,9015,c,78,False,False,False,1,1102
9016,q9016,9016,b,92,False,False,False,1,1126
9017,q9017,9017,d,72,False,False,False,1,1091
9018,q9018,9018,c,78,False,False,False,1,1102
9019,q9019,9019,b,78,False,False,False,1,1102
9020,q9020,9020,d,81,False,False,False,1,1107
9021,q9021,9021,b,113,False,False,False,1,1153
9022,q9022,9022,b,112,False,False,False,1,1152
9023,q9023,9023,d,94,False,False,False,1,1128
9024,q9024,9024,d,78,False,False,False,1,1102
9025,q9025,9025,a,94,False,False,False,1,1128
9026,q9026,9026,d,78,False,False,False,1,1102
9027,q9027,9027,a,83,False,False,False,1,1110
9028,q9028,9028,b,85,False,False,False,1,1114
9029,q9029,9029,d,85,False,False,False,1,1114
9030,q9030,9030,d,77,False,False,False,1,1100
9031,q9031,9031,b,85,False,False,False,1,1114
9032,q9032,9032,c,77,False,False,False,1,1100
9033,q9033,9033,d,85,False,False,False,1,1114
9034,q9034,9034,b,77,False,False,False,1,1100
9035,q9035,9035,c,77,False,False,False,1,1100
9036,q9036,9036,b,77,False,False,False,1,1100
9037,q9037,9037,d,76,False,False,False,1,1098
9038,q9038,9038,a,85,False,False,False,1,1114
9039,q9039,9039,a,85,False,False,False,1,1114
9040,q9040,9040,d,77,False,False,False,1,1100
9041,q9041,9041,b,77,False,False,False,1,1100
9042,q9042,9042,a,85,False,False,False,1,1114
9043,q9043,9043,d,77,False,False,False,1,1100
9044,q9044,9044,d,85,False,False,False,1,1114
9045,q9045,9045,b,76,False,False,False,1,1098
9046,q9046,9046,a,83,False,False,False,1,1110
9047,q9047,9047,d,83,False,False,False,1,1110
9048,q9048,9048,b,76,False,False,False,1,1098
9049,q9049,9049,b,83,False,False,False,1,1110
9050,q9050,9050,a,83,False,False,False,1,1110
9051,q9051,9051,d,76,False,False,False,1,1098
9052,q9052,9052,b,83,False,False,False,1,1110
9053,q9053,9053,d,77,False,False,False,1,1100
9054,q9054,9054,b,85,False,False,False,1,1114
9055,q9055,9055,c,77,False,False,False,1,1100
9056,q9056,9056,a,76,False,False,False,1,1098
9057,q9057,9057,c,85,False,False,False,1,1114
9058,q9058,9058,d,76,False,False,False,1,1098
9059,q9059,9059,c,76,False,False,False,1,1098
9060,q9060,9060,a,77,False,False,False,1,1100
9061,q9061,9061,c,77,False,False,False,1,1100
9062,q9062,9062,d,85,False,False,False,1,1114
9063,q9063,9063,b,77,False,False,False,1,1100
9064,q9064,9064,d,76,False,False,False,1,1098
9065,q9065,9065,c,83,False,False,False,1,1110
9066,q9066,9066,a,77,False,False,False,1,1100
9067,q9067,9067,b,85,False,False,False,1,1114
9068,q9068,9068,d,76,False,False,False,1,1098
9069,q9069,9069,a,77,False,False,False,1,1100
9070,q9070,9070,c,85,False,False,False,1,1114
9071,q9071,9071,b,85,False,False,False,1,1114
9072,q9072,9072,d,85,False,False,False,1,1114
9073,q9073,9073,b,77,False,False,False,1,1100
9074,q9074,9074,c,76,False,False,False,1,1098
9075,q9075,9075,a,83,False,False,False,1,1110
9076,q9076,9076,b,88,False,False,False,1,1120
9077,q9077,9077,d,71,False,False,False,1,1089
9078,q9078,9078,b,86,False,False,False,1,1116
9079,q9079,9079,a,74,False,False,False,1,1094
9080,q9080,9080,c,86,False,False,False,1,1116
9081,q9081,9081,a,85,False,False,False,1,1114
9082,q9082,9082,b,94,False,False,False,1,1128
9083,q9083,9083,c,94,False,False,False,1,1128
9084,q9084,9084,d,107,False,False,False,1,1144
9085,q9085,9085,a,83,False,False,False,1,1110
9086,q9086,9086,b,78,False,False,False,1,1102
9087,q9087,9087,c,86,False,False,False,1,1116
9088,q9088,9088,a,71,False,False,False,1,1089
9089,q9089,9089,d,98,False,False,False,1,1133
9090,q9090,9090,d,74,False,False,False,1,1094
9091,q9091,9091,d,78,False,False,False,1,1102
9092,q9092,9092,a,77,False,False,False,1,1100
9093,q9093,9093,b,80,False,False,False,1,1105
9094,q9094,9094,d,138,False,False,False,1,1188
9095,q9095,9095,c,76,False,False,False,1,1098
9096,q9096,9096,c,74,False,False,False,1,1094
9097,q9097,9097,d,71,False,False,False,1,1089
9098,q9098,9098,b,86,False,False,False,1,1116
9099,q9099,9099,d,85,False,False,False,1,1114
9100,q9100,9100,d,80,False,False,False,1,1105
9101,q9101,9101,c,74,False,False,False,1,1094
9102,q9102,9102,d,83,False,False,False,1,1110
9103,q9103,9103,b,119,False,False,False,1,1162
9104,q9104,9104,a,76,False,False,False,1,1098
9105,q9105,9105,c,114,False,False,False,1,1155
9106,q9106,9106,c,76,False,False,False,1,1098
9107,q9107,9107,b,85,False,False,False,1,1114
9108,q9108,9108,d,77,False,False,False,1,1100
9109,q9109,9109,a,77,False,False,False,1,1100
9110,q9110,9110,c,85,False,False,False,1,1114
9111,q9111,9111,b,85,False,False,False,1,1114
9112,q9112,9112,a,76,False,False,False,1,1098
9113,q9113,9113,d,85,False,False,False,1,1114
9114,q9114,9114,b,85,False,False,False,1,1114
9115,q9115,9115,c,76,False,False,False,1,1098
9116,q9116,9116,b,77,False,False,False,1,1100
9117,q9117,9117,a,77,False,False,False,1,1100
9118,q9118,9118,d,76,False,False,False,1,1098
9119,q9119,9119,b,74,False,False,False,1,1094
9120,q9120,9120,b,77,False,False,False,1,1100
9121,q9121,9121,c,77,False,False,False,1,1100
9122,q9122,9122,b,85,False,False,False,1,1114
9123,q9123,9123,c,85,False,False,False,1,1114
9124,q9124,9124,d,76,False,False,False,1,1098
9125,q9125,9125,a,85,False,False,False,1,1114
9126,q9126,9126,b,77,False,False,False,1,1100
9127,q9127,9127,d,85,False,False,False,1,1114
9128,q9128,9128,b,77,False,False,False,1,1100
9129,q9129,9129,c,83,False,False,False,1,1110
9130,q9130,9130,a,76,False,False,False,1,1098
9131,q9131,9131,d,77,False,False,False,1,1100
9132,q9132,9132,c,77,False,False,False,1,1100
9133,q9133,9133,a,77,False,False,False,1,1100
9134,q9134,9134,b,76,False,False,False,1,1098
9135,q9135,9135,a,77,False,False,False,1,1100
9136,q9136,9136,d,83,False,False,False,1,1110
9137,q9137,9137,a,85,False,False,False,1,1114
9138,q9138,9138,b,77,False,False,False,1,1100
9139,q9139,9139,d,85,False,False,False,1,1114
9140,q9140,9140,c,85,False,False,False,1,1114
9141,q9141,9141,a,77,False,False,False,1,1100
9142,q9142,9142,d,76,False,False,False,1,1098
9143,q9143,9143,b,77,False,False,False,1,1100
9144,q9144,9144,d,77,False,False,False,1,1100
9145,q9145,9145,b,77,False,False,False,1,1100
9146,q9146,9146,a,85,False,False,False,1,1114
9147,q9147,9147,c,76,False,False,False,1,1098
9148,q9148,9148,d,85,False,False,False,1,1114
9149,q9149,9149,c,83,False,False,False,1,1110
9150,q9150,9150,b,77,False,False,False,1,1100
9151,q9151,9151,a,76,False,False,False,1,1098
9152,q9152,9152,b,77,False,False,False,1,1100
9153,q9153,9153,b,76,False,False,False,1,1098
9154,q9154,9154,d,85,False,False,False,1,1114
9155,q9155,9155,c,83,False,False,False,1,1110
9156,q9156,9156,c,76,False,False,False,1,1098
9157,q9157,9157,a,85,False,False,False,1,1114
9158,q9158,9158,a,85,False,False,False,1,1114
9159,q9159,9159,b,85,False,False,False,1,1114
9160,q9160,9160,d,76,False,False,False,1,1098
9161,q9161,9161,c,85,False,False,False,1,1114
9162,q9162,9162,c,85,False,False,False,1,1114
9163,q9163,9163,b,77,False,False,False,1,1100
9164,q9164,9164,b,85,False,False,False,1,1114
9165,q9165,9165,d,85,False,False,False,1,1114
9166,q9166,9166,a,85,False,False,False,1,1114
9167,q9167,9167,c,85,False,False,False,1,1114
9168,q9168,9168,a,85,False,False,False,1,1114
9169,q9169,9169,d,85,False,False,False,1,1114
9170,q9170,9170,b,85,False,False,False,1,1114
9171,q9171,9171,d,77,False,False,False,1,1100
9172,q9172,9172,b,76,False,False,False,1,1098
9173,q9173,9173,c,85,False,False,False,1,1114
9174,q9174,9174,c,85,False,False,False,1,1114
9175,q9175,9175,d,85,False,False,False,1,1114
9176,q9176,9176,a,76,False,False,False,1,1098
9177,q9177,9177,a,85,False,False,False,1,1114
9178,q9178,9178,d,76,False,False,False,1,1098
9179,q9179,9179,c,85,False,False,False,1,1114
9180,q9180,9180,a,77,False,False,False,1,1100
9181,q9181,9181,c,77,False,False,False,1,1100
9182,q9182,9182,d,85,False,False,False,1,1114
9183,q9183,9183,c,85,False,False,False,1,1114
9184,q9184,9184,b,85,False,False,False,1,1114
9185,q9185,9185,d,85,False,False,False,1,1114
9186,q9186,9186,c,85,False,False,False,1,1114
9187,q9187,9187,c,77,False,False,False,1,1100
9188,q9188,9188,d,77,False,False,False,1,1100
9189,q9189,9189,c,85,False,False,False,1,1114
9190,q9190,9190,b,76,False,False,False,1,1098
9191,q9191,9191,a,76,False,False,False,1,1098
9192,q9192,9192,c,85,False,False,False,1,1114
9193,q9193,9193,c,85,False,False,False,1,1114
9194,q9194,9194,a,77,False,False,False,1,1100
9195,q9195,9195,b,85,False,False,False,1,1114
9196,q9196,9196,b,76,False,False,False,1,1098
9197,q9197,9197,c,85,False,False,False,1,1114
9198,q9198,9198,c,85,False,False,False,1,1114
9199,q9199,9199,b,85,False,False,False,1,1114
9200,q9200,9200,b,85,False,False,False,1,1114
9201,q9201,9201,d,85,False,False,False,1,1114
9202,q9202,9202,d,76,False,False,False,1,1098
9203,q9203,9203,c,85,False,False,False,1,1114
9204,q9204,9204,a,76,False,False,False,1,1098
9205,q9205,9205,c,76,False,False,False,1,1098
9206,q9206,9206,b,<UNTAGGED>,True,False,False,0,1
9207,q9207,9207,c,<UNTAGGED>,True,False,False,0,1
9208,q9208,9208,b,<UNTAGGED>,True,False,False,0,1
9209,q9209,9209,c,<UNTAGGED>,True,False,False,0,1
9210,q9210,9210,b,<UNTAGGED>,True,False,False,0,1
9211,q9211,9211,b,<UNTAGGED>,True,False,False,0,1
9212,q9212,9212,c,<UNTAGGED>,True,False,False,0,1
9213,q9213,9213,d,<UNTAGGED>,True,False,False,0,1
9214,q9214,9214,a,<UNTAGGED>,True,False,False,0,1
9215,q9215,9215,b,<UNTAGGED>,True,False,False,0,1
9216,q9216,9216,b,<UNTAGGED>,True,False,False,0,1
9217,q9217,9217,c,<UNTAGGED>,True,False,False,0,1
9218,q9218,9218,c,<UNTAGGED>,True,False,False,0,1
9219,q9219,9219,d,<UNTAGGED>,True,False,False,0,1
9220,q9220,9220,b,<UNTAGGED>,True,False,False,0,1
9221,q9221,9221,d,<UNTAGGED>,True,False,False,0,1
9222,q9222,9222,a,<UNTAGGED>,True,False,False,0,1
9223,q9223,9223,a,<UNTAGGED>,True,False,False,0,1
9224,q9224,9224,c,<UNTAGGED>,True,False,False,0,1
9225,q9225,9225,d,<UNTAGGED>,True,False,False,0,1
9226,q9226,9226,a,<UNTAGGED>,True,False,False,0,1
9227,q9227,9227,a,<UNTAGGED>,True,False,False,0,1
9228,q9228,9228,c,<UNTAGGED>,True,False,False,0,1
9229,q9229,9229,c,<UNTAGGED>,True,False,False,0,1
9230,q9230,9230,c,<UNTAGGED>,True,False,False,0,1
9231,q9231,9231,a,<UNTAGGED>,True,False,False,0,1
9232,q9232,9232,c,<UNTAGGED>,True,False,False,0,1
9233,q9233,9233,d,<UNTAGGED>,True,False,False,0,1
9234,q9234,9234,c,<UNTAGGED>,True,False,False,0,1
9235,q9235,9235,d,<UNTAGGED>,True,False,False,0,1
9236,q9236,9236,d,<UNTAGGED>,True,False,False,0,1
9237,q9237,9237,c,<UNTAGGED>,True,False,False,0,1
9238,q9238,9238,a,<UNTAGGED>,True,False,False,0,1
9239,q9239,9239,a,<UNTAGGED>,True,False,False,0,1
9240,q9240,9240,b,<UNTAGGED>,True,False,False,0,1
9241,q9241,9241,b,<UNTAGGED>,True,False,False,0,1
9242,q9242,9242,a,<UNTAGGED>,True,False,False,0,1
9243,q9243,9243,a,<UNTAGGED>,True,False,False,0,1
9244,q9244,9244,b,<UNTAGGED>,True,False,False,0,1
9245,q9245,9245,d,<UNTAGGED>,True,False,False,0,1
9246,q9246,9246,a,<UNTAGGED>,True,False,False,0,1
9247,q9247,9247,a,<UNTAGGED>,True,False,False,0,1
9248,q9248,9248,a,<UNTAGGED>,True,False,False,0,1
9249,q9249,9249,b,<UNTAGGED>,True,False,False,0,1
9250,q9250,9250,c,<UNTAGGED>,True,False,False,0,1
9251,q9251,9251,d,<UNTAGGED>,True,False,False,0,1
9252,q9252,9252,b,<UNTAGGED>,True,False,False,0,1
9253,q9253,9253,b,<UNTAGGED>,True,False,False,0,1
9254,q9254,9254,a,<UNTAGGED>,True,False,False,0,1
9255,q9255,9255,a,<UNTAGGED>,True,False,False,0,1
9256,q9256,9256,a,<UNTAGGED>,True,False,False,0,1
9257,q9257,9257,a,<UNTAGGED>,True,False,False,0,1
9258,q9258,9258,a,<UNTAGGED>,True,False,False,0,1
9259,q9259,9259,c,<UNTAGGED>,True,False,False,0,1
9260,q9260,9260,b,<UNTAGGED>,True,False,False,0,1
9261,q9261,9261,a,<UNTAGGED>,True,False,False,0,1
9262,q9262,9262,b,<UNTAGGED>,True,False,False,0,1
9263,q9263,9263,a,<UNTAGGED>,True,False,False,0,1
9264,q9264,9264,d,<UNTAGGED>,True,False,False,0,1
9265,q9265,9265,a,<UNTAGGED>,True,False,False,0,1
9266,q9266,9266,a,<UNTAGGED>,True,False,False,0,1
9267,q9267,9267,b,<UNTAGGED>,True,False,False,0,1
9268,q9268,9268,d,<UNTAGGED>,True,False,False,0,1
9269,q9269,9269,b,<UNTAGGED>,True,False,False,0,1
9270,q9270,9270,b,<UNTAGGED>,True,False,False,0,1
9271,q9271,9271,c,<UNTAGGED>,True,False,False,0,1
9272,q9272,9272,a,<UNTAGGED>,True,False,False,0,1
9273,q9273,9273,b,<UNTAGGED>,True,False,False,0,1
9274,q9274,9274,c,<UNTAGGED>,True,False,False,0,1
9275,q9275,9275,b,<UNTAGGED>,True,False,False,0,1
9276,q9276,9276,b,<UNTAGGED>,True,False,False,0,1
9277,q9277,9277,c,<UNTAGGED>,True,False,False,0,1
9278,q9278,9278,a,<UNTAGGED>,True,False,False,0,1
9279,q9279,9279,c,<UNTAGGED>,True,False,False,0,1
9280,q9280,9280,a,<UNTAGGED>,True,False,False,0,1
9281,q9281,9281,b,<UNTAGGED>,True,False,False,0,1
9282,q9282,9282,b,<UNTAGGED>,True,False,False,0,1
9283,q9283,9283,b,<UNTAGGED>,True,False,False,0,1
9284,q9284,9284,b,<UNTAGGED>,True,False,False,0,1
9285,q9285,9285,d,<UNTAGGED>,True,False,False,0,1
9286,q9286,9286,d,<UNTAGGED>,True,False,False,0,1
9287,q9287,9287,b,<UNTAGGED>,True,False,False,0,1
9288,q9288,9288,d,<UNTAGGED>,True,False,False,0,1
9289,q9289,9289,b,<UNTAGGED>,True,False,False,0,1
9290,q9290,9290,a,<UNTAGGED>,True,False,False,0,1
9291,q9291,9291,b,<UNTAGGED>,True,False,False,0,1
9292,q9292,9292,d,<UNTAGGED>,True,False,False,0,1
9293,q9293,9293,d,<UNTAGGED>,True,False,False,0,1
9294,q9294,9294,a,<UNTAGGED>,True,False,False,0,1
9295,q9295,9295,d,<UNTAGGED>,True,False,False,0,1
9296,q9296,9296,c,<UNTAGGED>,True,False,False,0,1
9297,q9297,9297,d,<UNTAGGED>,True,False,False,0,1
9298,q9298,9298,c,<UNTAGGED>,True,False,False,0,1
9299,q9299,9299,c,<UNTAGGED>,True,False,False,0,1
9300,q9300,9300,b,<UNTAGGED>,True,False,False,0,1
9301,q9301,9301,d,<UNTAGGED>,True,False,False,0,1
9302,q9302,9302,b,<UNTAGGED>,True,False,False,0,1
9303,q9303,9303,a,<UNTAGGED>,True,False,False,0,1
9304,q9304,9304,c,<UNTAGGED>,True,False,False,0,1
9305,q9305,9305,b,<UNTAGGED>,True,False,False,0,1
9306,q9306,9306,b,<UNTAGGED>,True,False,False,0,1
9307,q9307,9307,b,<UNTAGGED>,True,False,False,0,1
9308,q9308,9308,c,<UNTAGGED>,True,False,False,0,1
9309,q9309,9309,d,<UNTAGGED>,True,False,False,0,1
9310,q9310,9310,a,<UNTAGGED>,True,False,False,0,1
9311,q9311,9311,a,<UNTAGGED>,True,False,False,0,1
9312,q9312,9312,b,<UNTAGGED>,True,False,False,0,1
9313,q9313,9313,c,<UNTAGGED>,True,False,False,0,1
9314,q9314,9314,c,<UNTAGGED>,True,False,False,0,1
9315,q9315,9315,b,<UNTAGGED>,True,False,False,0,1
9316,q9316,9316,b,<UNTAGGED>,True,False,False,0,1
9317,q9317,9317,a,<UNTAGGED>,True,False,False,0,1
9318,q9318,9318,a,<UNTAGGED>,True,False,False,0,1
9319,q9319,9319,a,<UNTAGGED>,True,False,False,0,1
9320,q9320,9320,b,<UNTAGGED>,True,False,False,0,1
9321,q9321,9321,b,<UNTAGGED>,True,False,False,0,1
9322,q9322,9322,c,<UNTAGGED>,True,False,False,0,1
9323,q9323,9323,a,<UNTAGGED>,True,False,False,0,1
9324,q9324,9324,b,<UNTAGGED>,True,False,False,0,1
9325,q9325,9325,c,121,False,False,False,1,1166
9326,q9326,9326,a,87,False,False,False,1,1118
9327,q9327,9327,d,120,False,False,False,1,1164
9328,q9328,9328,d,120,False,False,False,1,1164
9329,q9329,9329,b,120,False,False,False,1,1164
9330,q9330,9330,c,95,False,False,False,1,1129
9331,q9331,9331,a,120,False,False,False,1,1164
9332,q9332,9332,d,120,False,False,False,1,1164
9333,q9333,9333,d,87,False,False,False,1,1118
9334,q9334,9334,d,120,False,False,False,1,1164
9335,q9335,9335,d,87,False,False,False,1,1118
9336,q9336,9336,a,87,False,False,False,1,1118
9337,q9337,9337,a,95,False,False,False,1,1129
9338,q9338,9338,d,87,False,False,False,1,1118
9339,q9339,9339,c,87,False,False,False,1,1118
9340,q9340,9340,d,120,False,False,False,1,1164
9341,q9341,9341,b,95,False,False,False,1,1129
9342,q9342,9342,b,87,False,False,False,1,1118
9343,q9343,9343,c,90,False,False,False,1,1123
9344,q9344,9344,c,120,False,False,False,1,1164
9345,q9345,9345,c,120,False,False,False,1,1164
9346,q9346,9346,d,95,False,False,False,1,1129
9347,q9347,9347,d,121,False,False,False,1,1166
9348,q9348,9348,a,119,False,False,False,1,1162
9349,q9349,9349,d,93,False,False,False,1,1127
9350,q9350,9350,b,121,False,False,False,1,1166
9351,q9351,9351,d,109,False,False,False,1,1147
9352,q9352,9352,b,123,False,False,False,1,1169
9353,q9353,9353,a,121,False,False,False,1,1166
9354,q9354,9354,a,93,False,False,False,1,1127
9355,q9355,9355,d,119,False,False,False,1,1162
9356,q9356,9356,b,95,False,False,False,1,1129
9357,q9357,9357,a,119,False,False,False,1,1162
9358,q9358,9358,c,107,False,False,False,1,1144
9359,q9359,9359,d,128,False,False,False,1,1174
9360,q9360,9360,a,121,False,False,False,1,1166
9361,q9361,9361,d,87,False,False,False,1,1118
9362,q9362,9362,c,80,False,False,False,1,1105
9363,q9363,9363,d,87,False,False,False,1,1118
9364,q9364,9364,c,79,False,False,False,1,1104
9365,q9365,9365,a,119,False,False,False,1,1162
9366,q9366,9366,b,128,False,False,False,1,1174
9367,q9367,9367,a,119,False,False,False,1,1162
9368,q9368,9368,a,93,False,False,False,1,1127
9369,q9369,9369,c,128,False,False,False,1,1174
9370,q9370,9370,a,112,False,False,False,1,1152
9371,q9371,9371,b,119,False,False,False,1,1162
9372,q9372,9372,d,122,False,False,False,1,1167
9373,q9373,9373,a,93,False,False,False,1,1127
9374,q9374,9374,d,121,False,False,False,1,1166
9375,q9375,9375,d,109,False,False,False,1,1147
9376,q9376,9376,a,112,False,False,False,1,1152
9377,q9377,9377,a,93,False,False,False,1,1127
9378,q9378,9378,b,79,False,False,False,1,1104
9379,q9379,9379,a,93,False,False,False,1,1127
9380,q9380,9380,a,119,False,False,False,1,1162
9381,q9381,9381,b,119,False,False,False,1,1162
9382,q9382,9382,d,95,False,False,False,1,1129
9383,q9383,9383,b,119,False,False,False,1,1162
9384,q9384,9384,b,121,False,False,False,1,1166
9385,q9385,9385,d,95,False,False,False,1,1129
9386,q9386,9386,b,112,False,False,False,1,1152
9387,q9387,9387,c,119,False,False,False,1,1162
9388,q9388,9388,a,79,False,False,False,1,1104
9389,q9389,9389,c,144,False,False,False,1,1194
9390,q9390,9390,b,120,False,False,False,1,1164
9391,q9391,9391,a,93,False,False,False,1,1127
9392,q9392,9392,b,99,False,False,False,1,1134
9393,q9393,9393,b,120,False,False,False,1,1164
9394,q9394,9394,d,142,False,False,False,1,1191
9395,q9395,9395,c,99,False,False,False,1,1134
9396,q9396,9396,b,87,False,False,False,1,1118
9397,q9397,9397,b,95,False,False,False,1,1129
9398,q9398,9398,a,121,False,False,False,1,1166
9399,q9399,9399,b,128,False,False,False,1,1174
9400,q9400,9400,d,112,False,False,False,1,1152
9401,q9401,9401,c,119,False,False,False,1,1162
9402,q9402,9402,c,112,False,False,False,1,1152
9403,q9403,9403,b,112,False,False,False,1,1152
9404,q9404,9404,c,112,False,False,False,1,1152
9405,q9405,9405,c,123,False,False,False,1,1169
9406,q9406,9406,a,119,False,False,False,1,1162
9407,q9407,9407,b,119,False,False,False,1,1162
9408,q9408,9408,c,119,False,False,False,1,1162
9409,q9409,9409,d,107,False,False,False,1,1144
9410,q9410,9410,a,79,False,False,False,1,1104
9411,q9411,9411,a,93,False,False,False,1,1127
9412,q9412,9412,c,120,False,False,False,1,1164
9413,q9413,9413,b,90,False,False,False,1,1123
9414,q9414,9414,a,109,False,False,False,1,1147
9415,q9415,9415,a,122,False,False,False,1,1167
9416,q9416,9416,c,87,False,False,False,1,1118
9417,q9417,9417,b,144,False,False,False,1,1194
9418,q9418,9418,c,107,False,False,False,1,1144
9419,q9419,9419,b,109,False,False,False,1,1147
9420,q9420,9420,b,120,False,False,False,1,1164
9421,q9421,9421,a,119,False,False,False,1,1162
9422,q9422,9422,c,79,False,False,False,1,1104
9423,q9423,9423,d,130,False,False,False,1,1178
9424,q9424,9424,a,128,False,False,False,1,1174
9425,q9425,9425,d,85,False,False,False,1,1114
9426,q9426,9426,c,85,False,False,False,1,1114
9427,q9427,9427,d,85,False,False,False,1,1114
9428,q9428,9428,a,85,False,False,False,1,1114
9429,q9429,9429,a,85,False,False,False,1,1114
9430,q9430,9430,a,85,False,False,False,1,1114
9431,q9431,9431,c,85,False,False,False,1,1114
9432,q9432,9432,a,85,False,False,False,1,1114
9433,q9433,9433,a,85,False,False,False,1,1114
9434,q9434,9434,d,85,False,False,False,1,1114
9435,q9435,9435,b,85,False,False,False,1,1114
9436,q9436,9436,c,85,False,False,False,1,1114
9437,q9437,9437,c,85,False,False,False,1,1114
9438,q9438,9438,a,85,False,False,False,1,1114
9439,q9439,9439,a,85,False,False,False,1,1114
9440,q9440,9440,b,85,False,False,False,1,1114
9441,q9441,9441,d,85,False,False,False,1,1114
9442,q9442,9442,c,85,False,False,False,1,1114
9443,q9443,9443,a,85,False,False,False,1,1114
9444,q9444,9444,d,85,False,False,False,1,1114
9445,q9445,9445,b,85,False,False,False,1,1114
9446,q9446,9446,a,85,False,False,False,1,1114
9447,q9447,9447,a,123,False,False,False,1,1169
9448,q9448,9448,c,85,False,False,False,1,1114
9449,q9449,9449,d,85,False,False,False,1,1114
9450,q9450,9450,d,77,False,False,False,1,1100
9451,q9451,9451,c,103,False,False,False,1,1139
9452,q9452,9452,d,77,False,False,False,1,1100
9453,q9453,9453,b,77,False,False,False,1,1100
9454,q9454,9454,b,77,False,False,False,1,1100
9455,q9455,9455,d,77,False,False,False,1,1100
9456,q9456,9456,c,77,False,False,False,1,1100
9457,q9457,9457,d,77,False,False,False,1,1100
9458,q9458,9458,a,77,False,False,False,1,1100
9459,q9459,9459,b,77,False,False,False,1,1100
9460,q9460,9460,a,77,False,False,False,1,1100
9461,q9461,9461,d,77,False,False,False,1,1100
9462,q9462,9462,a,77,False,False,False,1,1100
9463,q9463,9463,b,77,False,False,False,1,1100
9464,q9464,9464,b,77,False,False,False,1,1100
9465,q9465,9465,d,77,False,False,False,1,1100
9466,q9466,9466,c,77,False,False,False,1,1100
9467,q9467,9467,a,106,False,False,False,1,1142
9468,q9468,9468,c,106,False,False,False,1,1142
9469,q9469,9469,d,106,False,False,False,1,1142
9470,q9470,9470,d,106,False,False,False,1,1142
9471,q9471,9471,b,106,False,False,False,1,1142
9472,q9472,9472,b,106,False,False,False,1,1142
9473,q9473,9473,c,106,False,False,False,1,1142
9474,q9474,9474,a,106,False,False,False,1,1142
9475,q9475,9475,d,76,False,False,False,1,1098
9476,q9476,9476,b,76,False,False,False,1,1098
9477,q9477,9477,b,76,False,False,False,1,1098
9478,q9478,9478,a,76,False,False,False,1,1098
9479,q9479,9479,a,76,False,False,False,1,1098
9480,q9480,9480,c,76,False,False,False,1,1098
9481,q9481,9481,a,76,False,False,False,1,1098
9482,q9482,9482,d,76,False,False,False,1,1098
9483,q9483,9483,d,76,False,False,False,1,1098
9484,q9484,9484,c,76,False,False,False,1,1098
9485,q9485,9485,d,76,False,False,False,1,1098
9486,q9486,9486,c,76,False,False,False,1,1098
9487,q9487,9487,c,76,False,False,False,1,1098
9488,q9488,9488,a,76,False,False,False,1,1098
9489,q9489,9489,c,76,False,False,False,1,1098
9490,q9490,9490,b,76,False,False,False,1,1098
9491,q9491,9491,d,76,False,False,False,1,1098
9492,q9492,9492,b,80,False,False,False,1,1105
9493,q9493,9493,a,84,False,False,False,1,1112
9494,q9494,9494,c,84,False,False,False,1,1112
9495,q9495,9495,d,84,False,False,False,1,1112
9496,q9496,9496,b,84,False,False,False,1,1112
9497,q9497,9497,b,84,False,False,False,1,1112
9498,q9498,9498,b,84,False,False,False,1,1112
9499,q9499,9499,a,84,False,False,False,1,1112
9500,q9500,9500,d,83,False,False,False,1,1110
9501,q9501,9501,d,83,False,False,False,1,1110
9502,q9502,9502,a,83,False,False,False,1,1110
9503,q9503,9503,b,83,False,False,False,1,1110
9504,q9504,9504,b,83,False,False,False,1,1110
9505,q9505,9505,a,83,False,False,False,1,1110
9506,q9506,9506,c,83,False,False,False,1,1110
9507,q9507,9507,a,83,False,False,False,1,1110
9508,q9508,9508,a,83,False,False,False,1,1110
9509,q9509,9509,b,83,False,False,False,1,1110
9510,q9510,9510,c,83,False,False,False,1,1110
9511,q9511,9511,b,83,False,False,False,1,1110
9512,q9512,9512,c,83,False,False,False,1,1110
9513,q9513,9513,b,83,False,False,False,1,1110
9514,q9514,9514,d,83,False,False,False,1,1110
9515,q9515,9515,b,83,False,False,False,1,1110
9516,q9516,9516,a,83,False,False,False,1,1110
9517,q9517,9517,c,83,False,False,False,1,1110
9518,q9518,9518,d,83,False,False,False,1,1110
9519,q9519,9519,d,83,False,False,False,1,1110
9520,q9520,9520,c,83,False,False,False,1,1110
9521,q9521,9521,b,83,False,False,False,1,1110
9522,q9522,9522,d,83,False,False,False,1,1110
9523,q9523,9523,b,83,False,False,False,1,1110
9524,q9524,9524,b,83,False,False,False,1,1110
9525,q9525,9525,d,94,False,False,False,1,1128
9526,q9526,9526,d,94,False,False,False,1,1128
9527,q9527,9527,d,94,False,False,False,1,1128
9528,q9528,9528,a,94,False,False,False,1,1128
9529,q9529,9529,a,94,False,False,False,1,1128
9530,q9530,9530,d,94,False,False,False,1,1128
9531,q9531,9531,b,94,False,False,False,1,1128
9532,q9532,9532,b,129,False,False,False,1,1176
9533,q9533,9533,b,94,False,False,False,1,1128
9534,q9534,9534,b,94,False,False,False,1,1128
9535,q9535,9535,a,94,False,False,False,1,1128
9536,q9536,9536,a,94,False,False,False,1,1128
9537,q9537,9537,b,94,False,False,False,1,1128
9538,q9538,9538,b,94,False,False,False,1,1128
9539,q9539,9539,d,94,False,False,False,1,1128
9540,q9540,9540,d,129,False,False,False,1,1176
9541,q9541,9541,b,94,False,False,False,1,1128
9542,q9542,9542,a,94,False,False,False,1,1128
9543,q9543,9543,d,94,False,False,False,1,1128
9544,q9544,9544,b,94,False,False,False,1,1128
9545,q9545,9545,c,94,False,False,False,1,1128
9546,q9546,9546,c,129,False,False,False,1,1176
9547,q9547,9547,d,94,False,False,False,1,1128
9548,q9548,9548,b,94,False,False,False,1,1128
9549,q9549,9549,c,94,False,False,False,1,1128
9550,q9550,9550,a,118,False,False,False,1,1161
9551,q9551,9551,b,118,False,False,False,1,1161
9552,q9552,9552,d,118,False,False,False,1,1161
9553,q9553,9553,b,118,False,False,False,1,1161
9554,q9554,9554,c,118,False,False,False,1,1161
9555,q9555,9555,d,81,False,False,False,1,1107
9556,q9556,9556,c,118,False,False,False,1,1161
9557,q9557,9557,b,118,False,False,False,1,1161
9558,q9558,9558,d,118,False,False,False,1,1161
9559,q9559,9559,d,118,False,False,False,1,1161
9560,q9560,9560,b,118,False,False,False,1,1161
9561,q9561,9561,d,118,False,False,False,1,1161
9562,q9562,9562,c,118,False,False,False,1,1161
9563,q9563,9563,d,118,False,False,False,1,1161
9564,q9564,9564,c,81,False,False,False,1,1107
9565,q9565,9565,a,75,False,False,False,1,1096
9566,q9566,9566,a,75,False,False,False,1,1096
9567,q9567,9567,b,75,False,False,False,1,1096
9568,q9568,9568,d,75,False,False,False,1,1096
9569,q9569,9569,c,75,False,False,False,1,1096
9570,q9570,9570,a,130,False,False,False,1,1178
9571,q9571,9571,d,130,False,False,False,1,1178
9572,q9572,9572,d,130,False,False,False,1,1178
9573,q9573,9573,a,130,False,False,False,1,1178
9574,q9574,9574,c,130,False,False,False,1,1178
9575,q9575,9575,d,119,False,False,False,1,1162
9576,q9576,9576,b,119,False,False,False,1,1162
9577,q9577,9577,a,120,False,False,False,1,1164
9578,q9578,9578,d,125,False,False,False,1,1171
9579,q9579,9579,b,95,False,False,False,1,1129
9580,q9580,9580,b,119,False,False,False,1,1162
9581,q9581,9581,a,119,False,False,False,1,1162
9582,q9582,9582,c,87,False,False,False,1,1118
9583,q9583,9583,d,119,False,False,False,1,1162
9584,q9584,9584,b,119,False,False,False,1,1162
9585,q9585,9585,a,<UNTAGGED>,True,False,False,0,1
9586,q9586,9586,c,<UNTAGGED>,True,False,False,0,1
9587,q9587,9587,c,87,False,False,False,1,1118
9588,q9588,9588,b,119,False,False,False,1,1162
9589,q9589,9589,d,119,False,False,False,1,1162
9590,q9590,9590,b,87,False,False,False,1,1118
9591,q9591,9591,c,119,False,False,False,1,1162
9592,q9592,9592,c,119,False,False,False,1,1162
9593,q9593,9593,c,<UNTAGGED>,True,False,False,0,1
9594,q9594,9594,b,73,False,False,False,1,1092
9595,q9595,9595,b,<UNTAGGED>,True,False,False,0,1
9596,q9596,9596,c,119,False,False,False,1,1162
9597,q9597,9597,b,87,False,False,False,1,1118
9598,q9598,9598,c,121,False,False,False,1,1166
9599,q9599,9599,c,95,False,False,False,1,1129
9600,q9600,9600,b,119,False,False,False,1,1162
9601,q9601,9601,a,119,False,False,False,1,1162
9602,q9602,9602,b,119,False,False,False,1,1162
9603,q9603,9603,d,119,False,False,False,1,1162
9604,q9604,9604,a,73,False,False,False,1,1092
9605,q9605,9605,a,119,False,False,False,1,1162
9606,q9606,9606,a,89,False,False,False,1,1122
9607,q9607,9607,b,87,False,False,False,1,1118
9608,q9608,9608,a,73,False,False,False,1,1092
9609,q9609,9609,a,119,False,False,False,1,1162
9610,q9610,9610,b,119,False,False,False,1,1162
9611,q9611,9611,a,119,False,False,False,1,1162
9612,q9612,9612,a,89,False,False,False,1,1122
9613,q9613,9613,d,<UNTAGGED>,True,False,False,0,1
9614,q9614,9614,c,119,False,False,False,1,1162
9615,q9615,9615,a,119,False,False,False,1,1162
9616,q9616,9616,a,119,False,False,False,1,1162
9617,q9617,9617,a,119,False,False,False,1,1162
9618,q9618,9618,a,119,False,False,False,1,1162
9619,q9619,9619,a,119,False,False,False,1,1162
9620,q9620,9620,a,119,False,False,False,1,1162
9621,q9621,9621,b,87,False,False,False,1,1118
9622,q9622,9622,a,90,False,False,False,1,1123
9623,q9623,9623,d,78,False,False,False,1,1102
9624,q9624,9624,c,78,False,False,False,1,1102
9625,q9625,9625,b,78,False,False,False,1,1102
9626,q9626,9626,a,<UNTAGGED>,True,False,False,0,1
9627,q9627,9627,b,78,False,False,False,1,1102
9628,q9628,9628,c,78,False,False,False,1,1102
9629,q9629,9629,d,78,False,False,False,1,1102
9630,q9630,9630,c,78,False,False,False,1,1102
9631,q9631,9631,b,133,False,False,False,1,1182
9632,q9632,9632,a,78,False,False,False,1,1102
9633,q9633,9633,b,78,False,False,False,1,1102
9634,q9634,9634,c,78,False,False,False,1,1102
9635,q9635,9635,b,78,False,False,False,1,1102
9636,q9636,9636,a,78,False,False,False,1,1102
9637,q9637,9637,b,78,False,False,False,1,1102
9638,q9638,9638,b,133,False,False,False,1,1182
9639,q9639,9639,c,78,False,False,False,1,1102
9640,q9640,9640,a,78,False,False,False,1,1102
9641,q9641,9641,c,78,False,False,False,1,1102
9642,q9642,9642,b,78,False,False,False,1,1102
9643,q9643,9643,a,78,False,False,False,1,1102
9644,q9644,9644,b,78,False,False,False,1,1102
9645,q9645,9645,c,78,False,False,False,1,1102
9646,q9646,9646,c,78,False,False,False,1,1102
9647,q9647,9647,d,78,False,False,False,1,1102
9648,q9648,9648,c,78,False,False,False,1,1102
9649,q9649,9649,c,78,False,False,False,1,1102
9650,q9650,9650,b,78,False,False,False,1,1102
9651,q9651,9651,a,78,False,False,False,1,1102
9652,q9652,9652,d,78,False,False,False,1,1102
9653,q9653,9653,b,78,False,False,False,1,1102
9654,q9654,9654,a,78,False,False,False,1,1102
9655,q9655,9655,b,78,False,False,False,1,1102
9656,q9656,9656,b,78,False,False,False,1,1102
9657,q9657,9657,c,78,False,False,False,1,1102
9658,q9658,9658,c,78,False,False,False,1,1102
9659,q9659,9659,b,78,False,False,False,1,1102
9660,q9660,9660,c,78,False,False,False,1,1102
9661,q9661,9661,d,78,False,False,False,1,1102
9662,q9662,9662,a,78,False,False,False,1,1102
9663,q9663,9663,b,78,False,False,False,1,1102
9664,q9664,9664,a,78,False,False,False,1,1102
9665,q9665,9665,c,78,False,False,False,1,1102
9666,q9666,9666,b,78,False,False,False,1,1102
9667,q9667,9667,c,78,False,False,False,1,1102
9668,q9668,9668,b,76,False,False,False,1,1098
9669,q9669,9669,c,85,False,False,False,1,1114
9670,q9670,9670,a,83,False,False,False,1,1110
9671,q9671,9671,d,85,False,False,False,1,1114
9672,q9672,9672,a,83,False,False,False,1,1110
9673,q9673,9673,b,77,False,False,False,1,1100
9674,q9674,9674,b,85,False,False,False,1,1114
9675,q9675,9675,c,83,False,False,False,1,1110
9676,q9676,9676,c,77,False,False,False,1,1100
9677,q9677,9677,a,85,False,False,False,1,1114
9678,q9678,9678,c,85,False,False,False,1,1114
9679,q9679,9679,b,85,False,False,False,1,1114
9680,q9680,9680,d,85,False,False,False,1,1114
9681,q9681,9681,d,83,False,False,False,1,1110
9682,q9682,9682,c,85,False,False,False,1,1114
9683,q9683,9683,c,85,False,False,False,1,1114
9684,q9684,9684,a,76,False,False,False,1,1098
9685,q9685,9685,a,76,False,False,False,1,1098
9686,q9686,9686,c,77,False,False,False,1,1100
9687,q9687,9687,d,85,False,False,False,1,1114
9688,q9688,9688,b,76,False,False,False,1,1098
9689,q9689,9689,d,85,False,False,False,1,1114
9690,q9690,9690,b,77,False,False,False,1,1100
9691,q9691,9691,d,77,False,False,False,1,1100
9692,q9692,9692,b,76,False,False,False,1,1098
9693,q9693,9693,b,77,False,False,False,1,1100
9694,q9694,9694,c,85,False,False,False,1,1114
9695,q9695,9695,a,85,False,False,False,1,1114
9696,q9696,9696,b,77,False,False,False,1,1100
9697,q9697,9697,d,83,False,False,False,1,1110
9698,q9698,9698,d,77,False,False,False,1,1100
9699,q9699,9699,a,85,False,False,False,1,1114
9700,q9700,9700,d,77,False,False,False,1,1100
9701,q9701,9701,c,76,False,False,False,1,1098
9702,q9702,9702,d,83,False,False,False,1,1110
9703,q9703,9703,b,76,False,False,False,1,1098
9704,q9704,9704,c,85,False,False,False,1,1114
9705,q9705,9705,c,85,False,False,False,1,1114
9706,q9706,9706,c,77,False,False,False,1,1100
9707,q9707,9707,a,85,False,False,False,1,1114
9708,q9708,9708,c,77,False,False,False,1,1100
9709,q9709,9709,b,74,False,False,False,1,1094
9710,q9710,9710,b,77,False,False,False,1,1100
9711,q9711,9711,c,83,False,False,False,1,1110
9712,q9712,9712,a,85,False,False,False,1,1114
9713,q9713,9713,a,85,False,False,False,1,1114
9714,q9714,9714,d,85,False,False,False,1,1114
9715,q9715,9715,d,76,False,False,False,1,1098
9716,q9716,9716,a,76,False,False,False,1,1098
9717,q9717,9717,d,76,False,False,False,1,1098
9718,q9718,9718,a,77,False,False,False,1,1100
9719,q9719,9719,d,85,False,False,False,1,1114
9720,q9720,9720,c,85,False,False,False,1,1114
9721,q9721,9721,a,96,False,False,False,1,1131
9722,q9722,9722,b,77,False,False,False,1,1100
9723,q9723,9723,c,77,False,False,False,1,1100
9724,q9724,9724,c,85,False,False,False,1,1114
9725,q9725,9725,a,96,False,False,False,1,1131
9726,q9726,9726,d,77,False,False,False,1,1100
9727,q9727,9727,d,85,False,False,False,1,1114
9728,q9728,9728,d,85,False,False,False,1,1114
9729,q9729,9729,a,77,False,False,False,1,1100
9730,q9730,9730,a,77,False,False,False,1,1100
9731,q9731,9731,c,83,False,False,False,1,1110
9732,q9732,9732,d,76,False,False,False,1,1098
9733,q9733,9733,d,77,False,False,False,1,1100
9734,q9734,9734,c,83,False,False,False,1,1110
9735,q9735,9735,b,83,False,False,False,1,1110
9736,q9736,9736,a,85,False,False,False,1,1114
9737,q9737,9737,b,85,False,False,False,1,1114
9738,q9738,9738,c,85,False,False,False,1,1114
9739,q9739,9739,d,85,False,False,False,1,1114
9740,q9740,9740,b,76,False,False,False,1,1098
9741,q9741,9741,d,83,False,False,False,1,1110
9742,q9742,9742,b,85,False,False,False,1,1114
9743,q9743,9743,d,76,False,False,False,1,1098
9744,q9744,9744,d,77,False,False,False,1,1100
9745,q9745,9745,b,77,False,False,False,1,1100
9746,q9746,9746,d,76,False,False,False,1,1098
9747,q9747,9747,d,77,False,False,False,1,1100
9748,q9748,9748,a,94,False,False,False,1,1128
9749,q9749,9749,b,76,False,False,False,1,1098
9750,q9750,9750,a,77,False,False,False,1,1100
9751,q9751,9751,a,76,False,False,False,1,1098
9752,q9752,9752,a,77,False,False,False,1,1100
9753,q9753,9753,c,85,False,False,False,1,1114
9754,q9754,9754,b,77,False,False,False,1,1100
9755,q9755,9755,c,74,False,False,False,1,1094
9756,q9756,9756,d,76,False,False,False,1,1098
9757,q9757,9757,c,85,False,False,False,1,1114
9758,q9758,9758,d,77,False,False,False,1,1100
9759,q9759,9759,c,76,False,False,False,1,1098
9760,q9760,9760,a,85,False,False,False,1,1114
9761,q9761,9761,a,76,False,False,False,1,1098
9762,q9762,9762,b,76,False,False,False,1,1098
9763,q9763,9763,a,85,False,False,False,1,1114
9764,q9764,9764,c,76,False,False,False,1,1098
9765,q9765,9765,c,77,False,False,False,1,1100
9766,q9766,9766,c,76,False,False,False,1,1098
9767,q9767,9767,a,85,False,False,False,1,1114
9768,q9768,9768,b,128,False,False,False,1,1174
9769,q9769,9769,a,77,False,False,False,1,1100
9770,q9770,9770,c,71,False,False,False,1,1089
9771,q9771,9771,a,78,False,False,False,1,1102
9772,q9772,9772,a,106,False,False,False,1,1142
9773,q9773,9773,b,78,False,False,False,1,1102
9774,q9774,9774,b,87,False,False,False,1,1118
9775,q9775,9775,b,113,False,False,False,1,1153
9776,q9776,9776,b,83,False,False,False,1,1110
9777,q9777,9777,b,86,False,False,False,1,1116
9778,q9778,9778,b,83,False,False,False,1,1110
9779,q9779,9779,a,76,False,False,False,1,1098
9780,q9780,9780,b,144,False,False,False,1,1194
9781,q9781,9781,d,99,False,False,False,1,1134
9782,q9782,9782,b,85,False,False,False,1,1114
9783,q9783,9783,d,75,False,False,False,1,1096
9784,q9784,9784,d,74,False,False,False,1,1094
9785,q9785,9785,c,71,False,False,False,1,1089
9786,q9786,9786,a,71,False,False,False,1,1089
9787,q9787,9787,a,87,False,False,False,1,1118
9788,q9788,9788,b,121,False,False,False,1,1166
9789,q9789,9789,c,83,False,False,False,1,1110
9790,q9790,9790,a,77,False,False,False,1,1100
9791,q9791,9791,b,86,False,False,False,1,1116
9792,q9792,9792,a,77,False,False,False,1,1100
9793,q9793,9793,b,98,False,False,False,1,1133
9794,q9794,9794,a,74,False,False,False,1,1094
9795,q9795,9795,b,98,False,False,False,1,1133
9796,q9796,9796,a,76,False,False,False,1,1098
9797,q9797,9797,d,74,False,False,False,1,1094
9798,q9798,9798,b,145,False,False,False,1,1195
9799,q9799,9799,b,145,False,False,False,1,1195
9800,q9800,9800,a,145,False,False,False,1,1195
9801,q9801,9801,d,145,False,False,False,1,1195
9802,q9802,9802,d,145,False,False,False,1,1195
9803,q9803,9803,c,140,False,False,False,1,1189
9804,q9804,9804,b,140,False,False,False,1,1189
9805,q9805,9805,d,140,False,False,False,1,1189
9806,q9806,9806,c,140,False,False,False,1,1189
9807,q9807,9807,a,140,False,False,False,1,1189
9808,q9808,9808,b,112,False,False,False,1,1152
9809,q9809,9809,d,112,False,False,False,1,1152
9810,q9810,9810,a,112,False,False,False,1,1152
9811,q9811,9811,a,112,False,False,False,1,1152
9812,q9812,9812,b,112,False,False,False,1,1152
9813,q9813,9813,a,136,False,False,False,1,1186
9814,q9814,9814,a,136,False,False,False,1,1186
9815,q9815,9815,a,136,False,False,False,1,1186
9816,q9816,9816,c,136,False,False,False,1,1186
9817,q9817,9817,a,136,False,False,False,1,1186
9818,q9818,9818,a,136,False,False,False,1,1186
9819,q9819,9819,d,136,False,False,False,1,1186
9820,q9820,9820,a,136,False,False,False,1,1186
9821,q9821,9821,c,141,False,False,False,1,1190
9822,q9822,9822,d,141,False,False,False,1,1190
9823,q9823,9823,b,141,False,False,False,1,1190
9824,q9824,9824,c,141,False,False,False,1,1190
9825,q9825,9825,b,141,False,False,False,1,1190
9826,q9826,9826,b,141,False,False,False,1,1190
9827,q9827,9827,c,141,False,False,False,1,1190
9828,q9828,9828,a,141,False,False,False,1,1190
9829,q9829,9829,c,141,False,False,False,1,1190
9830,q9830,9830,a,85,False,False,False,1,1114
9831,q9831,9831,b,77,False,False,False,1,1100
9832,q9832,9832,a,76,False,False,False,1,1098
9833,q9833,9833,c,85,False,False,False,1,1114
9834,q9834,9834,a,77,False,False,False,1,1100
9835,q9835,9835,b,76,False,False,False,1,1098
9836,q9836,9836,b,77,False,False,False,1,1100
9837,q9837,9837,c,85,False,False,False,1,1114
9838,q9838,9838,c,83,False,False,False,1,1110
9839,q9839,9839,d,85,False,False,False,1,1114
9840,q9840,9840,d,76,False,False,False,1,1098
9841,q9841,9841,c,85,False,False,False,1,1114
9842,q9842,9842,b,85,False,False,False,1,1114
9843,q9843,9843,b,85,False,False,False,1,1114
9844,q9844,9844,d,77,False,False,False,1,1100
9845,q9845,9845,a,85,False,False,False,1,1114
9846,q9846,9846,a,83,False,False,False,1,1110
9847,q9847,9847,d,85,False,False,False,1,1114
9848,q9848,9848,a,76,False,False,False,1,1098
9849,q9849,9849,c,85,False,False,False,1,1114
9850,q9850,9850,d,85,False,False,False,1,1114
9851,q9851,9851,b,77,False,False,False,1,1100
9852,q9852,9852,b,77,False,False,False,1,1100
9853,q9853,9853,a,85,False,False,False,1,1114
9854,q9854,9854,a,83,False,False,False,1,1110
9855,q9855,9855,b,83,False,False,False,1,1110
9856,q9856,9856,c,76,False,False,False,1,1098
9857,q9857,9857,d,76,False,False,False,1,1098
9858,q9858,9858,c,85,False,False,False,1,1114
9859,q9859,9859,b,85,False,False,False,1,1114
9860,q9860,9860,a,85,False,False,False,1,1114
9861,q9861,9861,d,77,False,False,False,1,1100
9862,q9862,9862,b,85,False,False,False,1,1114
9863,q9863,9863,c,85,False,False,False,1,1114
9864,q9864,9864,a,76,False,False,False,1,1098
9865,q9865,9865,a,76,False,False,False,1,1098
9866,q9866,9866,c,85,False,False,False,1,1114
9867,q9867,9867,a,76,False,False,False,1,1098
9868,q9868,9868,b,77,False,False,False,1,1100
9869,q9869,9869,c,76,False,False,False,1,1098
9870,q9870,9870,b,76,False,False,False,1,1098
9871,q9871,9871,d,85,False,False,False,1,1114
9872,q9872,9872,c,83,False,False,False,1,1110
9873,q9873,9873,b,76,False,False,False,1,1098
9874,q9874,9874,d,85,False,False,False,1,1114
9875,q9875,9875,b,77,False,False,False,1,1100
9876,q9876,9876,b,83,False,False,False,1,1110
9877,q9877,9877,c,76,False,False,False,1,1098
9878,q9878,9878,b,85,False,False,False,1,1114
9879,q9879,9879,b,83,False,False,False,1,1110
9880,q9880,9880,d,75,False,False,False,1,1096
9881,q9881,9881,b,74,False,False,False,1,1094
9882,q9882,9882,b,76,False,False,False,1,1098
9883,q9883,9883,d,94,False,False,False,1,1128
9884,q9884,9884,c,86,False,False,False,1,1116
9885,q9885,9885,d,85,False,False,False,1,1114
9886,q9886,9886,c,77,False,False,False,1,1100
9887,q9887,9887,c,76,False,False,False,1,1098
9888,q9888,9888,a,71,False,False,False,1,1089
9889,q9889,9889,d,119,False,False,False,1,1162
9890,q9890,9890,c,77,False,False,False,1,1100
9891,q9891,9891,d,83,False,False,False,1,1110
9892,q9892,9892,a,74,False,False,False,1,1094
9893,q9893,9893,a,85,False,False,False,1,1114
9894,q9894,9894,b,106,False,False,False,1,1142
9895,q9895,9895,c,74,False,False,False,1,1094
9896,q9896,9896,d,71,False,False,False,1,1089
9897,q9897,9897,a,77,False,False,False,1,1100
9898,q9898,9898,a,103,False,False,False,1,1139
9899,q9899,9899,b,83,False,False,False,1,1110
9900,q9900,9900,c,105,False,False,False,1,1141
9901,q9901,9901,a,74,False,False,False,1,1094
9902,q9902,9902,b,83,False,False,False,1,1110
9903,q9903,9903,d,119,False,False,False,1,1162
9904,q9904,9904,b,77,False,False,False,1,1100
9905,q9905,9905,d,144,False,False,False,1,1194
9906,q9906,9906,b,120,False,False,False,1,1164
9907,q9907,9907,d,74,False,False,False,1,1094
9908,q9908,9908,c,92,False,False,False,1,1126
9909,q9909,9909,a,76,False,False,False,1,1098
9910,q9910,9910,d,85,False,False,False,1,1114
9911,q9911,9911,a,85,False,False,False,1,1114
9912,q9912,9912,c,85,False,False,False,1,1114
9913,q9913,9913,b,85,False,False,False,1,1114
9914,q9914,9914,a,85,False,False,False,1,1114
9915,q9915,9915,b,85,False,False,False,1,1114
9916,q9916,9916,b,85,False,False,False,1,1114
9917,q9917,9917,c,85,False,False,False,1,1114
9918,q9918,9918,c,85,False,False,False,1,1114
9919,q9919,9919,a,85,False,False,False,1,1114
9920,q9920,9920,d,85,False,False,False,1,1114
9921,q9921,9921,d,85,False,False,False,1,1114
9922,q9922,9922,c,85,False,False,False,1,1114
9923,q9923,9923,c,85,False,False,False,1,1114
9924,q9924,9924,c,85,False,False,False,1,1114
9925,q9925,9925,c,85,False,False,False,1,1114
9926,q9926,9926,a,85,False,False,False,1,1114
9927,q9927,9927,b,85,False,False,False,1,1114
9928,q9928,9928,d,85,False,False,False,1,1114
9929,q9929,9929,b,85,False,False,False,1,1114
9930,q9930,9930,a,85,False,False,False,1,1114
9931,q9931,9931,c,85,False,False,False,1,1114
9932,q9932,9932,c,85,False,False,False,1,1114
9933,q9933,9933,a,85,False,False,False,1,1114
9934,q9934,9934,d,85,False,False,False,1,1114
9935,q9935,9935,c,77,False,False,False,1,1100
9936,q9936,9936,c,77,False,False,False,1,1100
9937,q9937,9937,d,77,False,False,False,1,1100
9938,q9938,9938,c,77,False,False,False,1,1100
9939,q9939,9939,a,77,False,False,False,1,1100
9940,q9940,9940,c,77,False,False,False,1,1100
9941,q9941,9941,b,77,False,False,False,1,1100
9942,q9942,9942,a,77,False,False,False,1,1100
9943,q9943,9943,d,77,False,False,False,1,1100
9944,q9944,9944,d,77,False,False,False,1,1100
9945,q9945,9945,c,77,False,False,False,1,1100
9946,q9946,9946,d,77,False,False,False,1,1100
9947,q9947,9947,a,77,False,False,False,1,1100
9948,q9948,9948,b,77,False,False,False,1,1100
9949,q9949,9949,b,77,False,False,False,1,1100
9950,q9950,9950,a,77,False,False,False,1,1100
9951,q9951,9951,c,77,False,False,False,1,1100
9952,q9952,9952,b,77,False,False,False,1,1100
9953,q9953,9953,c,77,False,False,False,1,1100
9954,q9954,9954,d,77,False,False,False,1,1100
9955,q9955,9955,a,77,False,False,False,1,1100
9956,q9956,9956,b,106,False,False,False,1,1142
9957,q9957,9957,b,106,False,False,False,1,1142
9958,q9958,9958,d,106,False,False,False,1,1142
9959,q9959,9959,b,106,False,False,False,1,1142
9960,q9960,9960,c,76,False,False,False,1,1098
9961,q9961,9961,a,76,False,False,False,1,1098
9962,q9962,9962,b,76,False,False,False,1,1098
9963,q9963,9963,b,76,False,False,False,1,1098
9964,q9964,9964,a,76,False,False,False,1,1098
9965,q9965,9965,d,76,False,False,False,1,1098
9966,q9966,9966,a,76,False,False,False,1,1098
9967,q9967,9967,b,76,False,False,False,1,1098
9968,q9968,9968,c,76,False,False,False,1,1098
9969,q9969,9969,c,76,False,False,False,1,1098
9970,q9970,9970,d,76,False,False,False,1,1098
9971,q9971,9971,b,76,False,False,False,1,1098
9972,q9972,9972,b,76,False,False,False,1,1098
9973,q9973,9973,b,76,False,False,False,1,1098
9974,q9974,9974,a,76,False,False,False,1,1098
9975,q9975,9975,c,76,False,False,False,1,1098
9976,q9976,9976,c,76,False,False,False,1,1098
9977,q9977,9977,d,76,False,False,False,1,1098
9978,q9978,9978,b,76,False,False,False,1,1098
9979,q9979,9979,b,76,False,False,False,1,1098
9980,q9980,9980,a,76,False,False,False,1,1098
9981,q9981,9981,c,84,False,False,False,1,1112
9982,q9982,9982,d,84,False,False,False,1,1112
9983,q9983,9983,b,84,False,False,False,1,1112
9984,q9984,9984,a,84,False,False,False,1,1112
9985,q9985,9985,d,83,False,False,False,1,1110
9986,q9986,9986,d,83,False,False,False,1,1110
9987,q9987,9987,a,83,False,False,False,1,1110
9988,q9988,9988,d,83,False,False,False,1,1110
9989,q9989,9989,b,83,False,False,False,1,1110
9990,q9990,9990,b,83,False,False,False,1,1110
9991,q9991,9991,d,83,False,False,False,1,1110
9992,q9992,9992,c,83,False,False,False,1,1110
9993,q9993,9993,b,83,False,False,False,1,1110
9994,q9994,9994,b,83,False,False,False,1,1110
9995,q9995,9995,d,83,False,False,False,1,1110
9996,q9996,9996,a,83,False,False,False,1,1110
9997,q9997,9997,d,83,False,False,False,1,1110
9998,q9998,9998,a,83,False,False,False,1,1110
9999,q9999,9999,b,83,False,False,False,1,1110
10000,q10000,10000,b,83,False,False,False,1,1110
10001,q10001,10001,b,83,False,False,False,1,1110
10002,q10002,10002,d,83,False,False,False,1,1110
10003,q10003,10003,a,83,False,False,False,1,1110
10004,q10004,10004,d,83,False,False,False,1,1110
10005,q10005,10005,a,83,False,False,False,1,1110
10006,q10006,10006,c,83,False,False,False,1,1110
10007,q10007,10007,b,71,False,False,False,1,1089
10008,q10008,10008,b,71,False,False,False,1,1089
10009,q10009,10009,c,71,False,False,False,1,1089
10010,q10010,10010,c,78,False,False,False,1,1102
10011,q10011,10011,b,78,False,False,False,1,1102
10012,q10012,10012,d,78,False,False,False,1,1102
10013,q10013,10013,c,78,False,False,False,1,1102
10014,q10014,10014,b,78,False,False,False,1,1102
10015,q10015,10015,c,78,False,False,False,1,1102
10016,q10016,10016,a,78,False,False,False,1,1102
10017,q10017,10017,a,78,False,False,False,1,1102
10018,q10018,10018,c,78,False,False,False,1,1102
10019,q10019,10019,a,78,False,False,False,1,1102
10020,q10020,10020,c,78,False,False,False,1,1102
10021,q10021,10021,b,78,False,False,False,1,1102
10022,q10022,10022,a,78,False,False,False,1,1102
10023,q10023,10023,b,78,False,False,False,1,1102
10024,q10024,10024,b,78,False,False,False,1,1102
10025,q10025,10025,d,78,False,False,False,1,1102
10026,q10026,10026,b,78,False,False,False,1,1102
10027,q10027,10027,c,78,False,False,False,1,1102
10028,q10028,10028,c,78,False,False,False,1,1102
10029,q10029,10029,b,78,False,False,False,1,1102
10030,q10030,10030,c,78,False,False,False,1,1102
10031,q10031,10031,c,78,False,False,False,1,1102
10032,q10032,10032,c,78,False,False,False,1,1102
10033,q10033,10033,d,78,False,False,False,1,1102
10034,q10034,10034,b,78,False,False,False,1,1102
10035,q10035,10035,b,78,False,False,False,1,1102
10036,q10036,10036,b,78,False,False,False,1,1102
10037,q10037,10037,b,78,False,False,False,1,1102
10038,q10038,10038,c,78,False,False,False,1,1102
10039,q10039,10039,a,78,False,False,False,1,1102
10040,q10040,10040,b,78,False,False,False,1,1102
10041,q10041,10041,b,78,False,False,False,1,1102
10042,q10042,10042,d,78,False,False,False,1,1102
10043,q10043,10043,b,78,False,False,False,1,1102
10044,q10044,10044,a,78,False,False,False,1,1102
10045,q10045,10045,a,78,False,False,False,1,1102
10046,q10046,10046,a,78,False,False,False,1,1102
10047,q10047,10047,a,78,False,False,False,1,1102
10048,q10048,10048,a,78,False,False,False,1,1102
10049,q10049,10049,a,78,False,False,False,1,1102
10050,q10050,10050,a,78,False,False,False,1,1102
10051,q10051,10051,c,78,False,False,False,1,1102
10052,q10052,10052,a,78,False,False,False,1,1102
10053,q10053,10053,a,78,False,False,False,1,1102
10054,q10054,10054,a,78,False,False,False,1,1102
10055,q10055,10055,b,78,False,False,False,1,1102
10056,q10056,10056,b,76,False,False,False,1,1098
10057,q10057,10057,c,76,False,False,False,1,1098
10058,q10058,10058,c,76,False,False,False,1,1098
10059,q10059,10059,a,76,False,False,False,1,1098
10060,q10060,10060,b,76,False,False,False,1,1098
10061,q10061,10061,c,76,False,False,False,1,1098
10062,q10062,10062,b,76,False,False,False,1,1098
10063,q10063,10063,d,76,False,False,False,1,1098
10064,q10064,10064,b,76,False,False,False,1,1098
10065,q10065,10065,b,76,False,False,False,1,1098
10066,q10066,10066,a,76,False,False,False,1,1098
10067,q10067,10067,d,76,False,False,False,1,1098
10068,q10068,10068,c,76,False,False,False,1,1098
10069,q10069,10069,d,76,False,False,False,1,1098
10070,q10070,10070,a,76,False,False,False,1,1098
10071,q10071,10071,a,76,False,False,False,1,1098
10072,q10072,10072,b,76,False,False,False,1,1098
10073,q10073,10073,a,76,False,False,False,1,1098
10074,q10074,10074,c,76,False,False,False,1,1098
10075,q10075,10075,d,76,False,False,False,1,1098
10076,q10076,10076,b,76,False,False,False,1,1098
10077,q10077,10077,a,84,False,False,False,1,1112
10078,q10078,10078,b,84,False,False,False,1,1112
10079,q10079,10079,d,84,False,False,False,1,1112
10080,q10080,10080,a,84,False,False,False,1,1112
10081,q10081,10081,d,83,False,False,False,1,1110
10082,q10082,10082,d,83,False,False,False,1,1110
10083,q10083,10083,a,83,False,False,False,1,1110
10084,q10084,10084,b,83,False,False,False,1,1110
10085,q10085,10085,c,83,False,False,False,1,1110
10086,q10086,10086,a,83,False,False,False,1,1110
10087,q10087,10087,b,83,False,False,False,1,1110
10088,q10088,10088,c,83,False,False,False,1,1110
10089,q10089,10089,a,83,False,False,False,1,1110
10090,q10090,10090,a,83,False,False,False,1,1110
10091,q10091,10091,d,83,False,False,False,1,1110
10092,q10092,10092,d,83,False,False,False,1,1110
10093,q10093,10093,b,83,False,False,False,1,1110
10094,q10094,10094,c,83,False,False,False,1,1110
10095,q10095,10095,a,83,False,False,False,1,1110
10096,q10096,10096,a,83,False,False,False,1,1110
10097,q10097,10097,c,83,False,False,False,1,1110
10098,q10098,10098,d,83,False,False,False,1,1110
10099,q10099,10099,c,83,False,False,False,1,1110
10100,q10100,10100,a,83,False,False,False,1,1110
10101,q10101,10101,c,83,False,False,False,1,1110
10102,q10102,10102,b,84,False,False,False,1,1112
10103,q10103,10103,b,71,False,False,False,1,1089
10104,q10104,10104,c,132,False,False,False,1,1181
10105,q10105,10105,d,83,False,False,False,1,1110
10106,q10106,10106,d,108,False,False,False,1,1145
10107,q10107,10107,a,107,False,False,False,1,1144
10108,q10108,10108,d,107,False,False,False,1,1144
10109,q10109,10109,b,83,False,False,False,1,1110
10110,q10110,10110,c,77,False,False,False,1,1100
10111,q10111,10111,b,77,False,False,False,1,1100
10112,q10112,10112,b,76,False,False,False,1,1098
10113,q10113,10113,b,77,False,False,False,1,1100
10114,q10114,10114,d,85,False,False,False,1,1114
10115,q10115,10115,c,85,False,False,False,1,1114
10116,q10116,10116,c,85,False,False,False,1,1114
10117,q10117,10117,b,77,False,False,False,1,1100
10118,q10118,10118,c,85,False,False,False,1,1114
10119,q10119,10119,c,77,False,False,False,1,1100
10120,q10120,10120,d,77,False,False,False,1,1100
10121,q10121,10121,d,77,False,False,False,1,1100
10122,q10122,10122,c,85,False,False,False,1,1114
10123,q10123,10123,a,83,False,False,False,1,1110
10124,q10124,10124,a,83,False,False,False,1,1110
10125,q10125,10125,d,85,False,False,False,1,1114
10126,q10126,10126,c,85,False,False,False,1,1114
10127,q10127,10127,b,85,False,False,False,1,1114
10128,q10128,10128,d,83,False,False,False,1,1110
10129,q10129,10129,c,76,False,False,False,1,1098
10130,q10130,10130,a,76,False,False,False,1,1098
10131,q10131,10131,a,77,False,False,False,1,1100
10132,q10132,10132,c,76,False,False,False,1,1098
10133,q10133,10133,d,83,False,False,False,1,1110
10134,q10134,10134,a,77,False,False,False,1,1100
10135,q10135,10135,a,85,False,False,False,1,1114
10136,q10136,10136,d,77,False,False,False,1,1100
10137,q10137,10137,a,77,False,False,False,1,1100
10138,q10138,10138,b,77,False,False,False,1,1100
10139,q10139,10139,b,85,False,False,False,1,1114
10140,q10140,10140,c,77,False,False,False,1,1100
10141,q10141,10141,c,85,False,False,False,1,1114
10142,q10142,10142,b,76,False,False,False,1,1098
10143,q10143,10143,b,85,False,False,False,1,1114
10144,q10144,10144,a,77,False,False,False,1,1100
10145,q10145,10145,b,85,False,False,False,1,1114
10146,q10146,10146,b,85,False,False,False,1,1114
10147,q10147,10147,d,76,False,False,False,1,1098
10148,q10148,10148,b,78,False,False,False,1,1102
10149,q10149,10149,c,85,False,False,False,1,1114
10150,q10150,10150,d,83,False,False,False,1,1110
10151,q10151,10151,b,83,False,False,False,1,1110
10152,q10152,10152,a,83,False,False,False,1,1110
10153,q10153,10153,b,77,False,False,False,1,1100
10154,q10154,10154,b,85,False,False,False,1,1114
10155,q10155,10155,c,77,False,False,False,1,1100
10156,q10156,10156,d,85,False,False,False,1,1114
10157,q10157,10157,b,85,False,False,False,1,1114
10158,q10158,10158,a,85,False,False,False,1,1114
10159,q10159,10159,d,85,False,False,False,1,1114
10160,q10160,10160,c,85,False,False,False,1,1114
10161,q10161,10161,b,85,False,False,False,1,1114
10162,q10162,10162,a,85,False,False,False,1,1114
10163,q10163,10163,c,85,False,False,False,1,1114
10164,q10164,10164,c,85,False,False,False,1,1114
10165,q10165,10165,d,85,False,False,False,1,1114
10166,q10166,10166,d,85,False,False,False,1,1114
10167,q10167,10167,a,85,False,False,False,1,1114
10168,q10168,10168,a,85,False,False,False,1,1114
10169,q10169,10169,b,85,False,False,False,1,1114
10170,q10170,10170,c,85,False,False,False,1,1114
10171,q10171,10171,d,85,False,False,False,1,1114
10172,q10172,10172,a,85,False,False,False,1,1114
10173,q10173,10173,a,85,False,False,False,1,1114
10174,q10174,10174,d,85,False,False,False,1,1114
10175,q10175,10175,d,85,False,False,False,1,1114
10176,q10176,10176,a,85,False,False,False,1,1114
10177,q10177,10177,b,85,False,False,False,1,1114
10178,q10178,10178,b,85,False,False,False,1,1114
10179,q10179,10179,a,85,False,False,False,1,1114
10180,q10180,10180,d,85,False,False,False,1,1114
10181,q10181,10181,b,77,False,False,False,1,1100
10182,q10182,10182,c,77,False,False,False,1,1100
10183,q10183,10183,d,77,False,False,False,1,1100
10184,q10184,10184,d,77,False,False,False,1,1100
10185,q10185,10185,d,77,False,False,False,1,1100
10186,q10186,10186,a,77,False,False,False,1,1100
10187,q10187,10187,b,77,False,False,False,1,1100
10188,q10188,10188,a,77,False,False,False,1,1100
10189,q10189,10189,a,77,False,False,False,1,1100
10190,q10190,10190,b,77,False,False,False,1,1100
10191,q10191,10191,c,77,False,False,False,1,1100
10192,q10192,10192,c,77,False,False,False,1,1100
10193,q10193,10193,a,77,False,False,False,1,1100
10194,q10194,10194,c,77,False,False,False,1,1100
10195,q10195,10195,b,77,False,False,False,1,1100
10196,q10196,10196,d,77,False,False,False,1,1100
10197,q10197,10197,a,77,False,False,False,1,1100
10198,q10198,10198,b,77,False,False,False,1,1100
10199,q10199,10199,c,77,False,False,False,1,1100
10200,q10200,10200,d,77,False,False,False,1,1100
10201,q10201,10201,d,77,False,False,False,1,1100
10202,q10202,10202,c,82,False,False,False,1,1109
10203,q10203,10203,b,106,False,False,False,1,1142
10204,q10204,10204,d,106,False,False,False,1,1142
10205,q10205,10205,a,106,False,False,False,1,1142
10206,q10206,10206,c,76,False,False,False,1,1098
10207,q10207,10207,c,76,False,False,False,1,1098
10208,q10208,10208,b,76,False,False,False,1,1098
10209,q10209,10209,b,76,False,False,False,1,1098
10210,q10210,10210,a,76,False,False,False,1,1098
10211,q10211,10211,b,76,False,False,False,1,1098
10212,q10212,10212,d,76,False,False,False,1,1098
10213,q10213,10213,c,76,False,False,False,1,1098
10214,q10214,10214,d,76,False,False,False,1,1098
10215,q10215,10215,b,76,False,False,False,1,1098
10216,q10216,10216,c,76,False,False,False,1,1098
10217,q10217,10217,b,76,False,False,False,1,1098
10218,q10218,10218,a,76,False,False,False,1,1098
10219,q10219,10219,b,76,False,False,False,1,1098
10220,q10220,10220,b,76,False,False,False,1,1098
10221,q10221,10221,d,76,False,False,False,1,1098
10222,q10222,10222,a,76,False,False,False,1,1098
10223,q10223,10223,c,76,False,False,False,1,1098
10224,q10224,10224,c,76,False,False,False,1,1098
10225,q10225,10225,a,76,False,False,False,1,1098
10226,q10226,10226,b,76,False,False,False,1,1098
10227,q10227,10227,d,84,False,False,False,1,1112
10228,q10228,10228,c,84,False,False,False,1,1112
10229,q10229,10229,b,84,False,False,False,1,1112
10230,q10230,10230,a,84,False,False,False,1,1112
10231,q10231,10231,b,83,False,False,False,1,1110
10232,q10232,10232,a,83,False,False,False,1,1110
10233,q10233,10233,a,83,False,False,False,1,1110
10234,q10234,10234,d,83,False,False,False,1,1110
10235,q10235,10235,d,83,False,False,False,1,1110
10236,q10236,10236,d,83,False,False,False,1,1110
10237,q10237,10237,c,83,False,False,False,1,1110
10238,q10238,10238,c,83,False,False,False,1,1110
10239,q10239,10239,b,83,False,False,False,1,1110
10240,q10240,10240,a,83,False,False,False,1,1110
10241,q10241,10241,a,83,False,False,False,1,1110
10242,q10242,10242,d,83,False,False,False,1,1110
10243,q10243,10243,c,83,False,False,False,1,1110
10244,q10244,10244,c,83,False,False,False,1,1110
10245,q10245,10245,a,83,False,False,False,1,1110
10246,q10246,10246,d,83,False,False,False,1,1110
10247,q10247,10247,b,83,False,False,False,1,1110
10248,q10248,10248,a,83,False,False,False,1,1110
10249,q10249,10249,c,83,False,False,False,1,1110
10250,q10250,10250,d,83,False,False,False,1,1110
10251,q10251,10251,b,83,False,False,False,1,1110
10252,q10252,10252,b,132,False,False,False,1,1181
10253,q10253,10253,c,132,False,False,False,1,1181
10254,q10254,10254,c,132,False,False,False,1,1181
10255,q10255,10255,a,132,False,False,False,1,1181
10256,q10256,10256,d,77,False,False,False,1,1100
10257,q10257,10257,c,76,False,False,False,1,1098
10258,q10258,10258,c,77,False,False,False,1,1100
10259,q10259,10259,d,83,False,False,False,1,1110
10260,q10260,10260,c,76,False,False,False,1,1098
10261,q10261,10261,b,76,False,False,False,1,1098
10262,q10262,10262,a,76,False,False,False,1,1098
10263,q10263,10263,c,77,False,False,False,1,1100
10264,q10264,10264,c,77,False,False,False,1,1100
10265,q10265,10265,a,85,False,False,False,1,1114
10266,q10266,10266,a,77,False,False,False,1,1100
10267,q10267,10267,b,85,False,False,False,1,1114
10268,q10268,10268,c,77,False,False,False,1,1100
10269,q10269,10269,b,76,False,False,False,1,1098
10270,q10270,10270,c,76,False,False,False,1,1098
10271,q10271,10271,c,77,False,False,False,1,1100
10272,q10272,10272,b,76,False,False,False,1,1098
10273,q10273,10273,c,85,False,False,False,1,1114
10274,q10274,10274,a,76,False,False,False,1,1098
10275,q10275,10275,c,77,False,False,False,1,1100
10276,q10276,10276,d,76,False,False,False,1,1098
10277,q10277,10277,a,77,False,False,False,1,1100
10278,q10278,10278,d,77,False,False,False,1,1100
10279,q10279,10279,b,77,False,False,False,1,1100
10280,q10280,10280,c,85,False,False,False,1,1114
10281,q10281,10281,b,85,False,False,False,1,1114
10282,q10282,10282,c,77,False,False,False,1,1100
10283,q10283,10283,a,77,False,False,False,1,1100
10284,q10284,10284,d,85,False,False,False,1,1114
10285,q10285,10285,d,76,False,False,False,1,1098
10286,q10286,10286,c,76,False,False,False,1,1098
10287,q10287,10287,b,76,False,False,False,1,1098
10288,q10288,10288,d,77,False,False,False,1,1100
10289,q10289,10289,a,77,False,False,False,1,1100
10290,q10290,10290,d,77,False,False,False,1,1100
10291,q10291,10291,d,85,False,False,False,1,1114
10292,q10292,10292,a,85,False,False,False,1,1114
10293,q10293,10293,d,85,False,False,False,1,1114
10294,q10294,10294,d,85,False,False,False,1,1114
10295,q10295,10295,b,76,False,False,False,1,1098
10296,q10296,10296,b,85,False,False,False,1,1114
10297,q10297,10297,a,83,False,False,False,1,1110
10298,q10298,10298,b,85,False,False,False,1,1114
10299,q10299,10299,d,85,False,False,False,1,1114
10300,q10300,10300,c,76,False,False,False,1,1098
10301,q10301,10301,a,85,False,False,False,1,1114
10302,q10302,10302,b,76,False,False,False,1,1098
10303,q10303,10303,a,77,False,False,False,1,1100
10304,q10304,10304,c,76,False,False,False,1,1098
10305,q10305,10305,a,85,False,False,False,1,1114
10306,q10306,10306,c,88,False,False,False,1,1120
10307,q10307,10307,c,83,False,False,False,1,1110
10308,q10308,10308,a,120,False,False,False,1,1164
10309,q10309,10309,a,74,False,False,False,1,1094
10310,q10310,10310,b,85,False,False,False,1,1114
10311,q10311,10311,d,71,False,False,False,1,1089
10312,q10312,10312,b,78,False,False,False,1,1102
10313,q10313,10313,c,100,False,False,False,1,1136
10314,q10314,10314,d,74,False,False,False,1,1094
10315,q10315,10315,c,86,False,False,False,1,1116
10316,q10316,10316,a,83,False,False,False,1,1110
10317,q10317,10317,b,85,False,False,False,1,1114
10318,q10318,10318,b,130,False,False,False,1,1178
10319,q10319,10319,b,84,False,False,False,1,1112
10320,q10320,10320,c,76,False,False,False,1,1098
10321,q10321,10321,b,73,False,False,False,1,1092
10322,q10322,10322,d,83,False,False,False,1,1110
10323,q10323,10323,b,96,False,False,False,1,1131
10324,q10324,10324,c,77,False,False,False,1,1100
10325,q10325,10325,a,94,False,False,False,1,1128
10326,q10326,10326,a,77,False,False,False,1,1100
10327,q10327,10327,d,71,False,False,False,1,1089
10328,q10328,10328,b,78,False,False,False,1,1102
10329,q10329,10329,c,131,False,False,False,1,1180
10330,q10330,10330,c,74,False,False,False,1,1094
10331,q10331,10331,a,86,False,False,False,1,1116
10332,q10332,10332,d,85,False,False,False,1,1114
10333,q10333,10333,a,99,False,False,False,1,1134
10334,q10334,10334,d,78,False,False,False,1,1102
10335,q10335,10335,d,77,False,False,False,1,1100
10336,q10336,10336,b,74,False,False,False,1,1094
10337,q10337,10337,d,85,False,False,False,1,1114
10338,q10338,10338,d,143,False,False,False,1,1192
10339,q10339,10339,b,120,False,False,False,1,1164
10340,q10340,10340,a,77,False,False,False,1,1100
10341,q10341,10341,b,85,False,False,False,1,1114
10342,q10342,10342,b,143,False,False,False,1,1192
10343,q10343,10343,c,78,False,False,False,1,1102
10344,q10344,10344,a,73,False,False,False,1,1092
10345,q10345,10345,c,85,False,False,False,1,1114
10346,q10346,10346,b,143,False,False,False,1,1192
10347,q10347,10347,a,106,False,False,False,1,1142
10348,q10348,10348,c,83,False,False,False,1,1110
10349,q10349,10349,d,77,False,False,False,1,1100
10350,q10350,10350,c,143,False,False,False,1,1192
10351,q10351,10351,a,124,False,False,False,1,1170
10352,q10352,10352,d,85,False,False,False,1,1114
10353,q10353,10353,c,106,False,False,False,1,1142
10354,q10354,10354,d,143,False,False,False,1,1192
10355,q10355,10355,d,78,False,False,False,1,1102
10356,q10356,10356,d,128,False,False,False,1,1174
10357,q10357,10357,c,143,False,False,False,1,1192
10358,q10358,10358,d,100,False,False,False,1,1136
10359,q10359,10359,a,85,False,False,False,1,1114
10360,q10360,10360,d,76,False,False,False,1,1098
10361,q10361,10361,a,143,False,False,False,1,1192
10362,q10362,10362,a,77,False,False,False,1,1100
10363,q10363,10363,b,86,False,False,False,1,1116
10364,q10364,10364,d,134,False,False,False,1,1183
10365,q10365,10365,b,143,False,False,False,1,1192
10366,q10366,10366,b,85,False,False,False,1,1114
10367,q10367,10367,d,90,False,False,False,1,1123
10368,q10368,10368,b,<UNTAGGED>,True,False,False,0,1
10369,q10369,10369,b,<UNTAGGED>,True,False,False,0,1
10370,q10370,10370,d,<UNTAGGED>,True,False,False,0,1
10371,q10371,10371,d,<UNTAGGED>,True,False,False,0,1
10372,q10372,10372,a,<UNTAGGED>,True,False,False,0,1
10373,q10373,10373,d,<UNTAGGED>,True,False,False,0,1
10374,q10374,10374,a,<UNTAGGED>,True,False,False,0,1
10375,q10375,10375,c,<UNTAGGED>,True,False,False,0,1
10376,q10376,10376,c,<UNTAGGED>,True,False,False,0,1
10377,q10377,10377,a,<UNTAGGED>,True,False,False,0,1
10378,q10378,10378,a,<UNTAGGED>,True,False,False,0,1
10379,q10379,10379,b,<UNTAGGED>,True,False,False,0,1
10380,q10380,10380,d,<UNTAGGED>,True,False,False,0,1
10381,q10381,10381,a,<UNTAGGED>,True,False,False,0,1
10382,q10382,10382,b,<UNTAGGED>,True,False,False,0,1
10383,q10383,10383,d,<UNTAGGED>,True,False,False,0,1
10384,q10384,10384,b,<UNTAGGED>,True,False,False,0,1
10385,q10385,10385,a,<UNTAGGED>,True,False,False,0,1
10386,q10386,10386,c,<UNTAGGED>,True,False,False,0,1
10387,q10387,10387,d,<UNTAGGED>,True,False,False,0,1
10388,q10388,10388,c,<UNTAGGED>,True,False,False,0,1
10389,q10389,10389,b,<UNTAGGED>,True,False,False,0,1
10390,q10390,10390,b,<UNTAGGED>,True,False,False,0,1
10391,q10391,10391,b,<UNTAGGED>,True,False,False,0,1
10392,q10392,10392,d,<UNTAGGED>,True,False,False,0,1
10393,q10393,10393,b,<UNTAGGED>,True,False,False,0,1
10394,q10394,10394,a,<UNTAGGED>,True,False,False,0,1
10395,q10395,10395,a,<UNTAGGED>,True,False,False,0,1
10396,q10396,10396,c,<UNTAGGED>,True,False,False,0,1
10397,q10397,10397,a,<UNTAGGED>,True,False,False,0,1
10398,q10398,10398,d,<UNTAGGED>,True,False,False,0,1
10399,q10399,10399,c,<UNTAGGED>,True,False,False,0,1
10400,q10400,10400,a,<UNTAGGED>,True,False,False,0,1
10401,q10401,10401,d,<UNTAGGED>,True,False,False,0,1
10402,q10402,10402,a,<UNTAGGED>,True,False,False,0,1
10403,q10403,10403,d,<UNTAGGED>,True,False,False,0,1
10404,q10404,10404,b,<UNTAGGED>,True,False,False,0,1
10405,q10405,10405,a,<UNTAGGED>,True,False,False,0,1
10406,q10406,10406,c,<UNTAGGED>,True,False,False,0,1
10407,q10407,10407,a,<UNTAGGED>,True,False,False,0,1
10408,q10408,10408,b,<UNTAGGED>,True,False,False,0,1
10409,q10409,10409,a,<UNTAGGED>,True,False,False,0,1
10410,q10410,10410,a,<UNTAGGED>,True,False,False,0,1
10411,q10411,10411,d,<UNTAGGED>,True,False,False,0,1
10412,q10412,10412,b,<UNTAGGED>,True,False,False,0,1
10413,q10413,10413,b,<UNTAGGED>,True,False,False,0,1
10414,q10414,10414,a,<UNTAGGED>,True,False,False,0,1
10415,q10415,10415,a,<UNTAGGED>,True,False,False,0,1
10416,q10416,10416,d,<UNTAGGED>,True,False,False,0,1
10417,q10417,10417,b,<UNTAGGED>,True,False,False,0,1
10418,q10418,10418,d,<UNTAGGED>,True,False,False,0,1
10419,q10419,10419,c,<UNTAGGED>,True,False,False,0,1
10420,q10420,10420,a,<UNTAGGED>,True,False,False,0,1
10421,q10421,10421,d,<UNTAGGED>,True,False,False,0,1
10422,q10422,10422,c,<UNTAGGED>,True,False,False,0,1
10423,q10423,10423,a,<UNTAGGED>,True,False,False,0,1
10424,q10424,10424,d,<UNTAGGED>,True,False,False,0,1
10425,q10425,10425,d,<UNTAGGED>,True,False,False,0,1
10426,q10426,10426,c,<UNTAGGED>,True,False,False,0,1
10427,q10427,10427,d,<UNTAGGED>,True,False,False,0,1
10428,q10428,10428,a,<UNTAGGED>,True,False,False,0,1
10429,q10429,10429,b,<UNTAGGED>,True,False,False,0,1
10430,q10430,10430,b,<UNTAGGED>,True,False,False,0,1
10431,q10431,10431,c,<UNTAGGED>,True,False,False,0,1
10432,q10432,10432,d,<UNTAGGED>,True,False,False,0,1
10433,q10433,10433,d,<UNTAGGED>,True,False,False,0,1
10434,q10434,10434,c,<UNTAGGED>,True,False,False,0,1
10435,q10435,10435,b,<UNTAGGED>,True,False,False,0,1
10436,q10436,10436,a,<UNTAGGED>,True,False,False,0,1
10437,q10437,10437,b,<UNTAGGED>,True,False,False,0,1
10438,q10438,10438,a,<UNTAGGED>,True,False,False,0,1
10439,q10439,10439,d,<UNTAGGED>,True,False,False,0,1
10440,q10440,10440,b,<UNTAGGED>,True,False,False,0,1
10441,q10441,10441,a,<UNTAGGED>,True,False,False,0,1
10442,q10442,10442,a,<UNTAGGED>,True,False,False,0,1
10443,q10443,10443,d,<UNTAGGED>,True,False,False,0,1
10444,q10444,10444,c,<UNTAGGED>,True,False,False,0,1
10445,q10445,10445,c,<UNTAGGED>,True,False,False,0,1
10446,q10446,10446,d,<UNTAGGED>,True,False,False,0,1
10447,q10447,10447,b,<UNTAGGED>,True,False,False,0,1
10448,q10448,10448,c,<UNTAGGED>,True,False,False,0,1
10449,q10449,10449,d,<UNTAGGED>,True,False,False,0,1
10450,q10450,10450,b,<UNTAGGED>,True,False,False,0,1
10451,q10451,10451,d,<UNTAGGED>,True,False,False,0,1
10452,q10452,10452,a,<UNTAGGED>,True,False,False,0,1
10453,q10453,10453,a,<UNTAGGED>,True,False,False,0,1
10454,q10454,10454,a,<UNTAGGED>,True,False,False,0,1
10455,q10455,10455,d,<UNTAGGED>,True,False,False,0,1
10456,q10456,10456,b,<UNTAGGED>,True,False,False,0,1
10457,q10457,10457,c,<UNTAGGED>,True,False,False,0,1
10458,q10458,10458,a,<UNTAGGED>,True,False,False,0,1
10459,q10459,10459,c,<UNTAGGED>,True,False,False,0,1
10460,q10460,10460,b,<UNTAGGED>,True,False,False,0,1
10461,q10461,10461,b,<UNTAGGED>,True,False,False,0,1
10462,q10462,10462,a,<UNTAGGED>,True,False,False,0,1
10463,q10463,10463,c,<UNTAGGED>,True,False,False,0,1
10464,q10464,10464,c,<UNTAGGED>,True,False,False,0,1
10465,q10465,10465,b,<UNTAGGED>,True,False,False,0,1
10466,q10466,10466,c,<UNTAGGED>,True,False,False,0,1
10467,q10467,10467,b,<UNTAGGED>,True,False,False,0,1
10468,q10468,10468,c,<UNTAGGED>,True,False,False,0,1
10469,q10469,10469,b,<UNTAGGED>,True,False,False,0,1
10470,q10470,10470,b,<UNTAGGED>,True,False,False,0,1
10471,q10471,10471,a,<UNTAGGED>,True,False,False,0,1
10472,q10472,10472,d,<UNTAGGED>,True,False,False,0,1
10473,q10473,10473,a,<UNTAGGED>,True,False,False,0,1
10474,q10474,10474,d,<UNTAGGED>,True,False,False,0,1
10475,q10475,10475,c,<UNTAGGED>,True,False,False,0,1
10476,q10476,10476,a,<UNTAGGED>,True,False,False,0,1
10477,q10477,10477,b,<UNTAGGED>,True,False,False,0,1
10478,q10478,10478,a,<UNTAGGED>,True,False,False,0,1
10479,q10479,10479,b,<UNTAGGED>,True,False,False,0,1
10480,q10480,10480,d,<UNTAGGED>,True,False,False,0,1
10481,q10481,10481,c,<UNTAGGED>,True,False,False,0,1
10482,q10482,10482,a,<UNTAGGED>,True,False,False,0,1
10483,q10483,10483,a,<UNTAGGED>,True,False,False,0,1
10484,q10484,10484,d,<UNTAGGED>,True,False,False,0,1
10485,q10485,10485,a,<UNTAGGED>,True,False,False,0,1
10486,q10486,10486,d,<UNTAGGED>,True,False,False,0,1
10487,q10487,10487,c,<UNTAGGED>,True,False,False,0,1
10488,q10488,10488,a,<UNTAGGED>,True,False,False,0,1
10489,q10489,10489,b,<UNTAGGED>,True,False,False,0,1
10490,q10490,10490,b,<UNTAGGED>,True,False,False,0,1
10491,q10491,10491,d,<UNTAGGED>,True,False,False,0,1
10492,q10492,10492,c,<UNTAGGED>,True,False,False,0,1
10493,q10493,10493,b,<UNTAGGED>,True,False,False,0,1
10494,q10494,10494,a,<UNTAGGED>,True,False,False,0,1
10495,q10495,10495,a,<UNTAGGED>,True,False,False,0,1
10496,q10496,10496,d,<UNTAGGED>,True,False,False,0,1
10497,q10497,10497,b,<UNTAGGED>,True,False,False,0,1
10498,q10498,10498,a,<UNTAGGED>,True,False,False,0,1
10499,q10499,10499,b,<UNTAGGED>,True,False,False,0,1
10500,q10500,10500,b,<UNTAGGED>,True,False,False,0,1
10501,q10501,10501,d,<UNTAGGED>,True,False,False,0,1
10502,q10502,10502,a,<UNTAGGED>,True,False,False,0,1
10503,q10503,10503,b,<UNTAGGED>,True,False,False,0,1
10504,q10504,10504,a,<UNTAGGED>,True,False,False,0,1
10505,q10505,10505,d,<UNTAGGED>,True,False,False,0,1
10506,q10506,10506,c,<UNTAGGED>,True,False,False,0,1
10507,q10507,10507,a,<UNTAGGED>,True,False,False,0,1
10508,q10508,10508,a,<UNTAGGED>,True,False,False,0,1
10509,q10509,10509,b,<UNTAGGED>,True,False,False,0,1
10510,q10510,10510,a,<UNTAGGED>,True,False,False,0,1
10511,q10511,10511,b,<UNTAGGED>,True,False,False,0,1
10512,q10512,10512,c,<UNTAGGED>,True,False,False,0,1
10513,q10513,10513,a,<UNTAGGED>,True,False,False,0,1
10514,q10514,10514,d,<UNTAGGED>,True,False,False,0,1
10515,q10515,10515,d,<UNTAGGED>,True,False,False,0,1
10516,q10516,10516,b,<UNTAGGED>,True,False,False,0,1
10517,q10517,10517,a,<UNTAGGED>,True,False,False,0,1
10518,q10518,10518,b,<UNTAGGED>,True,False,False,0,1
10519,q10519,10519,b,<UNTAGGED>,True,False,False,0,1
10520,q10520,10520,b,<UNTAGGED>,True,False,False,0,1
10521,q10521,10521,c,<UNTAGGED>,True,False,False,0,1
10522,q10522,10522,a,<UNTAGGED>,True,False,False,0,1
10523,q10523,10523,c,<UNTAGGED>,True,False,False,0,1
10524,q10524,10524,c,<UNTAGGED>,True,False,False,0,1
10525,q10525,10525,d,<UNTAGGED>,True,False,False,0,1
10526,q10526,10526,b,<UNTAGGED>,True,False,False,0,1
10527,q10527,10527,a,<UNTAGGED>,True,False,False,0,1
10528,q10528,10528,a,<UNTAGGED>,True,False,False,0,1
10529,q10529,10529,c,<UNTAGGED>,True,False,False,0,1
10530,q10530,10530,d,<UNTAGGED>,True,False,False,0,1
10531,q10531,10531,a,<UNTAGGED>,True,False,False,0,1
10532,q10532,10532,c,<UNTAGGED>,True,False,False,0,1
10533,q10533,10533,d,<UNTAGGED>,True,False,False,0,1
10534,q10534,10534,d,<UNTAGGED>,True,False,False,0,1
10535,q10535,10535,c,<UNTAGGED>,True,False,False,0,1
10536,q10536,10536,d,<UNTAGGED>,True,False,False,0,1
10537,q10537,10537,a,<UNTAGGED>,True,False,False,0,1
10538,q10538,10538,b,<UNTAGGED>,True,False,False,0,1
10539,q10539,10539,b,<UNTAGGED>,True,False,False,0,1
10540,q10540,10540,b,<UNTAGGED>,True,False,False,0,1
10541,q10541,10541,c,<UNTAGGED>,True,False,False,0,1
10542,q10542,10542,a,<UNTAGGED>,True,False,False,0,1
10543,q10543,10543,d,<UNTAGGED>,True,False,False,0,1
10544,q10544,10544,b,<UNTAGGED>,True,False,False,0,1
10545,q10545,10545,b,<UNTAGGED>,True,False,False,0,1
10546,q10546,10546,a,<UNTAGGED>,True,False,False,0,1
10547,q10547,10547,c,<UNTAGGED>,True,False,False,0,1
10548,q10548,10548,a,<UNTAGGED>,True,False,False,0,1
10549,q10549,10549,b,<UNTAGGED>,True,False,False,0,1
10550,q10550,10550,b,<UNTAGGED>,True,False,False,0,1
10551,q10551,10551,d,<UNTAGGED>,True,False,False,0,1
10552,q10552,10552,d,<UNTAGGED>,True,False,False,0,1
10553,q10553,10553,c,<UNTAGGED>,True,False,False,0,1
10554,q10554,10554,c,<UNTAGGED>,True,False,False,0,1
10555,q10555,10555,a,<UNTAGGED>,True,False,False,0,1
10556,q10556,10556,d,<UNTAGGED>,True,False,False,0,1
10557,q10557,10557,c,<UNTAGGED>,True,False,False,0,1
10558,q10558,10558,a,<UNTAGGED>,True,False,False,0,1
10559,q10559,10559,c,<UNTAGGED>,True,False,False,0,1
10560,q10560,10560,a,<UNTAGGED>,True,False,False,0,1
10561,q10561,10561,d,<UNTAGGED>,True,False,False,0,1
10562,q10562,10562,d,<UNTAGGED>,True,False,False,0,1
10563,q10563,10563,d,<UNTAGGED>,True,False,False,0,1
10564,q10564,10564,d,<UNTAGGED>,True,False,False,0,1
10565,q10565,10565,b,<UNTAGGED>,True,False,False,0,1
10566,q10566,10566,b,<UNTAGGED>,True,False,False,0,1
10567,q10567,10567,d,<UNTAGGED>,True,False,False,0,1
10568,q10568,10568,d,<UNTAGGED>,True,False,False,0,1
10569,q10569,10569,a,<UNTAGGED>,True,False,False,0,1
10570,q10570,10570,a,<UNTAGGED>,True,False,False,0,1
10571,q10571,10571,b,<UNTAGGED>,True,False,False,0,1
10572,q10572,10572,a,<UNTAGGED>,True,False,False,0,1
10573,q10573,10573,d,<UNTAGGED>,True,False,False,0,1
10574,q10574,10574,c,<UNTAGGED>,True,False,False,0,1
10575,q10575,10575,c,<UNTAGGED>,True,False,False,0,1
10576,q10576,10576,c,<UNTAGGED>,True,False,False,0,1
10577,q10577,10577,b,<UNTAGGED>,True,False,False,0,1
10578,q10578,10578,a,<UNTAGGED>,True,False,False,0,1
10579,q10579,10579,c,<UNTAGGED>,True,False,False,0,1
10580,q10580,10580,d,<UNTAGGED>,True,False,False,0,1
10581,q10581,10581,a,<UNTAGGED>,True,False,False,0,1
10582,q10582,10582,a,<UNTAGGED>,True,False,False,0,1
10583,q10583,10583,d,<UNTAGGED>,True,False,False,0,1
10584,q10584,10584,a,<UNTAGGED>,True,False,False,0,1
10585,q10585,10585,a,<UNTAGGED>,True,False,False,0,1
10586,q10586,10586,b,<UNTAGGED>,True,False,False,0,1
10587,q10587,10587,c,<UNTAGGED>,True,False,False,0,1
10588,q10588,10588,b,<UNTAGGED>,True,False,False,0,1
10589,q10589,10589,b,<UNTAGGED>,True,False,False,0,1
10590,q10590,10590,d,<UNTAGGED>,True,False,False,0,1
10591,q10591,10591,a,<UNTAGGED>,True,False,False,0,1
10592,q10592,10592,c,<UNTAGGED>,True,False,False,0,1
10593,q10593,10593,a,<UNTAGGED>,True,False,False,0,1
10594,q10594,10594,d,<UNTAGGED>,True,False,False,0,1
10595,q10595,10595,c,<UNTAGGED>,True,False,False,0,1
10596,q10596,10596,b,<UNTAGGED>,True,False,False,0,1
10597,q10597,10597,b,<UNTAGGED>,True,False,False,0,1
10598,q10598,10598,c,118,False,False,False,1,1161
10599,q10599,10599,c,120,False,False,False,1,1164
10600,q10600,10600,d,143,False,False,False,1,1192
10601,q10601,10601,a,105,False,False,False,1,1141
10602,q10602,10602,d,84,False,False,False,1,1112
10603,q10603,10603,b,114,False,False,False,1,1155
10604,q10604,10604,a,77,False,False,False,1,1100
10605,q10605,10605,b,143,False,False,False,1,1192
10606,q10606,10606,a,109,False,False,False,1,1147
10607,q10607,10607,c,86,False,False,False,1,1116
10608,q10608,10608,d,135,False,False,False,1,1185
10609,q10609,10609,b,143,False,False,False,1,1192
10610,q10610,10610,c,120,False,False,False,1,1164
10611,q10611,10611,d,135,False,False,False,1,1185
10612,q10612,10612,d,143,False,False,False,1,1192
10613,q10613,10613,b,74,False,False,False,1,1094
10614,q10614,10614,a,85,False,False,False,1,1114
10615,q10615,10615,a,143,False,False,False,1,1192
10616,q10616,10616,b,129,False,False,False,1,1176
10617,q10617,10617,c,77,False,False,False,1,1100
10618,q10618,10618,c,143,False,False,False,1,1192
10619,q10619,10619,a,85,False,False,False,1,1114
10620,q10620,10620,d,112,False,False,False,1,1152
10621,q10621,10621,b,85,False,False,False,1,1114
10622,q10622,10622,d,143,False,False,False,1,1192
10623,q10623,10623,d,77,False,False,False,1,1100
10624,q10624,10624,c,85,False,False,False,1,1114
10625,q10625,10625,b,73,False,False,False,1,1092
10626,q10626,10626,b,74,False,False,False,1,1094
10627,q10627,10627,a,143,False,False,False,1,1192
10628,q10628,10628,d,93,False,False,False,1,1127
10629,q10629,10629,c,77,False,False,False,1,1100
10630,q10630,10630,a,77,False,False,False,1,1100
10631,q10631,10631,b,129,False,False,False,1,1176
10632,q10632,10632,b,85,False,False,False,1,1114
10633,q10633,10633,d,143,False,False,False,1,1192
10634,q10634,10634,b,76,False,False,False,1,1098
10635,q10635,10635,a,77,False,False,False,1,1100
10636,q10636,10636,b,116,False,False,False,1,1158
10637,q10637,10637,c,143,False,False,False,1,1192
10638,q10638,10638,c,99,False,False,False,1,1134
10639,q10639,10639,c,99,False,False,False,1,1134
10640,q10640,10640,d,77,False,False,False,1,1100
10641,q10641,10641,a,143,False,False,False,1,1192
10642,q10642,10642,b,98,False,False,False,1,1133
10643,q10643,10643,d,72,False,False,False,1,1091
10644,q10644,10644,a,85,False,False,False,1,1114
10645,q10645,10645,d,143,False,False,False,1,1192
10646,q10646,10646,c,85,False,False,False,1,1114
10647,q10647,10647,c,143,False,False,False,1,1192
10648,q10648,10648,b,83,False,False,False,1,1110
10649,q10649,10649,a,120,False,False,False,1,1164
10650,q10650,10650,c,71,False,False,False,1,1089
10651,q10651,10651,d,90,False,False,False,1,1123
10652,q10652,10652,b,143,False,False,False,1,1192
10653,q10653,10653,a,77,False,False,False,1,1100
10654,q10654,10654,c,74,False,False,False,1,1094
10655,q10655,10655,b,77,False,False,False,1,1100
10656,q10656,10656,a,143,False,False,False,1,1192
10657,q10657,10657,d,130,False,False,False,1,1178
10658,q10658,10658,d,143,False,False,False,1,1192
10659,q10659,10659,a,76,False,False,False,1,1098
10660,q10660,10660,b,78,False,False,False,1,1102
10661,q10661,10661,b,98,False,False,False,1,1133
10662,q10662,10662,b,77,False,False,False,1,1100
10663,q10663,10663,b,143,False,False,False,1,1192
10664,q10664,10664,a,83,False,False,False,1,1110
10665,q10665,10665,c,85,False,False,False,1,1114
10666,q10666,10666,d,92,False,False,False,1,1126
10667,q10667,10667,d,85,False,False,False,1,1114
10668,q10668,10668,c,143,False,False,False,1,1192
10669,q10669,10669,b,130,False,False,False,1,1178
10670,q10670,10670,d,53;60;181,False,True,False,3,685
10671,q10671,10671,c,56;60;181,False,True,False,3,917
10672,q10672,10672,a,54;60;181,False,True,False,3,762
10673,q10673,10673,b,53;59;184,False,True,False,3,678
10674,q10674,10674,c,52;59;184,False,True,False,3,575
10675,q10675,10675,c,54;59;184,False,True,False,3,757
10676,q10676,10676,d,53;59;185,False,True,False,3,679
10677,q10677,10677,b,54;59;185,False,True,False,3,758
10678,q10678,10678,a,55;59;185,False,True,False,3,844
10679,q10679,10679,d,56;60;183,False,True,False,3,919
10680,q10680,10680,c,54;60;183,False,True,False,3,764
10681,q10681,10681,b,54;60;183,False,True,False,3,764
10682,q10682,10682,c,56;68;184,False,True,False,3,967
10683,q10683,10683,d,54;68;184,False,True,False,3,804
10684,q10684,10684,b,55;68;184,False,True,False,3,880
10685,q10685,10685,d,53;63;181,False,True,False,3,696
10686,q10686,10686,a,52;63;181,False,True,False,3,600
10687,q10687,10687,b,52;63;181,False,True,False,3,600
10688,q10688,10688,d,56;67;183,False,True,False,3,961
10689,q10689,10689,b,54;67;183,False,True,False,3,799
10690,q10690,10690,b,54;67;183,False,True,False,3,799
10691,q10691,10691,c,56;59;185,False,True,False,3,914
10692,q10692,10692,c,52;59;185,False,True,False,3,576
10693,q10693,10693,b,54;59;185,False,True,False,3,758
10694,q10694,10694,d,53;63;181,False,True,False,3,696
10695,q10695,10695,b,52;63;181,False,True,False,3,600
10696,q10696,10696,a,54;63;181,False,True,False,3,775
10697,q10697,10697,d,56;60;184,False,True,False,3,920
10698,q10698,10698,d,54;60;184,False,True,False,3,765
10699,q10699,10699,a,52;60;184,False,True,False,3,584
10700,q10700,10700,b,142,False,False,False,1,1191
10701,q10701,10701,a,143,False,False,False,1,1192
10702,q10702,10702,d,74,False,False,False,1,1094
10703,q10703,10703,d,85,False,False,False,1,1114
10704,q10704,10704,c,143,False,False,False,1,1192
10705,q10705,10705,d,83,False,False,False,1,1110
10706,q10706,10706,a,86,False,False,False,1,1116
10707,q10707,10707,a,76,False,False,False,1,1098
10708,q10708,10708,c,83,False,False,False,1,1110
10709,q10709,10709,a,143,False,False,False,1,1192
10710,q10710,10710,b,74,False,False,False,1,1094
10711,q10711,10711,b,96,False,False,False,1,1131
10712,q10712,10712,b,143,False,False,False,1,1192
10713,q10713,10713,d,85,False,False,False,1,1114
10714,q10714,10714,c,118,False,False,False,1,1161
10715,q10715,10715,b,88,False,False,False,1,1120
10716,q10716,10716,b,77,False,False,False,1,1100
10717,q10717,10717,b,98,False,False,False,1,1133
10718,q10718,10718,d,124,False,False,False,1,1170
10719,q10719,10719,c,143,False,False,False,1,1192
10720,q10720,10720,a,86,False,False,False,1,1116
10721,q10721,10721,b,76,False,False,False,1,1098
10722,q10722,10722,b,143,False,False,False,1,1192
10723,q10723,10723,d,117,False,False,False,1,1159
10724,q10724,10724,c,120,False,False,False,1,1164
10725,q10725,10725,a,110,False,False,False,1,1149
10726,q10726,10726,d,143,False,False,False,1,1192
10727,q10727,10727,b,71,False,False,False,1,1089
10728,q10728,10728,b,77,False,False,False,1,1100
10729,q10729,10729,d,74,False,False,False,1,1094
10730,q10730,10730,a,84,False,False,False,1,1112
10731,q10731,10731,a,143,False,False,False,1,1192
10732,q10732,10732,a,143,False,False,False,1,1192
10733,q10733,10733,d,71,False,False,False,1,1089
10734,q10734,10734,c,85,False,False,False,1,1114
10735,q10735,10735,b,90,False,False,False,1,1123
10736,q10736,10736,a,143,False,False,False,1,1192
10737,q10737,10737,c,76,False,False,False,1,1098
10738,q10738,10738,a,73,False,False,False,1,1092
10739,q10739,10739,d,132,False,False,False,1,1181
10740,q10740,10740,d,74,False,False,False,1,1094
10741,q10741,10741,a,85,False,False,False,1,1114
10742,q10742,10742,b,143,False,False,False,1,1192
10743,q10743,10743,c,120,False,False,False,1,1164
10744,q10744,10744,b,77,False,False,False,1,1100
10745,q10745,10745,d,85,False,False,False,1,1114
10746,q10746,10746,a,143,False,False,False,1,1192
10747,q10747,10747,b,78,False,False,False,1,1102
10748,q10748,10748,b,73,False,False,False,1,1092
10749,q10749,10749,c,85,False,False,False,1,1114
10750,q10750,10750,a,143,False,False,False,1,1192
10751,q10751,10751,d,106,False,False,False,1,1142
10752,q10752,10752,a,83,False,False,False,1,1110
10753,q10753,10753,c,77,False,False,False,1,1100
10754,q10754,10754,d,143,False,False,False,1,1192
10755,q10755,10755,b,124,False,False,False,1,1170
10756,q10756,10756,b,78,False,False,False,1,1102
10757,q10757,10757,a,143,False,False,False,1,1192
10758,q10758,10758,b,83,False,False,False,1,1110
10759,q10759,10759,a,76,False,False,False,1,1098
10760,q10760,10760,c,83,False,False,False,1,1110
10761,q10761,10761,b,76,False,False,False,1,1098
10762,q10762,10762,b,143,False,False,False,1,1192
10763,q10763,10763,d,93,False,False,False,1,1127
10764,q10764,10764,c,121,False,False,False,1,1166
10765,q10765,10765,b,85,False,False,False,1,1114
10766,q10766,10766,b,143,False,False,False,1,1192
10767,q10767,10767,b,74,False,False,False,1,1094
10768,q10768,10768,c,143,False,False,False,1,1192
10769,q10769,10769,d,80,False,False,False,1,1105
10770,q10770,10770,c,105,False,False,False,1,1141
10771,q10771,10771,b,129,False,False,False,1,1176
10772,q10772,10772,c,74,False,False,False,1,1094
10773,q10773,10773,c,143,False,False,False,1,1192
10774,q10774,10774,d,76,False,False,False,1,1098
10775,q10775,10775,c,89,False,False,False,1,1122
10776,q10776,10776,a,143,False,False,False,1,1192
10777,q10777,10777,b,74,False,False,False,1,1094
10778,q10778,10778,b,78,False,False,False,1,1102
10779,q10779,10779,a,87,False,False,False,1,1118
10780,q10780,10780,d,119,False,False,False,1,1162
10781,q10781,10781,b,83,False,False,False,1,1110
10782,q10782,10782,a,85,False,False,False,1,1114
10783,q10783,10783,b,143,False,False,False,1,1192
10784,q10784,10784,a,134,False,False,False,1,1183
10785,q10785,10785,d,143,False,False,False,1,1192
10786,q10786,10786,d,85,False,False,False,1,1114
10787,q10787,10787,b,119,False,False,False,1,1162
10788,q10788,10788,a,120,False,False,False,1,1164
10789,q10789,10789,b,76,False,False,False,1,1098
10790,q10790,10790,d,77,False,False,False,1,1100
10791,q10791,10791,c,143,False,False,False,1,1192
10792,q10792,10792,b,71,False,False,False,1,1089
10793,q10793,10793,c,100,False,False,False,1,1136
10794,q10794,10794,d,143,False,False,False,1,1192
10795,q10795,10795,b,76,False,False,False,1,1098
10796,q10796,10796,c,143,False,False,False,1,1192
10797,q10797,10797,b,77,False,False,False,1,1100
10798,q10798,10798,c,134,False,False,False,1,1183
10799,q10799,10799,d,80,False,False,False,1,1105
10800,q10800,10800,a,143,False,False,False,1,1192
10801,q10801,10801,c,120,False,False,False,1,1164
10802,q10802,10802,d,76,False,False,False,1,1098
10803,q10803,10803,c,88,False,False,False,1,1120
10804,q10804,10804,b,120,False,False,False,1,1164
10805,q10805,10805,a,74,False,False,False,1,1094
10806,q10806,10806,d,143,False,False,False,1,1192
10807,q10807,10807,b,77,False,False,False,1,1100
10808,q10808,10808,b,85,False,False,False,1,1114
10809,q10809,10809,d,78,False,False,False,1,1102
10810,q10810,10810,b,143,False,False,False,1,1192
10811,q10811,10811,d,119,False,False,False,1,1162
10812,q10812,10812,d,77,False,False,False,1,1100
10813,q10813,10813,b,74,False,False,False,1,1094
10814,q10814,10814,d,143,False,False,False,1,1192
10815,q10815,10815,c,71,False,False,False,1,1089
10816,q10816,10816,a,143,False,False,False,1,1192
10817,q10817,10817,b,77,False,False,False,1,1100
10818,q10818,10818,c,119,False,False,False,1,1162
10819,q10819,10819,a,85,False,False,False,1,1114
10820,q10820,10820,d,73,False,False,False,1,1092
10821,q10821,10821,b,85,False,False,False,1,1114
10822,q10822,10822,c,143,False,False,False,1,1192
10823,q10823,10823,d,106,False,False,False,1,1142
10824,q10824,10824,b,77,False,False,False,1,1100
10825,q10825,10825,b,83,False,False,False,1,1110
10826,q10826,10826,c,120,False,False,False,1,1164
10827,q10827,10827,b,143,False,False,False,1,1192
10828,q10828,10828,b,85,False,False,False,1,1114
10829,q10829,10829,d,77,False,False,False,1,1100
10830,q10830,10830,d,92,False,False,False,1,1126
10831,q10831,10831,a,143,False,False,False,1,1192
10832,q10832,10832,b,74,False,False,False,1,1094
10833,q10833,10833,d,143,False,False,False,1,1192
10834,q10834,10834,c,103,False,False,False,1,1139
10835,q10835,10835,d,77,False,False,False,1,1100
10836,q10836,10836,c,85,False,False,False,1,1114
10837,q10837,10837,d,131,False,False,False,1,1180
10838,q10838,10838,c,120,False,False,False,1,1164
10839,q10839,10839,b,143,False,False,False,1,1192
10840,q10840,10840,c,87,False,False,False,1,1118
10841,q10841,10841,b,74,False,False,False,1,1094
10842,q10842,10842,d,83,False,False,False,1,1110
10843,q10843,10843,d,143,False,False,False,1,1192
10844,q10844,10844,b,120,False,False,False,1,1164
10845,q10845,10845,d,143,False,False,False,1,1192
10846,q10846,10846,b,83,False,False,False,1,1110
10847,q10847,10847,d,97,False,False,False,1,1132
10848,q10848,10848,c,85,False,False,False,1,1114
10849,q10849,10849,d,87,False,False,False,1,1118
10850,q10850,10850,d,143,False,False,False,1,1192
10851,q10851,10851,b,76,False,False,False,1,1098
10852,q10852,10852,b,84,False,False,False,1,1112
10853,q10853,10853,d,134,False,False,False,1,1183
10854,q10854,10854,d,143,False,False,False,1,1192
10855,q10855,10855,b,85,False,False,False,1,1114
10856,q10856,10856,d,143,False,False,False,1,1192
10857,q10857,10857,c,85,False,False,False,1,1114
10858,q10858,10858,d,128,False,False,False,1,1174
10859,q10859,10859,b,120,False,False,False,1,1164
10860,q10860,10860,b,77,False,False,False,1,1100
10861,q10861,10861,d,74,False,False,False,1,1094
10862,q10862,10862,b,78,False,False,False,1,1102
10863,q10863,10863,d,143,False,False,False,1,1192
10864,q10864,10864,d,143,False,False,False,1,1192
10865,q10865,10865,a,80,False,False,False,1,1105
10866,q10866,10866,c,85,False,False,False,1,1114
10867,q10867,10867,c,118,False,False,False,1,1161
10868,q10868,10868,d,143,False,False,False,1,1192
10869,q10869,10869,c,77,False,False,False,1,1100
10870,q10870,10870,d,92,False,False,False,1,1126
10871,q10871,10871,b,119,False,False,False,1,1162
10872,q10872,10872,a,85,False,False,False,1,1114
10873,q10873,10873,a,143,False,False,False,1,1192
10874,q10874,10874,d,96,False,False,False,1,1131
10875,q10875,10875,c,88,False,False,False,1,1120
10876,q10876,10876,d,85,False,False,False,1,1114
10877,q10877,10877,d,72,False,False,False,1,1091
10878,q10878,10878,a,143,False,False,False,1,1192
10879,q10879,10879,b,85,False,False,False,1,1114
10880,q10880,10880,a,76,False,False,False,1,1098
10881,q10881,10881,c,143,False,False,False,1,1192
10882,q10882,10882,b,77,False,False,False,1,1100
10883,q10883,10883,b,74,False,False,False,1,1094
10884,q10884,10884,a,85,False,False,False,1,1114
10885,q10885,10885,c,120,False,False,False,1,1164
10886,q10886,10886,b,76,False,False,False,1,1098
10887,q10887,10887,a,143,False,False,False,1,1192
10888,q10888,10888,d,143,False,False,False,1,1192
10889,q10889,10889,b,74,False,False,False,1,1094
10890,q10890,10890,c,84,False,False,False,1,1112
10891,q10891,10891,c,77,False,False,False,1,1100
10892,q10892,10892,c,96,False,False,False,1,1131
10893,q10893,10893,a,143,False,False,False,1,1192
10894,q10894,10894,b,134,False,False,False,1,1183
10895,q10895,10895,d,120,False,False,False,1,1164
10896,q10896,10896,c,73,False,False,False,1,1092
10897,q10897,10897,a,85,False,False,False,1,1114
10898,q10898,10898,a,119,False,False,False,1,1162
10899,q10899,10899,d,143,False,False,False,1,1192
10900,q10900,10900,b,134,False,False,False,1,1183
10901,q10901,10901,b,107,False,False,False,1,1144
10902,q10902,10902,d,77,False,False,False,1,1100
10903,q10903,10903,b,143,False,False,False,1,1192
10904,q10904,10904,c,126,False,False,False,1,1172
10905,q10905,10905,b,143,False,False,False,1,1192
10906,q10906,10906,c,77,False,False,False,1,1100
10907,q10907,10907,d,85,False,False,False,1,1114
10908,q10908,10908,d,120,False,False,False,1,1164
10909,q10909,10909,b,143,False,False,False,1,1192
10910,q10910,10910,c,74,False,False,False,1,1094
10911,q10911,10911,b,76,False,False,False,1,1098
10912,q10912,10912,b,106,False,False,False,1,1142
10913,q10913,10913,d,88,False,False,False,1,1120
10914,q10914,10914,b,74,False,False,False,1,1094
10915,q10915,10915,c,143,False,False,False,1,1192
10916,q10916,10916,a,83,False,False,False,1,1110
10917,q10917,10917,a,129,False,False,False,1,1176
10918,q10918,10918,c,84,False,False,False,1,1112
10919,q10919,10919,b,143,False,False,False,1,1192
10920,q10920,10920,a,143,False,False,False,1,1192
10921,q10921,10921,d,90,False,False,False,1,1123
10922,q10922,10922,c,94,False,False,False,1,1128
10923,q10923,10923,c,77,False,False,False,1,1100
10924,q10924,10924,c,95,False,False,False,1,1129
10925,q10925,10925,a,77,False,False,False,1,1100
10926,q10926,10926,c,101,False,False,False,1,1137
10927,q10927,10927,d,143,False,False,False,1,1192
10928,q10928,10928,c,85,False,False,False,1,1114
10929,q10929,10929,a,84,False,False,False,1,1112
10930,q10930,10930,b,134,False,False,False,1,1183
10931,q10931,10931,d,143,False,False,False,1,1192
10932,q10932,10932,c,103,False,False,False,1,1139
10933,q10933,10933,b,77,False,False,False,1,1100
10934,q10934,10934,d,143,False,False,False,1,1192
10935,q10935,10935,b,83,False,False,False,1,1110
10936,q10936,10936,d,85,False,False,False,1,1114
10937,q10937,10937,b,118,False,False,False,1,1161
10938,q10938,10938,d,143,False,False,False,1,1192
10939,q10939,10939,d,85,False,False,False,1,1114
10940,q10940,10940,d,95,False,False,False,1,1129
10941,q10941,10941,b,143,False,False,False,1,1192
10942,q10942,10942,d,85,False,False,False,1,1114
10943,q10943,10943,c,86,False,False,False,1,1116
10944,q10944,10944,d,143,False,False,False,1,1192
10945,q10945,10945,a,95,False,False,False,1,1129
10946,q10946,10946,b,134,False,False,False,1,1183
10947,q10947,10947,d,77,False,False,False,1,1100
10948,q10948,10948,c,2;14;183,False,True,False,3,68
10949,q10949,10949,c,7;10;184,False,True,False,3,117
10950,q10950,10950,c,7;10;181,False,True,False,3,114
10951,q10951,10951,c,2;19;182,False,True,False,3,88
10952,q10952,10952,b,7;11;183,False,True,False,3,122
10953,q10953,10953,c,2;22;184,False,True,False,3,97
10954,q10954,10954,b,2;13;181,False,True,False,3,59
10955,q10955,10955,d,7;17;182,False,True,False,3,129
10956,q10956,10956,c,2;19;183,False,True,False,3,89
10957,q10957,10957,d,6;7;184,False,True,False,3,109
10958,q10958,10958,a,184,False,False,False,1,1494
10959,q10959,10959,d,2;8;181,False,True,False,3,35
10960,q10960,10960,d,1;2;182,False,True,False,3,6
10961,q10961,10961,b,7;17;183,False,True,False,3,130
10962,q10962,10962,b,2;8;184,False,True,False,3,38
10963,q10963,10963,a,6;7;181,False,True,False,3,106
10964,q10964,10964,c,2;12;182,False,True,False,3,51
10965,q10965,10965,d,2;8;183,False,True,False,3,37
10966,q10966,10966,b,7;18;184,False,True,False,3,138
10967,q10967,10967,b,2;14;181,False,True,False,3,66
10968,q10968,10968,a,2;19;182,False,True,False,3,88
10969,q10969,10969,a,7;10;181,False,True,False,3,114
10970,q10970,10970,b,2;8;182,False,True,False,3,36
10971,q10971,10971,b,2;8;183,False,True,False,3,37
10972,q10972,10972,d,2;5;184,False,True,False,3,31
10973,q10973,10973,a,1;2;181,False,True,False,3,5
10974,q10974,10974,c,1;2;182,False,True,False,3,6
10975,q10975,10975,b,2;14;183,False,True,False,3,68
10976,q10976,10976,a,2;14;184,False,True,False,3,69
10977,q10977,10977,b,7;18;181,False,True,False,3,135
10978,q10978,10978,c,2;22;182,False,True,False,3,95
10979,q10979,10979,d,7;18;183,False,True,False,3,137
10980,q10980,10980,a,2;12;184,False,True,False,3,53
10981,q10981,10981,c,2;9;181,False,True,False,3,43
10982,q10982,10982,c,2;5;182,False,True,False,3,29
10983,q10983,10983,b,7;17;183,False,True,False,3,130
10984,q10984,10984,b,2;180;184,False,True,False,3,102
10985,q10985,10985,a,2;22;181,False,True,False,3,94
10986,q10986,10986,a,7;10;182,False,True,False,3,115
10987,q10987,10987,b,2;9;183,False,True,False,3,45
10988,q10988,10988,a,2;4;184,False,True,False,3,22
10989,q10989,10989,c,2;8;181,False,True,False,3,35
10990,q10990,10990,c,7;17;182,False,True,False,3,129
10991,q10991,10991,a,2;8;183,False,True,False,3,37
10992,q10992,10992,b,2;4;184,False,True,False,3,22
10993,q10993,10993,b,2;8;181,False,True,False,3,35
10994,q10994,10994,a,7;11;182,False,True,False,3,121
10995,q10995,10995,c,6;7;183,False,True,False,3,108
10996,q10996,10996,d,2;4;184,False,True,False,3,22
10997,q10997,10997,d,7;10;181,False,True,False,3,114
10998,q10998,10998,b,2;3;182,False,True,False,3,13
10999,q10999,10999,d,2;16;181,False,True,False,3,82
11000,q11000,11000,b,7;10;182,False,True,False,3,115
11001,q11001,11001,c,7;10;183,False,True,False,3,116
11002,q11002,11002,a,2;4;184,False,True,False,3,22
11003,q11003,11003,b,2;14;181,False,True,False,3,66
11004,q11004,11004,d,2;14;182,False,True,False,3,67
11005,q11005,11005,b,1;2;183,False,True,False,3,7
11006,q11006,11006,a,2;13;184,False,True,False,3,61
11007,q11007,11007,b,7;10;181,False,True,False,3,114
11008,q11008,11008,d,1;2;182,False,True,False,3,6
11009,q11009,11009,b,2;4;182,False,True,False,3,20
11010,q11010,11010,a,2;16;183,False,True,False,3,84
11011,q11011,11011,b,2;9;184,False,True,False,3,46
11012,q11012,11012,c,20;21;181,False,True,False,3,142
11013,q11013,11013,d,2;5;182,False,True,False,3,29
11014,q11014,11014,a,6;7;183,False,True,False,3,108
11015,q11015,11015,a,2;9;184,False,True,False,3,46
11016,q11016,11016,b,2;12;181,False,True,False,3,50
11017,q11017,11017,b,6;7;182,False,True,False,3,107
11018,q11018,11018,c,2;15;181,False,True,False,3,74
11019,q11019,11019,b,2;12;183,False,True,False,3,52
11020,q11020,11020,d,2;12;185,False,True,False,3,54
11021,q11021,11021,a,2;8;181,False,True,False,3,35
11022,q11022,11022,c,1;2;185,False,True,False,3,9
11023,q11023,11023,d,2;19;182,False,True,False,3,88
11024,q11024,11024,a,7;11;183,False,True,False,3,122
11025,q11025,11025,c,2;15;184,False,True,False,3,77
11026,q11026,11026,c,7;18;181,False,True,False,3,135
11027,q11027,11027,b,7;17;182,False,True,False,3,129
11028,q11028,11028,a,6;7;183,False,True,False,3,108
11029,q11029,11029,b,7;18;184,False,True,False,3,138
11030,q11030,11030,c,6;7;181,False,True,False,3,106
11031,q11031,11031,d,2;16;182,False,True,False,3,83
11032,q11032,11032,b,6;7;183,False,True,False,3,108
11033,q11033,11033,c,2;16;183,False,True,False,3,84
11034,q11034,11034,d,1;2;184,False,True,False,3,8
11035,q11035,11035,b,2;19;181,False,True,False,3,87
11036,q11036,11036,c,2;14;182,False,True,False,3,67
11037,q11037,11037,b,6;7;183,False,True,False,3,108
11038,q11038,11038,b,6;7;184,False,True,False,3,109
11039,q11039,11039,a,7;11;181,False,True,False,3,120
11040,q11040,11040,c,2;8;182,False,True,False,3,36
11041,q11041,11041,d,2;14;183,False,True,False,3,68
11042,q11042,11042,b,2;9;184,False,True,False,3,46
11043,q11043,11043,a,2;14;183,False,True,False,3,68
11044,q11044,11044,b,2;22;184,False,True,False,3,97
11045,q11045,11045,d,2;8;181,False,True,False,3,35
11046,q11046,11046,c,2;14;182,False,True,False,3,67
11047,q11047,11047,b,2;5;183,False,True,False,3,30
11048,q11048,11048,a,6;7;184,False,True,False,3,109
11049,q11049,11049,b,7;17;181,False,True,False,3,128
11050,q11050,11050,a,7;10;182,False,True,False,3,115
11051,q11051,11051,a,2;16;183,False,True,False,3,84
11052,q11052,11052,d,2;19;184,False,True,False,3,90
11053,q11053,11053,a,7;10;183,False,True,False,3,116
11054,q11054,11054,d,2;19;184,False,True,False,3,90
11055,q11055,11055,d,1;2;181,False,True,False,3,5
11056,q11056,11056,c,2;14;182,False,True,False,3,67
11057,q11057,11057,c,7;11;183,False,True,False,3,122
11058,q11058,11058,c,2;3;184,False,True,False,3,15
11059,q11059,11059,a,7;11;181,False,True,False,3,120
11060,q11060,11060,c,2;5;182,False,True,False,3,29
11061,q11061,11061,b,7;11;183,False,True,False,3,122
11062,q11062,11062,a,2;19;184,False,True,False,3,90
11063,q11063,11063,d,2;3;181,False,True,False,3,12
11064,q11064,11064,c,6;7;182,False,True,False,3,107
11065,q11065,11065,b,2;9;183,False,True,False,3,45
11066,q11066,11066,c,2;8;184,False,True,False,3,38
11067,q11067,11067,a,6;7;181,False,True,False,3,106
11068,q11068,11068,a,2;19;182,False,True,False,3,88
11069,q11069,11069,b,2;8;183,False,True,False,3,37
11070,q11070,11070,d,2;8;184,False,True,False,3,38
11071,q11071,11071,a,6;7;181,False,True,False,3,106
11072,q11072,11072,c,7;11;182,False,True,False,3,121
11073,q11073,11073,d,2;4;183,False,True,False,3,21
11074,q11074,11074,b,2;5;184,False,True,False,3,31
11075,q11075,11075,a,2;22;181,False,True,False,3,94
11076,q11076,11076,c,2;8;182,False,True,False,3,36
11077,q11077,11077,b,2;22;183,False,True,False,3,96
11078,q11078,11078,a,2;8;184,False,True,False,3,38
11079,q11079,11079,a,20;21;181,False,True,False,3,142
11080,q11080,11080,a,7;17;182,False,True,False,3,129
11081,q11081,11081,d,7;18;183,False,True,False,3,137
11082,q11082,11082,b,2;9;184,False,True,False,3,46
11083,q11083,11083,d,20;21;181,False,True,False,3,142
11084,q11084,11084,a,6;7;182,False,True,False,3,107
11085,q11085,11085,d,6;7;183,False,True,False,3,108
11086,q11086,11086,b,6;7;184,False,True,False,3,109
11087,q11087,11087,d,7;18;181,False,True,False,3,135
11088,q11088,11088,a,2;15;182,False,True,False,3,75
11089,q11089,11089,b,7;12;183,False,True,False,3,124
11090,q11090,11090,a,2;13;184,False,True,False,3,61
11091,q11091,11091,a,2;9;181,False,True,False,3,43
11092,q11092,11092,c,2;8;182,False,True,False,3,36
11093,q11093,11093,d,2;19;181,False,True,False,3,87
11094,q11094,11094,a,2;9;182,False,True,False,3,44
11095,q11095,11095,b,2;9;183,False,True,False,3,45
11096,q11096,11096,a,6;7;184,False,True,False,3,109
11097,q11097,11097,b,7;17;181,False,True,False,3,128
11098,q11098,11098,c,1;2;182,False,True,False,3,6
11099,q11099,11099,d,7;11;183,False,True,False,3,122
11100,q11100,11100,c,2;16;184,False,True,False,3,85
11101,q11101,11101,c,2;19;181,False,True,False,3,87
11102,q11102,11102,b,7;11;182,False,True,False,3,121
11103,q11103,11103,d,2;3;184,False,True,False,3,15
11104,q11104,11104,a,2;22;181,False,True,False,3,94
11105,q11105,11105,c,2;14;182,False,True,False,3,67
11106,q11106,11106,d,7;17;183,False,True,False,3,130
11107,q11107,11107,c,20;21;184,False,True,False,3,145
11108,q11108,11108,d,2;9;181,False,True,False,3,43
11109,q11109,11109,a,2;5;182,False,True,False,3,29
11110,q11110,11110,a,2;22;183,False,True,False,3,96
11111,q11111,11111,c,6;7;184,False,True,False,3,109
11112,q11112,11112,b,2;9;181,False,True,False,3,43
11113,q11113,11113,b,7;17;183,False,True,False,3,130
11114,q11114,11114,c,6;7;184,False,True,False,3,109
11115,q11115,11115,a,20;21;181,False,True,False,3,142
11116,q11116,11116,d,1;2;182,False,True,False,3,6
11117,q11117,11117,a,2;22;183,False,True,False,3,96
11118,q11118,11118,b,2;19;184,False,True,False,3,90
11119,q11119,11119,a,2;5;181,False,True,False,3,28
11120,q11120,11120,b,6;7;182,False,True,False,3,107
11121,q11121,11121,a,6;7;183,False,True,False,3,108
11122,q11122,11122,b,2;8;184,False,True,False,3,38
11123,q11123,11123,b,2;3;181,False,True,False,3,12
11124,q11124,11124,d,1;2;182,False,True,False,3,6
11125,q11125,11125,d,6;7;183,False,True,False,3,108
11126,q11126,11126,c,6;7;184,False,True,False,3,109
11127,q11127,11127,c,7;18;181,False,True,False,3,135
11128,q11128,11128,d,2;22;182,False,True,False,3,95
11129,q11129,11129,a,2;15;183,False,True,False,3,76
11130,q11130,11130,d,6;7;184,False,True,False,3,109
11131,q11131,11131,b,2;8;181,False,True,False,3,35
11132,q11132,11132,a,2;8;182,False,True,False,3,36
11133,q11133,11133,b,7;18;181,False,True,False,3,135
11134,q11134,11134,c,6;7;182,False,True,False,3,107
11135,q11135,11135,c,2;180;183,False,True,False,3,101
11136,q11136,11136,d,2;180;184,False,True,False,3,102
11137,q11137,11137,a,6;7;181,False,True,False,3,106
11138,q11138,11138,b,2;180;182,False,True,False,3,100
11139,q11139,11139,b,2;180;183,False,True,False,3,101
11140,q11140,11140,c,6;7;184,False,True,False,3,109
11141,q11141,11141,d,2;180;181,False,True,False,3,99
11142,q11142,11142,c,2;19;182,False,True,False,3,88
11143,q11143,11143,b,2;8;185,False,True,False,3,39
11144,q11144,11144,d,2;22;185,False,True,False,3,98
11145,q11145,11145,d,2;22;181,False,True,False,3,94
11146,q11146,11146,a,2;8;183,False,True,False,3,37
11147,q11147,11147,d,6;7;185,False,True,False,3,110
11148,q11148,11148,c,2;14;181,False,True,False,3,66
11149,q11149,11149,b,20;21;185,False,True,False,3,146
11150,q11150,11150,d,2;9;185,False,True,False,3,47
11151,q11151,11151,b,20;21;181,False,True,False,3,142
11152,q11152,11152,b,2;5;183,False,True,False,3,30
11153,q11153,11153,d,6;7;184,False,True,False,3,109
11154,q11154,11154,a,2;8;181,False,True,False,3,35
11155,q11155,11155,c,2;9;182,False,True,False,3,44
11156,q11156,11156,d,2;22;183,False,True,False,3,96
11157,q11157,11157,a,6;7;184,False,True,False,3,109
11158,q11158,11158,c,2;8;181,False,True,False,3,35
11159,q11159,11159,d,2;180;182,False,True,False,3,100
11160,q11160,11160,d,2;180;183,False,True,False,3,101
11161,q11161,11161,a,2;22;184,False,True,False,3,97
11162,q11162,11162,c,7;18;183,False,True,False,3,137
11163,q11163,11163,c,2;12;184,False,True,False,3,53
11164,q11164,11164,a,2;9;181,False,True,False,3,43
11165,q11165,11165,c,2;8;182,False,True,False,3,36
11166,q11166,11166,d,2;12;183,False,True,False,3,52
11167,q11167,11167,c,20;21;184,False,True,False,3,145
11168,q11168,11168,a,2;14;181,False,True,False,3,66
11169,q11169,11169,c,1;2;182,False,True,False,3,6
11170,q11170,11170,b,2;180;183,False,True,False,3,101
11171,q11171,11171,d,2;14;184,False,True,False,3,69
11172,q11172,11172,b,2;9;181,False,True,False,3,43
11173,q11173,11173,b,2;9;182,False,True,False,3,44
11174,q11174,11174,a,2;14;183,False,True,False,3,68
11175,q11175,11175,c,2;5;184,False,True,False,3,31
11176,q11176,11176,d,2;14;181,False,True,False,3,66
11177,q11177,11177,b,1;2;182,False,True,False,3,6
11178,q11178,11178,a,7;17;183,False,True,False,3,130
11179,q11179,11179,b,7;10;184,False,True,False,3,117
11180,q11180,11180,a,7;17;181,False,True,False,3,128
11181,q11181,11181,a,2;5;182,False,True,False,3,29
11182,q11182,11182,d,7;10;183,False,True,False,3,116
11183,q11183,11183,c,2;8;184,False,True,False,3,38
11184,q11184,11184,c,2;3;181,False,True,False,3,12
11185,q11185,11185,a,2;15;182,False,True,False,3,75
11186,q11186,11186,b,1;2;183,False,True,False,3,7
11187,q11187,11187,c,1;2;184,False,True,False,3,8
11188,q11188,11188,b,2;13;181,False,True,False,3,59
11189,q11189,11189,d,7;17;182,False,True,False,3,129
11190,q11190,11190,d,7;17;183,False,True,False,3,130
11191,q11191,11191,d,2;16;184,False,True,False,3,85
11192,q11192,11192,d,2;16;181,False,True,False,3,82
11193,q11193,11193,d,1;2;182,False,True,False,3,6
11194,q11194,11194,d,2;22;183,False,True,False,3,96
11195,q11195,11195,d,2;8;184,False,True,False,3,38
11196,q11196,11196,a,7;11;181,False,True,False,3,120
11197,q11197,11197,c,2;4;182,False,True,False,3,20
11198,q11198,11198,a,2;16;183,False,True,False,3,84
11199,q11199,11199,d,7;11;184,False,True,False,3,123
11200,q11200,11200,b,7;10;181,False,True,False,3,114
11201,q11201,11201,b,6;7;182,False,True,False,3,107
11202,q11202,11202,b,2;19;183,False,True,False,3,89
11203,q11203,11203,a,2;19;184,False,True,False,3,90
11204,q11204,11204,b,2;19;181,False,True,False,3,87
11205,q11205,11205,c,2;19;182,False,True,False,3,88
11206,q11206,11206,d,2;3;183,False,True,False,3,14
11207,q11207,11207,c,2;3;184,False,True,False,3,15
11208,q11208,11208,d,2;3;181,False,True,False,3,12
11209,q11209,11209,a,7;18;182,False,True,False,3,136
11210,q11210,11210,c,6;7;183,False,True,False,3,108
11211,q11211,11211,b,7;11;184,False,True,False,3,123
11212,q11212,11212,c,7;11;181,False,True,False,3,120
11213,q11213,11213,c,2;8;181,False,True,False,3,35
11214,q11214,11214,a,2;16;182,False,True,False,3,83
11215,q11215,11215,a,2;5;183,False,True,False,3,30
11216,q11216,11216,b,2;9;184,False,True,False,3,46
11217,q11217,11217,d,7;18;181,False,True,False,3,135
11218,q11218,11218,a,2;14;182,False,True,False,3,67
11219,q11219,11219,d,1;2;183,False,True,False,3,7
11220,q11220,11220,b,2;4;184,False,True,False,3,22
11221,q11221,11221,b,6;7;181,False,True,False,3,106
11222,q11222,11222,b,7;18;182,False,True,False,3,136
11223,q11223,11223,b,6;7;183,False,True,False,3,108
11224,q11224,11224,d,6;7;184,False,True,False,3,109
11225,q11225,11225,a,2;15;181,False,True,False,3,74
11226,q11226,11226,a,2;9;182,False,True,False,3,44
11227,q11227,11227,b,2;5;183,False,True,False,3,30
11228,q11228,11228,a,7;10;184,False,True,False,3,117
11229,q11229,11229,d,2;8;181,False,True,False,3,35
11230,q11230,11230,d,2;4;182,False,True,False,3,20
11231,q11231,11231,d,6;7;183,False,True,False,3,108
11232,q11232,11232,d,2;22;184,False,True,False,3,97
11233,q11233,11233,d,6;7;183,False,True,False,3,108
11234,q11234,11234,b,7;18;184,False,True,False,3,138
11235,q11235,11235,d,2;5;181,False,True,False,3,28
11236,q11236,11236,d,7;18;182,False,True,False,3,136
11237,q11237,11237,c,2;4;183,False,True,False,3,21
11238,q11238,11238,c,2;13;184,False,True,False,3,61
11239,q11239,11239,a,2;4;181,False,True,False,3,19
11240,q11240,11240,d,6;7;182,False,True,False,3,107
11241,q11241,11241,b,2;8;183,False,True,False,3,37
11242,q11242,11242,a,6;7;184,False,True,False,3,109
11243,q11243,11243,b,2;22;185,False,True,False,3,98
11244,q11244,11244,a,2;15;185,False,True,False,3,78
11245,q11245,11245,d,1;2;183,False,True,False,3,7
11246,q11246,11246,a,2;16;185,False,True,False,3,86
11247,q11247,11247,c,7;10;181,False,True,False,3,114
11248,q11248,11248,a,1;2;185,False,True,False,3,9
11249,q11249,11249,b,30;44;49;183;184,False,True,False,5,445
11250,q11250,11250,c,181;182,False,True,False,2,1489
11251,q11251,11251,a,181;182,False,True,False,2,1489
11252,q11252,11252,a,182;183,False,True,False,2,1491
11253,q11253,11253,c,181;182,False,True,False,2,1489
11254,q11254,11254,a,182;183,False,True,False,2,1491
11255,q11255,11255,c,181;182,False,True,False,2,1489
11256,q11256,11256,a,181;182,False,True,False,2,1489
11257,q11257,11257,a,182;183,False,True,False,2,1491
11258,q11258,11258,b,181;182,False,True,False,2,1489
11259,q11259,11259,b,27;44;49;181;184,False,True,False,5,334
11260,q11260,11260,a,181;182,False,True,False,2,1489
11261,q11261,11261,b,30;44;49;181;184,False,True,False,5,443
11262,q11262,11262,a,30;44;49;182;183,False,True,False,5,444
11263,q11263,11263,b,30;44;49;182;183,False,True,False,5,444
11264,q11264,11264,a,181;182,False,True,False,2,1489
11265,q11265,11265,c,181;182,False,True,False,2,1489
11266,q11266,11266,a,182;183,False,True,False,2,1491
11267,q11267,11267,c,182;183,False,True,False,2,1491
11268,q11268,11268,c,181;184,False,True,False,2,1490
11269,q11269,11269,c,53;61;182,False,True,False,3,692
11270,q11270,11270,d,52;61;182,False,True,False,3,589
11271,q11271,11271,b,55;61;182,False,True,False,3,853
11272,q11272,11272,b,56;61;181,False,True,False,3,923
11273,q11273,11273,a,52;61;181,False,True,False,3,588
11274,q11274,11274,d,55;61;181,False,True,False,3,852
11275,q11275,11275,c,56;61;183,False,True,False,3,924
11276,q11276,11276,b,52;61;183,False,True,False,3,590
11277,q11277,11277,d,54;61;183,False,True,False,3,769
11278,q11278,11278,d,56;182;194,False,True,False,3,991
11279,q11279,11279,b,52;182;194,False,True,False,3,665
11280,q11280,11280,b,54;182;194,False,True,False,3,830
11281,q11281,11281,b,56;182;194,False,True,False,3,991
11282,q11282,11282,c,52;182;194,False,True,False,3,665
11283,q11283,11283,d,52;182;194,False,True,False,3,665
11284,q11284,11284,d,56;181;194,False,True,False,3,987
11285,q11285,11285,b,52;181;194,False,True,False,3,661
11286,q11286,11286,a,54;181;194,False,True,False,3,826
11287,q11287,11287,b,53;183;194,False,True,False,3,749
11288,q11288,11288,d,52;183;194,False,True,False,3,670
11289,q11289,11289,d,55;183;194,False,True,False,3,903
11290,q11290,11290,d,53;181;194,False,True,False,3,741
11291,q11291,11291,a,54;181;194,False,True,False,3,826
11292,q11292,11292,c,54;181;194,False,True,False,3,826
11293,q11293,11293,c,56;183;194,False,True,False,3,995
11294,q11294,11294,d,54;183;194,False,True,False,3,834
11295,q11295,11295,d,55;183;194,False,True,False,3,903
11296,q11296,11296,b,53;182;194,False,True,False,3,745
11297,q11297,11297,c,52;182;194,False,True,False,3,665
11298,q11298,11298,d,54;182;194,False,True,False,3,830
11299,q11299,11299,b,56;182;194,False,True,False,3,991
11300,q11300,11300,a,53;182;194,False,True,False,3,745
11301,q11301,11301,c,54;182;194,False,True,False,3,830
11302,q11302,11302,c,52;181;194,False,True,False,3,661
11303,q11303,11303,d,54;181;194,False,True,False,3,826
11304,q11304,11304,a,52;181;194,False,True,False,3,661
11305,q11305,11305,b,56;183;194,False,True,False,3,995
11306,q11306,11306,c,53;183;194,False,True,False,3,749
11307,q11307,11307,a,54;183;194,False,True,False,3,834
11308,q11308,11308,c,53;182;194,False,True,False,3,745
11309,q11309,11309,c,52;182;194,False,True,False,3,665
11310,q11310,11310,b,52;182;194,False,True,False,3,665
11311,q11311,11311,c,53;181;194,False,True,False,3,741
11312,q11312,11312,a,52;181;194,False,True,False,3,661
11313,q11313,11313,a,52;181;194,False,True,False,3,661
11314,q11314,11314,c,53;183;194,False,True,False,3,749
11315,q11315,11315,d,58;183;194,False,True,False,3,1087
11316,q11316,11316,a,54;183;194,False,True,False,3,834
11317,q11317,11317,a,56;181;194,False,True,False,3,987
11318,q11318,11318,a,58;181;194,False,True,False,3,1081
11319,q11319,11319,d,52;181;194,False,True,False,3,661
11320,q11320,11320,d,56;183;194,False,True,False,3,995
11321,q11321,11321,b,58;183;194,False,True,False,3,1087
11322,q11322,11322,c,54;183;194,False,True,False,3,834
11323,q11323,11323,a,<UNTAGGED>,True,False,False,0,1
11324,q11324,11324,b,<UNTAGGED>,True,False,False,0,1
11325,q11325,11325,a,<UNTAGGED>,True,False,False,0,1
11326,q11326,11326,a,<UNTAGGED>,True,False,False,0,1
11327,q11327,11327,c,<UNTAGGED>,True,False,False,0,1
11328,q11328,11328,a,<UNTAGGED>,True,False,False,0,1
11329,q11329,11329,c,<UNTAGGED>,True,False,False,0,1
11330,q11330,11330,b,<UNTAGGED>,True,False,False,0,1
11331,q11331,11331,c,<UNTAGGED>,True,False,False,0,1
11332,q11332,11332,c,<UNTAGGED>,True,False,False,0,1
11333,q11333,11333,c,<UNTAGGED>,True,False,False,0,1
11334,q11334,11334,a,<UNTAGGED>,True,False,False,0,1
11335,q11335,11335,a,<UNTAGGED>,True,False,False,0,1
11336,q11336,11336,b,<UNTAGGED>,True,False,False,0,1
11337,q11337,11337,b,<UNTAGGED>,True,False,False,0,1
11338,q11338,11338,c,<UNTAGGED>,True,False,False,0,1
11339,q11339,11339,c,<UNTAGGED>,True,False,False,0,1
11340,q11340,11340,d,<UNTAGGED>,True,False,False,0,1
11341,q11341,11341,a,<UNTAGGED>,True,False,False,0,1
11342,q11342,11342,c,<UNTAGGED>,True,False,False,0,1
11343,q11343,11343,a,<UNTAGGED>,True,False,False,0,1
11344,q11344,11344,d,<UNTAGGED>,True,False,False,0,1
11345,q11345,11345,b,<UNTAGGED>,True,False,False,0,1
11346,q11346,11346,d,<UNTAGGED>,True,False,False,0,1
11347,q11347,11347,a,<UNTAGGED>,True,False,False,0,1
11348,q11348,11348,c,<UNTAGGED>,True,False,False,0,1
11349,q11349,11349,b,<UNTAGGED>,True,False,False,0,1
11350,q11350,11350,d,<UNTAGGED>,True,False,False,0,1
11351,q11351,11351,c,<UNTAGGED>,True,False,False,0,1
11352,q11352,11352,b,<UNTAGGED>,True,False,False,0,1
11353,q11353,11353,c,<UNTAGGED>,True,False,False,0,1
11354,q11354,11354,a,<UNTAGGED>,True,False,False,0,1
11355,q11355,11355,c,<UNTAGGED>,True,False,False,0,1
11356,q11356,11356,a,<UNTAGGED>,True,False,False,0,1
11357,q11357,11357,a,<UNTAGGED>,True,False,False,0,1
11358,q11358,11358,d,<UNTAGGED>,True,False,False,0,1
11359,q11359,11359,b,<UNTAGGED>,True,False,False,0,1
11360,q11360,11360,d,<UNTAGGED>,True,False,False,0,1
11361,q11361,11361,d,<UNTAGGED>,True,False,False,0,1
11362,q11362,11362,c,<UNTAGGED>,True,False,False,0,1
11363,q11363,11363,b,<UNTAGGED>,True,False,False,0,1
11364,q11364,11364,a,<UNTAGGED>,True,False,False,0,1
11365,q11365,11365,c,<UNTAGGED>,True,False,False,0,1
11366,q11366,11366,d,<UNTAGGED>,True,False,False,0,1
11367,q11367,11367,a,<UNTAGGED>,True,False,False,0,1
11368,q11368,11368,a,<UNTAGGED>,True,False,False,0,1
11369,q11369,11369,b,<UNTAGGED>,True,False,False,0,1
11370,q11370,11370,a,<UNTAGGED>,True,False,False,0,1
11371,q11371,11371,b,<UNTAGGED>,True,False,False,0,1
11372,q11372,11372,b,<UNTAGGED>,True,False,False,0,1
11373,q11373,11373,b,<UNTAGGED>,True,False,False,0,1
11374,q11374,11374,d,<UNTAGGED>,True,False,False,0,1
11375,q11375,11375,a,<UNTAGGED>,True,False,False,0,1
11376,q11376,11376,d,<UNTAGGED>,True,False,False,0,1
11377,q11377,11377,a,<UNTAGGED>,True,False,False,0,1
11378,q11378,11378,a,<UNTAGGED>,True,False,False,0,1
11379,q11379,11379,d,<UNTAGGED>,True,False,False,0,1
11380,q11380,11380,a,<UNTAGGED>,True,False,False,0,1
11381,q11381,11381,c,<UNTAGGED>,True,False,False,0,1
11382,q11382,11382,d,<UNTAGGED>,True,False,False,0,1
11383,q11383,11383,c,<UNTAGGED>,True,False,False,0,1
11384,q11384,11384,b,<UNTAGGED>,True,False,False,0,1
11385,q11385,11385,b,<UNTAGGED>,True,False,False,0,1
11386,q11386,11386,b,<UNTAGGED>,True,False,False,0,1
11387,q11387,11387,d,<UNTAGGED>,True,False,False,0,1
11388,q11388,11388,b,<UNTAGGED>,True,False,False,0,1
11389,q11389,11389,b,<UNTAGGED>,True,False,False,0,1
11390,q11390,11390,b,<UNTAGGED>,True,False,False,0,1
11391,q11391,11391,c,<UNTAGGED>,True,False,False,0,1
11392,q11392,11392,b,<UNTAGGED>,True,False,False,0,1
11393,q11393,11393,d,<UNTAGGED>,True,False,False,0,1
11394,q11394,11394,d,<UNTAGGED>,True,False,False,0,1
11395,q11395,11395,c,<UNTAGGED>,True,False,False,0,1
11396,q11396,11396,a,<UNTAGGED>,True,False,False,0,1
11397,q11397,11397,a,<UNTAGGED>,True,False,False,0,1
11398,q11398,11398,a,<UNTAGGED>,True,False,False,0,1
11399,q11399,11399,b,<UNTAGGED>,True,False,False,0,1
11400,q11400,11400,d,<UNTAGGED>,True,False,False,0,1
11401,q11401,11401,d,<UNTAGGED>,True,False,False,0,1
11402,q11402,11402,b,<UNTAGGED>,True,False,False,0,1
11403,q11403,11403,d,<UNTAGGED>,True,False,False,0,1
11404,q11404,11404,a,<UNTAGGED>,True,False,False,0,1
11405,q11405,11405,d,<UNTAGGED>,True,False,False,0,1
11406,q11406,11406,a,<UNTAGGED>,True,False,False,0,1
11407,q11407,11407,b,<UNTAGGED>,True,False,False,0,1
11408,q11408,11408,c,<UNTAGGED>,True,False,False,0,1
11409,q11409,11409,d,<UNTAGGED>,True,False,False,0,1
11410,q11410,11410,a,<UNTAGGED>,True,False,False,0,1
11411,q11411,11411,b,<UNTAGGED>,True,False,False,0,1
11412,q11412,11412,d,<UNTAGGED>,True,False,False,0,1
11413,q11413,11413,a,<UNTAGGED>,True,False,False,0,1
11414,q11414,11414,a,<UNTAGGED>,True,False,False,0,1
11415,q11415,11415,d,<UNTAGGED>,True,False,False,0,1
11416,q11416,11416,c,<UNTAGGED>,True,False,False,0,1
11417,q11417,11417,a,<UNTAGGED>,True,False,False,0,1
11418,q11418,11418,c,<UNTAGGED>,True,False,False,0,1
11419,q11419,11419,a,<UNTAGGED>,True,False,False,0,1
11420,q11420,11420,c,<UNTAGGED>,True,False,False,0,1
11421,q11421,11421,d,<UNTAGGED>,True,False,False,0,1
11422,q11422,11422,a,<UNTAGGED>,True,False,False,0,1
11423,q11423,11423,b,<UNTAGGED>,True,False,False,0,1
11424,q11424,11424,d,<UNTAGGED>,True,False,False,0,1
11425,q11425,11425,d,<UNTAGGED>,True,False,False,0,1
11426,q11426,11426,a,<UNTAGGED>,True,False,False,0,1
11427,q11427,11427,a,<UNTAGGED>,True,False,False,0,1
11428,q11428,11428,b,<UNTAGGED>,True,False,False,0,1
11429,q11429,11429,c,<UNTAGGED>,True,False,False,0,1
11430,q11430,11430,d,<UNTAGGED>,True,False,False,0,1
11431,q11431,11431,b,<UNTAGGED>,True,False,False,0,1
11432,q11432,11432,a,<UNTAGGED>,True,False,False,0,1
11433,q11433,11433,d,<UNTAGGED>,True,False,False,0,1
11434,q11434,11434,b,<UNTAGGED>,True,False,False,0,1
11435,q11435,11435,c,<UNTAGGED>,True,False,False,0,1
11436,q11436,11436,b,<UNTAGGED>,True,False,False,0,1
11437,q11437,11437,c,<UNTAGGED>,True,False,False,0,1
11438,q11438,11438,c,<UNTAGGED>,True,False,False,0,1
11439,q11439,11439,d,<UNTAGGED>,True,False,False,0,1
11440,q11440,11440,b,<UNTAGGED>,True,False,False,0,1
11441,q11441,11441,d,<UNTAGGED>,True,False,False,0,1
11442,q11442,11442,a,<UNTAGGED>,True,False,False,0,1
11443,q11443,11443,b,<UNTAGGED>,True,False,False,0,1
11444,q11444,11444,b,<UNTAGGED>,True,False,False,0,1
11445,q11445,11445,a,<UNTAGGED>,True,False,False,0,1
11446,q11446,11446,d,<UNTAGGED>,True,False,False,0,1
11447,q11447,11447,b,<UNTAGGED>,True,False,False,0,1
11448,q11448,11448,c,<UNTAGGED>,True,False,False,0,1
11449,q11449,11449,a,<UNTAGGED>,True,False,False,0,1
11450,q11450,11450,b,<UNTAGGED>,True,False,False,0,1
11451,q11451,11451,d,<UNTAGGED>,True,False,False,0,1
11452,q11452,11452,b,<UNTAGGED>,True,False,False,0,1
11453,q11453,11453,a,<UNTAGGED>,True,False,False,0,1
11454,q11454,11454,a,<UNTAGGED>,True,False,False,0,1
11455,q11455,11455,c,<UNTAGGED>,True,False,False,0,1
11456,q11456,11456,d,<UNTAGGED>,True,False,False,0,1
11457,q11457,11457,c,<UNTAGGED>,True,False,False,0,1
11458,q11458,11458,c,<UNTAGGED>,True,False,False,0,1
11459,q11459,11459,b,<UNTAGGED>,True,False,False,0,1
11460,q11460,11460,a,<UNTAGGED>,True,False,False,0,1
11461,q11461,11461,d,<UNTAGGED>,True,False,False,0,1
11462,q11462,11462,a,<UNTAGGED>,True,False,False,0,1
11463,q11463,11463,d,<UNTAGGED>,True,False,False,0,1
11464,q11464,11464,a,<UNTAGGED>,True,False,False,0,1
11465,q11465,11465,c,<UNTAGGED>,True,False,False,0,1
11466,q11466,11466,d,<UNTAGGED>,True,False,False,0,1
11467,q11467,11467,c,<UNTAGGED>,True,False,False,0,1
11468,q11468,11468,b,<UNTAGGED>,True,False,False,0,1
11469,q11469,11469,b,<UNTAGGED>,True,False,False,0,1
11470,q11470,11470,c,<UNTAGGED>,True,False,False,0,1
11471,q11471,11471,a,<UNTAGGED>,True,False,False,0,1
11472,q11472,11472,d,<UNTAGGED>,True,False,False,0,1
11473,q11473,11473,d,<UNTAGGED>,True,False,False,0,1
11474,q11474,11474,c,<UNTAGGED>,True,False,False,0,1
11475,q11475,11475,b,<UNTAGGED>,True,False,False,0,1
11476,q11476,11476,c,<UNTAGGED>,True,False,False,0,1
11477,q11477,11477,d,<UNTAGGED>,True,False,False,0,1
11478,q11478,11478,a,<UNTAGGED>,True,False,False,0,1
11479,q11479,11479,b,<UNTAGGED>,True,False,False,0,1
11480,q11480,11480,c,<UNTAGGED>,True,False,False,0,1
11481,q11481,11481,b,<UNTAGGED>,True,False,False,0,1
11482,q11482,11482,d,<UNTAGGED>,True,False,False,0,1
11483,q11483,11483,b,<UNTAGGED>,True,False,False,0,1
11484,q11484,11484,a,<UNTAGGED>,True,False,False,0,1
11485,q11485,11485,a,<UNTAGGED>,True,False,False,0,1
11486,q11486,11486,b,<UNTAGGED>,True,False,False,0,1
11487,q11487,11487,a,<UNTAGGED>,True,False,False,0,1
11488,q11488,11488,b,<UNTAGGED>,True,False,False,0,1
11489,q11489,11489,c,<UNTAGGED>,True,False,False,0,1
11490,q11490,11490,d,<UNTAGGED>,True,False,False,0,1
11491,q11491,11491,c,<UNTAGGED>,True,False,False,0,1
11492,q11492,11492,a,<UNTAGGED>,True,False,False,0,1
11493,q11493,11493,a,<UNTAGGED>,True,False,False,0,1
11494,q11494,11494,b,<UNTAGGED>,True,False,False,0,1
11495,q11495,11495,d,<UNTAGGED>,True,False,False,0,1
11496,q11496,11496,b,<UNTAGGED>,True,False,False,0,1
11497,q11497,11497,a,<UNTAGGED>,True,False,False,0,1
11498,q11498,11498,b,<UNTAGGED>,True,False,False,0,1
11499,q11499,11499,c,<UNTAGGED>,True,False,False,0,1
11500,q11500,11500,d,<UNTAGGED>,True,False,False,0,1
11501,q11501,11501,d,<UNTAGGED>,True,False,False,0,1
11502,q11502,11502,a,<UNTAGGED>,True,False,False,0,1
11503,q11503,11503,a,<UNTAGGED>,True,False,False,0,1
11504,q11504,11504,c,<UNTAGGED>,True,False,False,0,1
11505,q11505,11505,b,<UNTAGGED>,True,False,False,0,1
11506,q11506,11506,b,<UNTAGGED>,True,False,False,0,1
11507,q11507,11507,b,<UNTAGGED>,True,False,False,0,1
11508,q11508,11508,c,<UNTAGGED>,True,False,False,0,1
11509,q11509,11509,d,<UNTAGGED>,True,False,False,0,1
11510,q11510,11510,a,<UNTAGGED>,True,False,False,0,1
11511,q11511,11511,c,<UNTAGGED>,True,False,False,0,1
11512,q11512,11512,a,<UNTAGGED>,True,False,False,0,1
11513,q11513,11513,b,<UNTAGGED>,True,False,False,0,1
11514,q11514,11514,c,<UNTAGGED>,True,False,False,0,1
11515,q11515,11515,c,<UNTAGGED>,True,False,False,0,1
11516,q11516,11516,b,<UNTAGGED>,True,False,False,0,1
11517,q11517,11517,a,<UNTAGGED>,True,False,False,0,1
11518,q11518,11518,a,<UNTAGGED>,True,False,False,0,1
11519,q11519,11519,c,<UNTAGGED>,True,False,False,0,1
11520,q11520,11520,b,<UNTAGGED>,True,False,False,0,1
11521,q11521,11521,a,<UNTAGGED>,True,False,False,0,1
11522,q11522,11522,d,<UNTAGGED>,True,False,False,0,1
11523,q11523,11523,b,98,False,False,False,1,1133
11524,q11524,11524,d,143,False,False,False,1,1192
11525,q11525,11525,b,77,False,False,False,1,1100
11526,q11526,11526,a,83,False,False,False,1,1110
11527,q11527,11527,d,85,False,False,False,1,1114
11528,q11528,11528,b,143,False,False,False,1,1192
11529,q11529,11529,d,71,False,False,False,1,1089
11530,q11530,11530,a,77,False,False,False,1,1100
11531,q11531,11531,b,143,False,False,False,1,1192
11532,q11532,11532,c,77,False,False,False,1,1100
11533,q11533,11533,c,120,False,False,False,1,1164
11534,q11534,11534,d,76,False,False,False,1,1098
11535,q11535,11535,b,143,False,False,False,1,1192
11536,q11536,11536,a,71,False,False,False,1,1089
11537,q11537,11537,c,77,False,False,False,1,1100
11538,q11538,11538,d,129,False,False,False,1,1176
11539,q11539,11539,d,85,False,False,False,1,1114
11540,q11540,11540,d,143,False,False,False,1,1192
11541,q11541,11541,a,71,False,False,False,1,1089
11542,q11542,11542,b,72,False,False,False,1,1091
11543,q11543,11543,c,108,False,False,False,1,1145
11544,q11544,11544,b,129,False,False,False,1,1176
11545,q11545,11545,a,143,False,False,False,1,1192
11546,q11546,11546,d,77,False,False,False,1,1100
11547,q11547,11547,d,86,False,False,False,1,1116
11548,q11548,11548,b,134,False,False,False,1,1183
11549,q11549,11549,d,143,False,False,False,1,1192
11550,q11550,11550,c,76,False,False,False,1,1098
11551,q11551,11551,d,98,False,False,False,1,1133
11552,q11552,11552,b,74,False,False,False,1,1094
11553,q11553,11553,a,143,False,False,False,1,1192
11554,q11554,11554,a,134,False,False,False,1,1183
11555,q11555,11555,b,120,False,False,False,1,1164
11556,q11556,11556,c,85,False,False,False,1,1114
11557,q11557,11557,d,143,False,False,False,1,1192
11558,q11558,11558,c,88,False,False,False,1,1120
11559,q11559,11559,a,77,False,False,False,1,1100
11560,q11560,11560,a,143,False,False,False,1,1192
11561,q11561,11561,c,74,False,False,False,1,1094
11562,q11562,11562,b,138,False,False,False,1,1188
11563,q11563,11563,d,85,False,False,False,1,1114
11564,q11564,11564,d,86,False,False,False,1,1116
11565,q11565,11565,c,143,False,False,False,1,1192
11566,q11566,11566,b,88,False,False,False,1,1120
11567,q11567,11567,b,76,False,False,False,1,1098
11568,q11568,11568,c,86,False,False,False,1,1116
11569,q11569,11569,d,83,False,False,False,1,1110
11570,q11570,11570,a,143,False,False,False,1,1192
11571,q11571,11571,c,105,False,False,False,1,1141
11572,q11572,11572,a,85,False,False,False,1,1114
11573,q11573,11573,d,108,False,False,False,1,1145
11574,q11574,11574,c,143,False,False,False,1,1192
11575,q11575,11575,c,143,False,False,False,1,1192
11576,q11576,11576,b,76,False,False,False,1,1098
11577,q11577,11577,a,134,False,False,False,1,1183
11578,q11578,11578,a,138,False,False,False,1,1188
11579,q11579,11579,b,87,False,False,False,1,1118
11580,q11580,11580,c,88,False,False,False,1,1120
11581,q11581,11581,a,143,False,False,False,1,1192
11582,q11582,11582,d,76,False,False,False,1,1098
11583,q11583,11583,b,143,False,False,False,1,1192
11584,q11584,11584,d,122,False,False,False,1,1167
11585,q11585,11585,c,76,False,False,False,1,1098
11586,q11586,11586,a,77,False,False,False,1,1100
11587,q11587,11587,c,143,False,False,False,1,1192
11588,q11588,11588,b,105,False,False,False,1,1141
11589,q11589,11589,d,83,False,False,False,1,1110
11590,q11590,11590,a,85,False,False,False,1,1114
11591,q11591,11591,a,77,False,False,False,1,1100
11592,q11592,11592,b,89,False,False,False,1,1122
11593,q11593,11593,c,88,False,False,False,1,1120
11594,q11594,11594,b,143,False,False,False,1,1192
11595,q11595,11595,c,85,False,False,False,1,1114
11596,q11596,11596,b,120,False,False,False,1,1164
11597,q11597,11597,a,135,False,False,False,1,1185
11598,q11598,11598,d,143,False,False,False,1,1192
11599,q11599,11599,b,85,False,False,False,1,1114
11600,q11600,11600,b,143,False,False,False,1,1192
11601,q11601,11601,d,74,False,False,False,1,1094
11602,q11602,11602,a,108,False,False,False,1,1145
11603,q11603,11603,b,96,False,False,False,1,1131
11604,q11604,11604,c,76,False,False,False,1,1098
11605,q11605,11605,b,119,False,False,False,1,1162
11606,q11606,11606,d,143,False,False,False,1,1192
11607,q11607,11607,c,103,False,False,False,1,1139
11608,q11608,11608,c,77,False,False,False,1,1100
11609,q11609,11609,d,143,False,False,False,1,1192
11610,q11610,11610,d,78,False,False,False,1,1102
11611,q11611,11611,c,132,False,False,False,1,1181
11612,q11612,11612,a,85,False,False,False,1,1114
11613,q11613,11613,b,143,False,False,False,1,1192
11614,q11614,11614,b,118,False,False,False,1,1161
11615,q11615,11615,a,143,False,False,False,1,1192
11616,q11616,11616,b,77,False,False,False,1,1100
11617,q11617,11617,a,73,False,False,False,1,1092
11618,q11618,11618,d,71,False,False,False,1,1089
11619,q11619,11619,b,76,False,False,False,1,1098
11620,q11620,11620,d,108,False,False,False,1,1145
11621,q11621,11621,d,98,False,False,False,1,1133
11622,q11622,11622,a,143,False,False,False,1,1192
11623,q11623,11623,b,143,False,False,False,1,1192
11624,q11624,11624,d,135,False,False,False,1,1185
11625,q11625,11625,a,77,False,False,False,1,1100
11626,q11626,11626,c,128,False,False,False,1,1174
11627,q11627,11627,a,74,False,False,False,1,1094
11628,q11628,11628,a,76,False,False,False,1,1098
11629,q11629,11629,b,71,False,False,False,1,1089
11630,q11630,11630,d,143,False,False,False,1,1192
11631,q11631,11631,d,129,False,False,False,1,1176
11632,q11632,11632,a,143,False,False,False,1,1192
11633,q11633,11633,c,85,False,False,False,1,1114
11634,q11634,11634,a,83,False,False,False,1,1110
11635,q11635,11635,c,75,False,False,False,1,1096
11636,q11636,11636,d,83,False,False,False,1,1110
11637,q11637,11637,a,143,False,False,False,1,1192
11638,q11638,11638,b,107,False,False,False,1,1144
11639,q11639,11639,c,143,False,False,False,1,1192
11640,q11640,11640,c,95,False,False,False,1,1129
11641,q11641,11641,a,85,False,False,False,1,1114
11642,q11642,11642,d,98,False,False,False,1,1133
11643,q11643,11643,c,87,False,False,False,1,1118
11644,q11644,11644,a,85,False,False,False,1,1114
11645,q11645,11645,b,78,False,False,False,1,1102
11646,q11646,11646,b,143,False,False,False,1,1192
11647,q11647,11647,b,88,False,False,False,1,1120
11648,q11648,11648,d,85,False,False,False,1,1114
11649,q11649,11649,a,134,False,False,False,1,1183
11650,q11650,11650,c,143,False,False,False,1,1192
11651,q11651,11651,b,98,False,False,False,1,1133
11652,q11652,11652,c,85,False,False,False,1,1114
11653,q11653,11653,d,143,False,False,False,1,1192
11654,q11654,11654,c,74,False,False,False,1,1094
11655,q11655,11655,b,87,False,False,False,1,1118
11656,q11656,11656,a,77,False,False,False,1,1100
11657,q11657,11657,d,143,False,False,False,1,1192
11658,q11658,11658,c,76,False,False,False,1,1098
11659,q11659,11659,a,98,False,False,False,1,1133
11660,q11660,11660,b,143,False,False,False,1,1192
11661,q11661,11661,d,95,False,False,False,1,1129
11662,q11662,11662,c,134,False,False,False,1,1183
11663,q11663,11663,b,92,False,False,False,1,1126
11664,q11664,11664,a,85,False,False,False,1,1114
11665,q11665,11665,b,88,False,False,False,1,1120
11666,q11666,11666,d,143,False,False,False,1,1192
11667,q11667,11667,b,134,False,False,False,1,1183
11668,q11668,11668,d,87,False,False,False,1,1118
11669,q11669,11669,b,107,False,False,False,1,1144
11670,q11670,11670,d,143,False,False,False,1,1192
11671,q11671,11671,d,134,False,False,False,1,1183
11672,q11672,11672,a,76,False,False,False,1,1098
11673,q11673,11673,c,118,False,False,False,1,1161
11674,q11674,11674,a,143,False,False,False,1,1192
11675,q11675,11675,c,143,False,False,False,1,1192
11676,q11676,11676,a,85,False,False,False,1,1114
11677,q11677,11677,d,98,False,False,False,1,1133
11678,q11678,11678,d,85,False,False,False,1,1114
11679,q11679,11679,b,85,False,False,False,1,1114
11680,q11680,11680,a,85,False,False,False,1,1114
11681,q11681,11681,c,98,False,False,False,1,1133
11682,q11682,11682,d,143,False,False,False,1,1192
11683,q11683,11683,a,77,False,False,False,1,1100
11684,q11684,11684,b,143,False,False,False,1,1192
11685,q11685,11685,b,74,False,False,False,1,1094
11686,q11686,11686,c,134,False,False,False,1,1183
11687,q11687,11687,c,143,False,False,False,1,1192
11688,q11688,11688,b,77,False,False,False,1,1100
11689,q11689,11689,c,138,False,False,False,1,1188
11690,q11690,11690,d,133,False,False,False,1,1182
11691,q11691,11691,c,98,False,False,False,1,1133
11692,q11692,11692,d,143,False,False,False,1,1192
11693,q11693,11693,b,129,False,False,False,1,1176
11694,q11694,11694,a,85,False,False,False,1,1114
11695,q11695,11695,a,77,False,False,False,1,1100
11696,q11696,11696,a,143,False,False,False,1,1192
11697,q11697,11697,d,83,False,False,False,1,1110
11698,q11698,11698,c,134,False,False,False,1,1183
11699,q11699,11699,c,87,False,False,False,1,1118
11700,q11700,11700,b,98,False,False,False,1,1133
11701,q11701,11701,a,85,False,False,False,1,1114
11702,q11702,11702,b,143,False,False,False,1,1192
11703,q11703,11703,a,83,False,False,False,1,1110
11704,q11704,11704,d,134,False,False,False,1,1183
11705,q11705,11705,c,143,False,False,False,1,1192
11706,q11706,11706,d,107,False,False,False,1,1144
11707,q11707,11707,d,72,False,False,False,1,1091
11708,q11708,11708,b,86,False,False,False,1,1116
11709,q11709,11709,c,143,False,False,False,1,1192
11710,q11710,11710,a,77,False,False,False,1,1100
11711,q11711,11711,a,86,False,False,False,1,1116
11712,q11712,11712,d,74,False,False,False,1,1094
11713,q11713,11713,d,143,False,False,False,1,1192
11714,q11714,11714,b,76,False,False,False,1,1098
11715,q11715,11715,b,76,False,False,False,1,1098
11716,q11716,11716,d,120,False,False,False,1,1164
11717,q11717,11717,a,143,False,False,False,1,1192
11718,q11718,11718,c,86,False,False,False,1,1116
11719,q11719,11719,c,77,False,False,False,1,1100
11720,q11720,11720,a,143,False,False,False,1,1192
11721,q11721,11721,a,105,False,False,False,1,1141
11722,q11722,11722,b,107,False,False,False,1,1144
11723,q11723,11723,a,143,False,False,False,1,1192
11724,q11724,11724,d,74,False,False,False,1,1094
11725,q11725,11725,b,85,False,False,False,1,1114
11726,q11726,11726,b,86,False,False,False,1,1116
11727,q11727,11727,b,119,False,False,False,1,1162
11728,q11728,11728,c,77,False,False,False,1,1100
11729,q11729,11729,c,83,False,False,False,1,1110
11730,q11730,11730,d,143,False,False,False,1,1192
11731,q11731,11731,d,85,False,False,False,1,1114
11732,q11732,11732,a,119,False,False,False,1,1162
11733,q11733,11733,b,88,False,False,False,1,1120
11734,q11734,11734,c,143,False,False,False,1,1192
11735,q11735,11735,b,77,False,False,False,1,1100
11736,q11736,11736,c,143,False,False,False,1,1192
11737,q11737,11737,a,92,False,False,False,1,1126
11738,q11738,11738,b,74,False,False,False,1,1094
11739,q11739,11739,b,76,False,False,False,1,1098
11740,q11740,11740,d,108,False,False,False,1,1145
11741,q11741,11741,b,134,False,False,False,1,1183
11742,q11742,11742,d,143,False,False,False,1,1192
11743,q11743,11743,d,143,False,False,False,1,1192
11744,q11744,11744,c,71,False,False,False,1,1089
11745,q11745,11745,c,134,False,False,False,1,1183
11746,q11746,11746,b,77,False,False,False,1,1100
11747,q11747,11747,a,77,False,False,False,1,1100
11748,q11748,11748,b,87,False,False,False,1,1118
11749,q11749,11749,a,98,False,False,False,1,1133
11750,q11750,11750,c,143,False,False,False,1,1192
11751,q11751,11751,c,77,False,False,False,1,1100
11752,q11752,11752,a,94,False,False,False,1,1128
11753,q11753,11753,b,143,False,False,False,1,1192
11754,q11754,11754,b,73,False,False,False,1,1092
11755,q11755,11755,a,143,False,False,False,1,1192
11756,q11756,11756,d,73,False,False,False,1,1092
11757,q11757,11757,b,134,False,False,False,1,1183
11758,q11758,11758,d,77,False,False,False,1,1100
11759,q11759,11759,d,77,False,False,False,1,1100
11760,q11760,11760,d,85,False,False,False,1,1114
11761,q11761,11761,b,143,False,False,False,1,1192
11762,q11762,11762,b,118,False,False,False,1,1161
11763,q11763,11763,b,95,False,False,False,1,1129
11764,q11764,11764,d,143,False,False,False,1,1192
11765,q11765,11765,a,76,False,False,False,1,1098
11766,q11766,11766,a,76,False,False,False,1,1098
11767,q11767,11767,d,85,False,False,False,1,1114
11768,q11768,11768,a,143,False,False,False,1,1192
11769,q11769,11769,d,138,False,False,False,1,1188
11770,q11770,11770,c,88,False,False,False,1,1120
11771,q11771,11771,d,77,False,False,False,1,1100
11772,q11772,11772,d,134,False,False,False,1,1183
11773,q11773,11773,c,143,False,False,False,1,1192
11774,q11774,11774,b,92,False,False,False,1,1126
11775,q11775,11775,d,86,False,False,False,1,1116
11776,q11776,11776,b,143,False,False,False,1,1192
11777,q11777,11777,a,119,False,False,False,1,1162
11778,q11778,11778,b,107,False,False,False,1,1144
11779,q11779,11779,b,77,False,False,False,1,1100
11780,q11780,11780,d,122,False,False,False,1,1167
11781,q11781,11781,b,134,False,False,False,1,1183
11782,q11782,11782,c,143,False,False,False,1,1192
11783,q11783,11783,c,87,False,False,False,1,1118
11784,q11784,11784,c,77,False,False,False,1,1100
11785,q11785,11785,d,143,False,False,False,1,1192
11786,q11786,11786,a,77,False,False,False,1,1100
11787,q11787,11787,d,88,False,False,False,1,1120
11788,q11788,11788,c,143,False,False,False,1,1192
11789,q11789,11789,c,77,False,False,False,1,1100
11790,q11790,11790,b,134,False,False,False,1,1183
11791,q11791,11791,a,98,False,False,False,1,1133
11792,q11792,11792,c,119,False,False,False,1,1162
11793,q11793,11793,d,77,False,False,False,1,1100
11794,q11794,11794,b,143,False,False,False,1,1192
11795,q11795,11795,d,73,False,False,False,1,1092
11796,q11796,11796,c,143,False,False,False,1,1192
11797,q11797,11797,d,94,False,False,False,1,1128
11798,q11798,11798,a,74,False,False,False,1,1094
11799,q11799,11799,d,143,False,False,False,1,1192
11800,q11800,11800,b,76,False,False,False,1,1098
11801,q11801,11801,a,134,False,False,False,1,1183
11802,q11802,11802,a,107,False,False,False,1,1144
11803,q11803,11803,c,86,False,False,False,1,1116
11804,q11804,11804,a,76,False,False,False,1,1098
11805,q11805,11805,b,143,False,False,False,1,1192
11806,q11806,11806,c,71,False,False,False,1,1089
11807,q11807,11807,b,143,False,False,False,1,1192
11808,q11808,11808,a,73,False,False,False,1,1092
11809,q11809,11809,a,77,False,False,False,1,1100
11810,q11810,11810,d,134,False,False,False,1,1183
11811,q11811,11811,a,101,False,False,False,1,1137
11812,q11812,11812,a,143,False,False,False,1,1192
11813,q11813,11813,c,80,False,False,False,1,1105
11814,q11814,11814,d,134,False,False,False,1,1183
11815,q11815,11815,c,88,False,False,False,1,1120
11816,q11816,11816,b,143,False,False,False,1,1192
11817,q11817,11817,b,121,False,False,False,1,1166
11818,q11818,11818,a,76,False,False,False,1,1098
11819,q11819,11819,c,143,False,False,False,1,1192
11820,q11820,11820,d,85,False,False,False,1,1114
11821,q11821,11821,b,86,False,False,False,1,1116
11822,q11822,11822,b,83,False,False,False,1,1110
11823,q11823,11823,c,138,False,False,False,1,1188
11824,q11824,11824,a,88,False,False,False,1,1120
11825,q11825,11825,a,143,False,False,False,1,1192
11826,q11826,11826,d,77,False,False,False,1,1100
11827,q11827,11827,d,143,False,False,False,1,1192
11828,q11828,11828,b,77,False,False,False,1,1100
11829,q11829,11829,c,74,False,False,False,1,1094
11830,q11830,11830,d,76,False,False,False,1,1098
11831,q11831,11831,d,85,False,False,False,1,1114
11832,q11832,11832,a,98,False,False,False,1,1133
11833,q11833,11833,b,77,False,False,False,1,1100
11834,q11834,11834,a,143,False,False,False,1,1192
11835,q11835,11835,c,83,False,False,False,1,1110
11836,q11836,11836,a,85,False,False,False,1,1114
11837,q11837,11837,a,143,False,False,False,1,1192
11838,q11838,11838,b,86,False,False,False,1,1116
11839,q11839,11839,a,77,False,False,False,1,1100
11840,q11840,11840,c,87,False,False,False,1,1118
11841,q11841,11841,b,143,False,False,False,1,1192
11842,q11842,11842,a,86,False,False,False,1,1116
11843,q11843,11843,b,109,False,False,False,1,1147
11844,q11844,11844,d,77,False,False,False,1,1100
11845,q11845,11845,d,143,False,False,False,1,1192
11846,q11846,11846,a,86,False,False,False,1,1116
11847,q11847,11847,a,85,False,False,False,1,1114
11848,q11848,11848,c,74,False,False,False,1,1094
11849,q11849,11849,c,143,False,False,False,1,1192
11850,q11850,11850,b,83,False,False,False,1,1110
11851,q11851,11851,a,77,False,False,False,1,1100
11852,q11852,11852,c,143,False,False,False,1,1192
11853,q11853,11853,d,98,False,False,False,1,1133
11854,q11854,11854,c,134,False,False,False,1,1183
11855,q11855,11855,d,77,False,False,False,1,1100
11856,q11856,11856,b,143,False,False,False,1,1192
11857,q11857,11857,c,119,False,False,False,1,1162
11858,q11858,11858,b,129,False,False,False,1,1176
11859,q11859,11859,b,98,False,False,False,1,1133
11860,q11860,11860,c,143,False,False,False,1,1192
11861,q11861,11861,b,72,False,False,False,1,1091
11862,q11862,11862,a,85,False,False,False,1,1114
11863,q11863,11863,c,85,False,False,False,1,1114
11864,q11864,11864,b,143,False,False,False,1,1192
11865,q11865,11865,a,122,False,False,False,1,1167
11866,q11866,11866,c,76,False,False,False,1,1098
11867,q11867,11867,b,143,False,False,False,1,1192
11868,q11868,11868,c,71,False,False,False,1,1089
11869,q11869,11869,d,77,False,False,False,1,1100
11870,q11870,11870,a,73,False,False,False,1,1092
11871,q11871,11871,c,107,False,False,False,1,1144
11872,q11872,11872,d,76,False,False,False,1,1098
11873,q11873,11873,b,143,False,False,False,1,1192
11874,q11874,11874,d,83,False,False,False,1,1110
11875,q11875,11875,c,119,False,False,False,1,1162
11876,q11876,11876,c,138,False,False,False,1,1188
11877,q11877,11877,a,85,False,False,False,1,1114
11878,q11878,11878,b,143,False,False,False,1,1192
11879,q11879,11879,d,85,False,False,False,1,1114
11880,q11880,11880,a,83,False,False,False,1,1110
11881,q11881,11881,c,93,False,False,False,1,1127
11882,q11882,11882,d,143,False,False,False,1,1192
11883,q11883,11883,d,138,False,False,False,1,1188
11884,q11884,11884,c,77,False,False,False,1,1100
11885,q11885,11885,c,80,False,False,False,1,1105
11886,q11886,11886,a,143,False,False,False,1,1192
11887,q11887,11887,d,77,False,False,False,1,1100
11888,q11888,11888,c,107,False,False,False,1,1144
11889,q11889,11889,d,143,False,False,False,1,1192
11890,q11890,11890,d,133,False,False,False,1,1182
11891,q11891,11891,c,76,False,False,False,1,1098
11892,q11892,11892,b,121,False,False,False,1,1166
11893,q11893,11893,b,143,False,False,False,1,1192
11894,q11894,11894,d,113,False,False,False,1,1153
11895,q11895,11895,c,77,False,False,False,1,1100
11896,q11896,11896,d,74,False,False,False,1,1094
11897,q11897,11897,b,143,False,False,False,1,1192
11898,q11898,11898,a,98,False,False,False,1,1133
11899,q11899,11899,d,71,False,False,False,1,1089
11900,q11900,11900,d,143,False,False,False,1,1192
11901,q11901,11901,b,77,False,False,False,1,1100
11902,q11902,11902,c,134,False,False,False,1,1183
11903,q11903,11903,c,71,False,False,False,1,1089
11904,q11904,11904,b,85,False,False,False,1,1114
11905,q11905,11905,d,143,False,False,False,1,1192
11906,q11906,11906,c,133,False,False,False,1,1182
11907,q11907,11907,b,85,False,False,False,1,1114
11908,q11908,11908,c,133,False,False,False,1,1182
11909,q11909,11909,a,86,False,False,False,1,1116
11910,q11910,11910,a,143,False,False,False,1,1192
11911,q11911,11911,a,85,False,False,False,1,1114
11912,q11912,11912,d,143,False,False,False,1,1192
11913,q11913,11913,b,100,False,False,False,1,1136
11914,q11914,11914,c,85,False,False,False,1,1114
11915,q11915,11915,b,76,False,False,False,1,1098
11916,q11916,11916,d,143,False,False,False,1,1192
11917,q11917,11917,a,77,False,False,False,1,1100
11918,q11918,11918,b,86,False,False,False,1,1116
11919,q11919,11919,a,134,False,False,False,1,1183
11920,q11920,11920,b,85,False,False,False,1,1114
11921,q11921,11921,b,143,False,False,False,1,1192
11922,q11922,11922,d,119,False,False,False,1,1162
11923,q11923,11923,d,77,False,False,False,1,1100
11924,q11924,11924,a,143,False,False,False,1,1192
11925,q11925,11925,b,78,False,False,False,1,1102
11926,q11926,11926,a,98,False,False,False,1,1133
11927,q11927,11927,a,143,False,False,False,1,1192
11928,q11928,11928,d,77,False,False,False,1,1100
11929,q11929,11929,c,116,False,False,False,1,1158
11930,q11930,11930,b,85,False,False,False,1,1114
11931,q11931,11931,a,76,False,False,False,1,1098
11932,q11932,11932,c,71,False,False,False,1,1089
11933,q11933,11933,b,88,False,False,False,1,1120
11934,q11934,11934,b,143,False,False,False,1,1192
11935,q11935,11935,b,85,False,False,False,1,1114
11936,q11936,11936,b,143,False,False,False,1,1192
11937,q11937,11937,d,80,False,False,False,1,1105
11938,q11938,11938,c,83,False,False,False,1,1110
11939,q11939,11939,d,143,False,False,False,1,1192
11940,q11940,11940,c,74,False,False,False,1,1094
11941,q11941,11941,d,76,False,False,False,1,1098
11942,q11942,11942,a,86,False,False,False,1,1116
11943,q11943,11943,d,78,False,False,False,1,1102
11944,q11944,11944,a,143,False,False,False,1,1192
11945,q11945,11945,c,85,False,False,False,1,1114
11946,q11946,11946,b,77,False,False,False,1,1100
11947,q11947,11947,a,86,False,False,False,1,1116
11948,q11948,11948,d,105,False,False,False,1,1141
11949,q11949,11949,b,83,False,False,False,1,1110
11950,q11950,11950,c,143,False,False,False,1,1192
11951,q11951,11951,b,143,False,False,False,1,1192
11952,q11952,11952,b,133,False,False,False,1,1182
11953,q11953,11953,c,79,False,False,False,1,1104
11954,q11954,11954,d,76,False,False,False,1,1098
11955,q11955,11955,c,76,False,False,False,1,1098
11956,q11956,11956,d,92,False,False,False,1,1126
11957,q11957,11957,a,71,False,False,False,1,1089
11958,q11958,11958,c,143,False,False,False,1,1192
11959,q11959,11959,b,120,False,False,False,1,1164
11960,q11960,11960,b,94,False,False,False,1,1128
11961,q11961,11961,a,77,False,False,False,1,1100
11962,q11962,11962,c,143,False,False,False,1,1192
11963,q16925,16925,a,<UNTAGGED>,True,False,False,0,1
11964,q16926,16926,c,<UNTAGGED>,True,False,False,0,1
11965,q16927,16927,c,<UNTAGGED>,True,False,False,0,1
11966,q16928,16928,a,<UNTAGGED>,True,False,False,0,1
11967,q16929,16929,b,<UNTAGGED>,True,False,False,0,1
11968,q16930,16930,a,<UNTAGGED>,True,False,False,0,1
11969,q16931,16931,a,<UNTAGGED>,True,False,False,0,1
11970,q16932,16932,a,<UNTAGGED>,True,False,False,0,1
11971,q16933,16933,d,<UNTAGGED>,True,False,False,0,1
11972,q16934,16934,c,<UNTAGGED>,True,False,False,0,1
11973,q16935,16935,b,<UNTAGGED>,True,False,False,0,1
11974,q16936,16936,a,<UNTAGGED>,True,False,False,0,1
11975,q16937,16937,a,<UNTAGGED>,True,False,False,0,1
11976,q16938,16938,c,<UNTAGGED>,True,False,False,0,1
11977,q16939,16939,a,<UNTAGGED>,True,False,False,0,1
11978,q16940,16940,b,<UNTAGGED>,True,False,False,0,1
11979,q16941,16941,c,<UNTAGGED>,True,False,False,0,1
11980,q16942,16942,d,<UNTAGGED>,True,False,False,0,1
11981,q16943,16943,a,<UNTAGGED>,True,False,False,0,1
11982,q16944,16944,a,<UNTAGGED>,True,False,False,0,1
11983,q16945,16945,d,<UNTAGGED>,True,False,False,0,1
11984,q16946,16946,c,<UNTAGGED>,True,False,False,0,1
11985,q16947,16947,a,<UNTAGGED>,True,False,False,0,1
11986,q16948,16948,a,<UNTAGGED>,True,False,False,0,1
11987,q16949,16949,b,<UNTAGGED>,True,False,False,0,1
11988,q16950,16950,b,<UNTAGGED>,True,False,False,0,1
11989,q16951,16951,a,<UNTAGGED>,True,False,False,0,1
11990,q16952,16952,b,<UNTAGGED>,True,False,False,0,1
11991,q16953,16953,d,<UNTAGGED>,True,False,False,0,1
11992,q16954,16954,d,<UNTAGGED>,True,False,False,0,1
11993,q16955,16955,a,<UNTAGGED>,True,False,False,0,1
11994,q16956,16956,c,<UNTAGGED>,True,False,False,0,1
11995,q16957,16957,c,<UNTAGGED>,True,False,False,0,1
11996,q16958,16958,c,<UNTAGGED>,True,False,False,0,1
11997,q16959,16959,a,<UNTAGGED>,True,False,False,0,1
11998,q16960,16960,d,<UNTAGGED>,True,False,False,0,1
11999,q16961,16961,c,<UNTAGGED>,True,False,False,0,1
12000,q16962,16962,a,<UNTAGGED>,True,False,False,0,1
12001,q16963,16963,d,<UNTAGGED>,True,False,False,0,1
12002,q16964,16964,a,<UNTAGGED>,True,False,False,0,1
12003,q16965,16965,a,<UNTAGGED>,True,False,False,0,1
12004,q16966,16966,d,<UNTAGGED>,True,False,False,0,1
12005,q16967,16967,b,<UNTAGGED>,True,False,False,0,1
12006,q16968,16968,b,<UNTAGGED>,True,False,False,0,1
12007,q16969,16969,a,<UNTAGGED>,True,False,False,0,1
12008,q16970,16970,c,<UNTAGGED>,True,False,False,0,1
12009,q16971,16971,b,<UNTAGGED>,True,False,False,0,1
12010,q16972,16972,a,<UNTAGGED>,True,False,False,0,1
12011,q16973,16973,d,<UNTAGGED>,True,False,False,0,1
12012,q16974,16974,b,<UNTAGGED>,True,False,False,0,1
12013,q16975,16975,c,<UNTAGGED>,True,False,False,0,1
12014,q16976,16976,c,<UNTAGGED>,True,False,False,0,1
12015,q16977,16977,b,<UNTAGGED>,True,False,False,0,1
12016,q16978,16978,d,<UNTAGGED>,True,False,False,0,1
12017,q16979,16979,a,<UNTAGGED>,True,False,False,0,1
12018,q16980,16980,b,<UNTAGGED>,True,False,False,0,1
12019,q16981,16981,a,<UNTAGGED>,True,False,False,0,1
12020,q16982,16982,c,<UNTAGGED>,True,False,False,0,1
12021,q16983,16983,c,<UNTAGGED>,True,False,False,0,1
12022,q16984,16984,d,<UNTAGGED>,True,False,False,0,1
12023,q16985,16985,a,<UNTAGGED>,True,False,False,0,1
12024,q16986,16986,d,<UNTAGGED>,True,False,False,0,1
12025,q16987,16987,c,<UNTAGGED>,True,False,False,0,1
12026,q16988,16988,d,<UNTAGGED>,True,False,False,0,1
12027,q16989,16989,b,<UNTAGGED>,True,False,False,0,1
12028,q16990,16990,a,<UNTAGGED>,True,False,False,0,1
12029,q16991,16991,a,<UNTAGGED>,True,False,False,0,1
12030,q16992,16992,c,<UNTAGGED>,True,False,False,0,1
12031,q16993,16993,c,<UNTAGGED>,True,False,False,0,1
12032,q16994,16994,b,<UNTAGGED>,True,False,False,0,1
12033,q16995,16995,c,<UNTAGGED>,True,False,False,0,1
12034,q16996,16996,c,<UNTAGGED>,True,False,False,0,1
12035,q16997,16997,c,<UNTAGGED>,True,False,False,0,1
12036,q16998,16998,d,<UNTAGGED>,True,False,False,0,1
12037,q16999,16999,a,<UNTAGGED>,True,False,False,0,1
12038,q17000,17000,a,<UNTAGGED>,True,False,False,0,1
12039,q17001,17001,d,<UNTAGGED>,True,False,False,0,1
12040,q17002,17002,d,<UNTAGGED>,True,False,False,0,1
12041,q17003,17003,b,<UNTAGGED>,True,False,False,0,1
12042,q17004,17004,d,<UNTAGGED>,True,False,False,0,1
12043,q17005,17005,d,<UNTAGGED>,True,False,False,0,1
12044,q17006,17006,d,<UNTAGGED>,True,False,False,0,1
12045,q17007,17007,d,<UNTAGGED>,True,False,False,0,1
12046,q17008,17008,c,<UNTAGGED>,True,False,False,0,1
12047,q17009,17009,c,<UNTAGGED>,True,False,False,0,1
12048,q17010,17010,a,<UNTAGGED>,True,False,False,0,1
12049,q17011,17011,d,<UNTAGGED>,True,False,False,0,1
12050,q17012,17012,b,<UNTAGGED>,True,False,False,0,1
12051,q17013,17013,c,<UNTAGGED>,True,False,False,0,1
12052,q17014,17014,c,<UNTAGGED>,True,False,False,0,1
12053,q17015,17015,b,<UNTAGGED>,True,False,False,0,1
12054,q17016,17016,c,<UNTAGGED>,True,False,False,0,1
12055,q17017,17017,a,<UNTAGGED>,True,False,False,0,1
12056,q17018,17018,b,<UNTAGGED>,True,False,False,0,1
12057,q17019,17019,d,<UNTAGGED>,True,False,False,0,1
12058,q17020,17020,b,<UNTAGGED>,True,False,False,0,1
12059,q17021,17021,c,<UNTAGGED>,True,False,False,0,1
12060,q17022,17022,d,<UNTAGGED>,True,False,False,0,1
12061,q17023,17023,a,<UNTAGGED>,True,False,False,0,1
12062,q17024,17024,a,<UNTAGGED>,True,False,False,0,1
12063,q17025,17025,c,<UNTAGGED>,True,False,False,0,1
12064,q17026,17026,b,<UNTAGGED>,True,False,False,0,1
12065,q17027,17027,b,<UNTAGGED>,True,False,False,0,1
12066,q17028,17028,a,<UNTAGGED>,True,False,False,0,1
12067,q17029,17029,a,<UNTAGGED>,True,False,False,0,1
12068,q17030,17030,d,<UNTAGGED>,True,False,False,0,1
12069,q17031,17031,c,<UNTAGGED>,True,False,False,0,1
12070,q17032,17032,a,<UNTAGGED>,True,False,False,0,1
12071,q17033,17033,d,<UNTAGGED>,True,False,False,0,1
12072,q17034,17034,c,<UNTAGGED>,True,False,False,0,1
12073,q17035,17035,a,<UNTAGGED>,True,False,False,0,1
12074,q17036,17036,c,<UNTAGGED>,True,False,False,0,1
12075,q17037,17037,d,<UNTAGGED>,True,False,False,0,1
12076,q17038,17038,c,<UNTAGGED>,True,False,False,0,1
12077,q17039,17039,d,<UNTAGGED>,True,False,False,0,1
12078,q17040,17040,b,<UNTAGGED>,True,False,False,0,1
12079,q17041,17041,d,<UNTAGGED>,True,False,False,0,1
12080,q17042,17042,c,88,False,False,False,1,1120
12081,q17043,17043,b,85,False,False,False,1,1114
12082,q17044,17044,b,96,False,False,False,1,1131
12083,q17045,17045,c,76,False,False,False,1,1098
12084,q17046,17046,d,138,False,False,False,1,1188
12085,q17047,17047,a,74,False,False,False,1,1094
12086,q17048,17048,b,86,False,False,False,1,1116
12087,q17049,17049,b,77,False,False,False,1,1100
12088,q17050,17050,c,98,False,False,False,1,1133
12089,q17051,17051,a,133,False,False,False,1,1182
12090,q17052,17052,b,119,False,False,False,1,1162
12091,q17053,17053,c,83,False,False,False,1,1110
12092,q17054,17054,b,105,False,False,False,1,1141
12093,q17055,17055,d,76,False,False,False,1,1098
12094,q17056,17056,a,71,False,False,False,1,1089
12095,q17057,17057,b,74,False,False,False,1,1094
12096,q17058,17058,c,83,False,False,False,1,1110
12097,q17059,17059,b,77,False,False,False,1,1100
12098,q17060,17060,b,98,False,False,False,1,1133
12099,q17061,17061,d,133,False,False,False,1,1182
12100,q17062,17062,a,71,False,False,False,1,1089
12101,q17063,17063,b,85,False,False,False,1,1114
12102,q17064,17064,c,116,False,False,False,1,1158
12103,q17065,17065,d,78,False,False,False,1,1102
12104,q17066,17066,a,131,False,False,False,1,1180
12105,q17067,17067,d,76,False,False,False,1,1098
12106,q17068,17068,d,77,False,False,False,1,1100
12107,q17069,17069,a,83,False,False,False,1,1110
12108,q17070,17070,d,119,False,False,False,1,1162
12109,q17071,17071,d,85,False,False,False,1,1114
12110,q17072,17072,c,98,False,False,False,1,1133
12111,q17073,17073,c,129,False,False,False,1,1176
12112,q17074,17074,b,77,False,False,False,1,1100
12113,q17075,17075,c,71,False,False,False,1,1089
12114,q17076,17076,c,74,False,False,False,1,1094
12115,q17077,17077,a,86,False,False,False,1,1116
12116,q17078,17078,b,85,False,False,False,1,1114
12117,q17079,17079,d,88,False,False,False,1,1120
12118,q17080,17080,b,83,False,False,False,1,1110
12119,q17081,17081,c,119,False,False,False,1,1162
12120,q17082,17082,c,83,False,False,False,1,1110
12121,q17083,17083,c,107,False,False,False,1,1144
12122,q17084,17084,b,75,False,False,False,1,1096
12123,q17085,17085,b,85,False,False,False,1,1114
12124,q17086,17086,b,133,False,False,False,1,1182
12125,q17087,17087,b,72,False,False,False,1,1091
12126,q17088,17088,c,86,False,False,False,1,1116
12127,q17089,17089,c,76,False,False,False,1,1098
12128,q17090,17090,d,74,False,False,False,1,1094
12129,q17091,17091,b,80,False,False,False,1,1105
12130,q17092,17092,c,92,False,False,False,1,1126
12131,q17093,17093,d,77,False,False,False,1,1100
12132,q17094,17094,b,74,False,False,False,1,1094
12133,q17095,17095,b,83,False,False,False,1,1110
12134,q17096,17096,b,98,False,False,False,1,1133
12135,q17097,17097,c,71,False,False,False,1,1089
12136,q17098,17098,b,71,False,False,False,1,1089
12137,q17099,17099,b,76,False,False,False,1,1098
12138,q17100,17100,c,81,False,False,False,1,1107
12139,q17101,17101,a,85,False,False,False,1,1114
12140,q17102,17102,b,88,False,False,False,1,1120
12141,q17103,17103,c,83,False,False,False,1,1110
12142,q17104,17104,a,86,False,False,False,1,1116
12143,q17105,17105,c,133,False,False,False,1,1182
12144,q17106,17106,c,98,False,False,False,1,1133
12145,q17107,17107,b,74,False,False,False,1,1094
12146,q17108,17108,b,107,False,False,False,1,1144
12147,q17109,17109,d,76,False,False,False,1,1098
12148,q17110,17110,a,77,False,False,False,1,1100
12149,q17111,17111,d,71,False,False,False,1,1089
12150,q17112,17112,d,74,False,False,False,1,1094
12151,q17113,17113,c,131,False,False,False,1,1180
12152,q17114,17114,a,85,False,False,False,1,1114
12153,q17115,17115,b,81,False,False,False,1,1107
12154,q17116,17116,d,74,False,False,False,1,1094
12155,q17117,17117,d,86,False,False,False,1,1116
12156,q17118,17118,a,76,False,False,False,1,1098
12157,q17119,17119,d,100,False,False,False,1,1136
12158,q17120,17120,d,85,False,False,False,1,1114
12159,q17121,17121,c,98,False,False,False,1,1133
12160,q17122,17122,a,83,False,False,False,1,1110
12161,q17123,17123,b,98,False,False,False,1,1133
12162,q17124,17124,b,74,False,False,False,1,1094
12163,q17125,17125,a,121,False,False,False,1,1166
12164,q17126,17126,a,133,False,False,False,1,1182
12165,q17127,17127,d,78,False,False,False,1,1102
12166,q17128,17128,c,83,False,False,False,1,1110
12167,q17129,17129,b,95,False,False,False,1,1129
12168,q17130,17130,a,77,False,False,False,1,1100
12169,q17131,17131,c,71,False,False,False,1,1089
12170,q17132,17132,c,85,False,False,False,1,1114
12171,q17133,17133,d,98,False,False,False,1,1133
12172,q17134,17134,c,85,False,False,False,1,1114
12173,q17135,17135,c,98,False,False,False,1,1133
12174,q17136,17136,b,85,False,False,False,1,1114
12175,q17137,17137,a,86,False,False,False,1,1116
12176,q17138,17138,a,76,False,False,False,1,1098
12177,q17139,17139,c,86,False,False,False,1,1116
12178,q17140,17140,d,96,False,False,False,1,1131
12179,q17141,17141,c,71,False,False,False,1,1089
12180,q17142,17142,d,105,False,False,False,1,1141
12181,q17143,17143,c,76,False,False,False,1,1098
12182,q17144,17144,d,138,False,False,False,1,1188
12183,q17145,17145,c,76,False,False,False,1,1098
12184,q17146,17146,c,119,False,False,False,1,1162
12185,q17147,17147,a,86,False,False,False,1,1116
12186,q17148,17148,c,83,False,False,False,1,1110
12187,q17149,17149,d,75,False,False,False,1,1096
12188,q17150,17150,b,78,False,False,False,1,1102
12189,q17151,17151,c,77,False,False,False,1,1100
12190,q17152,17152,a,120,False,False,False,1,1164
12191,q17153,17153,c,74,False,False,False,1,1094
12192,q17154,17154,c,74,False,False,False,1,1094
12193,q17155,17155,a,83,False,False,False,1,1110
12194,q17156,17156,d,81,False,False,False,1,1107
12195,q17157,17157,a,74,False,False,False,1,1094
12196,q17158,17158,a,133,False,False,False,1,1182
12197,q17159,17159,b,98,False,False,False,1,1133
12198,q17160,17160,d,77,False,False,False,1,1100
12199,q17161,17161,b,88,False,False,False,1,1120
12200,q17162,17162,d,74,False,False,False,1,1094
12201,q17163,17163,d,80,False,False,False,1,1105
12202,q17164,17164,a,83,False,False,False,1,1110
12203,q17165,17165,a,86,False,False,False,1,1116
12204,q17166,17166,c,72,False,False,False,1,1091
12205,q17167,17167,d,71,False,False,False,1,1089
12206,q17168,17168,d,77,False,False,False,1,1100
12207,q17169,17169,a,71,False,False,False,1,1089
12208,q17170,17170,d,85,False,False,False,1,1114
12209,q17171,17171,d,119,False,False,False,1,1162
12210,q17172,17172,d,76,False,False,False,1,1098
12211,q17173,17173,a,105,False,False,False,1,1141
12212,q17174,17174,c,105,False,False,False,1,1141
12213,q17175,17175,d,86,False,False,False,1,1116
12214,q17176,17176,c,74,False,False,False,1,1094
12215,q17177,17177,d,118,False,False,False,1,1161
12216,q17178,17178,a,85,False,False,False,1,1114
12217,q17179,17179,d,98,False,False,False,1,1133
12218,q17180,17180,c,83,False,False,False,1,1110
12219,q17181,17181,c,119,False,False,False,1,1162
12220,q17182,17182,b,76,False,False,False,1,1098
12221,q17183,17183,c,105,False,False,False,1,1141
12222,q17184,17184,d,77,False,False,False,1,1100
12223,q17185,17185,b,71,False,False,False,1,1089
12224,q17186,17186,b,85,False,False,False,1,1114
12225,q17187,17187,b,80,False,False,False,1,1105
12226,q17188,17188,a,83,False,False,False,1,1110
12227,q17189,17189,c,109,False,False,False,1,1147
12228,q17190,17190,a,77,False,False,False,1,1100
12229,q17191,17191,c,71,False,False,False,1,1089
12230,q17192,17192,a,88,False,False,False,1,1120
12231,q17193,17193,d,85,False,False,False,1,1114
12232,q17194,17194,c,98,False,False,False,1,1133
12233,q17195,17195,b,74,False,False,False,1,1094
12234,q17196,17196,a,144,False,False,False,1,1194
12235,q17197,17197,b,77,False,False,False,1,1100
12236,q17198,17198,b,86,False,False,False,1,1116
12237,q17199,17199,a,83,False,False,False,1,1110
12238,q17200,17200,c,71,False,False,False,1,1089
12239,q17201,17201,d,76,False,False,False,1,1098
12240,q17202,17202,a,98,False,False,False,1,1133
12241,q17203,17203,b,105,False,False,False,1,1141
12242,q17204,17204,a,77,False,False,False,1,1100
12243,q17205,17205,a,76,False,False,False,1,1098
12244,q17206,17206,d,85,False,False,False,1,1114
12245,q17207,17207,c,107,False,False,False,1,1144
12246,q17208,17208,b,133,False,False,False,1,1182
12247,q17209,17209,d,113,False,False,False,1,1153
12248,q17210,17210,a,72,False,False,False,1,1091
12249,q17211,17211,b,78,False,False,False,1,1102
12250,q17212,17212,d,83,False,False,False,1,1110
12251,q17213,17213,d,71,False,False,False,1,1089
12252,q17214,17214,c,74,False,False,False,1,1094
12253,q17215,17215,d,138,False,False,False,1,1188
12254,q17216,17216,b,83,False,False,False,1,1110
12255,q17217,17217,d,80,False,False,False,1,1105
12256,q17218,17218,a,85,False,False,False,1,1114
12257,q17219,17219,b,76,False,False,False,1,1098
12258,q17220,17220,c,86,False,False,False,1,1116
12259,q17221,17221,b,74,False,False,False,1,1094
12260,q17222,17222,b,88,False,False,False,1,1120
12261,q17223,17223,d,86,False,False,False,1,1116
12262,q17224,17224,d,85,False,False,False,1,1114
12263,q17225,17225,c,98,False,False,False,1,1133
12264,q17226,17226,b,120,False,False,False,1,1164
12265,q17227,17227,a,83,False,False,False,1,1110
12266,q17228,17228,a,98,False,False,False,1,1133
12267,q17229,17229,d,107,False,False,False,1,1144
12268,q17230,17230,c,76,False,False,False,1,1098
12269,q17231,17231,d,71,False,False,False,1,1089
12270,q17232,17232,a,78,False,False,False,1,1102
12271,q17233,17233,b,72,False,False,False,1,1091
12272,q17234,17234,b,83,False,False,False,1,1110
12273,q17235,17235,b,119,False,False,False,1,1162
12274,q17236,17236,a,86,False,False,False,1,1116
12275,q17237,17237,b,77,False,False,False,1,1100
12276,q17238,17238,d,71,False,False,False,1,1089
12277,q17239,17239,d,74,False,False,False,1,1094
12278,q17240,17240,a,76,False,False,False,1,1098
12279,q17241,17241,b,71,False,False,False,1,1089
12280,q17242,17242,c,85,False,False,False,1,1114
12281,q17243,17243,d,96,False,False,False,1,1131
12282,q17244,17244,a,94,False,False,False,1,1128
12283,q17245,17245,d,135,False,False,False,1,1185
12284,q17246,17246,c,78,False,False,False,1,1102
12285,q17247,17247,c,85,False,False,False,1,1114
12286,q17248,17248,c,133,False,False,False,1,1182
12287,q17249,17249,c,74,False,False,False,1,1094
12288,q17250,17250,d,116,False,False,False,1,1158
12289,q17251,17251,d,71,False,False,False,1,1089
12290,q17252,17252,c,85,False,False,False,1,1114
12291,q17253,17253,c,86,False,False,False,1,1116
12292,q17254,17254,c,88,False,False,False,1,1120
12293,q17255,17255,d,74,False,False,False,1,1094
12294,q17256,17256,c,86,False,False,False,1,1116
12295,q17257,17257,a,83,False,False,False,1,1110
12296,q17258,17258,c,98,False,False,False,1,1133
12297,q17259,17259,d,76,False,False,False,1,1098
12298,q17260,17260,b,86,False,False,False,1,1116
12299,q17261,17261,c,74,False,False,False,1,1094
12300,q17262,17262,d,71,False,False,False,1,1089
12301,q17263,17263,a,83,False,False,False,1,1110
12302,q17264,17264,c,101,False,False,False,1,1137
12303,q17265,17265,b,77,False,False,False,1,1100
12304,q17266,17266,d,85,False,False,False,1,1114
12305,q17267,17267,d,86,False,False,False,1,1116
12306,q17268,17268,b,76,False,False,False,1,1098
12307,q17269,17269,b,105,False,False,False,1,1141
12308,q17270,17270,b,129,False,False,False,1,1176
12309,q17271,17271,d,133,False,False,False,1,1182
12310,q17272,17272,c,77,False,False,False,1,1100
12311,q17273,17273,a,133,False,False,False,1,1182
12312,q17274,17274,b,85,False,False,False,1,1114
12313,q17275,17275,c,77,False,False,False,1,1100
12314,q17276,17276,b,119,False,False,False,1,1162
12315,q17277,17277,c,76,False,False,False,1,1098
12316,q17278,17278,b,116,False,False,False,1,1158
12317,q17279,17279,a,144,False,False,False,1,1194
12318,q17280,17280,b,89,False,False,False,1,1122
12319,q17281,17281,d,138,False,False,False,1,1188
12320,q17282,17282,b,74,False,False,False,1,1094
12321,q17283,17283,b,96,False,False,False,1,1131
12322,q17284,17284,d,71,False,False,False,1,1089
12323,q17285,17285,c,122,False,False,False,1,1167
12324,q17286,17286,a,88,False,False,False,1,1120
12325,q17287,17287,b,133,False,False,False,1,1182
12326,q17288,17288,d,74,False,False,False,1,1094
12327,q17289,17289,c,98,False,False,False,1,1133
12328,q17290,17290,b,101,False,False,False,1,1137
12329,q17291,17291,b,119,False,False,False,1,1162
12330,q17292,17292,c,105,False,False,False,1,1141
12331,q17293,17293,b,86,False,False,False,1,1116
12332,q17294,17294,d,138,False,False,False,1,1188
12333,q17295,17295,a,71,False,False,False,1,1089
12334,q17296,17296,b,77,False,False,False,1,1100
12335,q17297,17297,c,98,False,False,False,1,1133
12336,q17298,17298,a,83,False,False,False,1,1110
12337,q17299,17299,b,83,False,False,False,1,1110
12338,q17300,17300,c,98,False,False,False,1,1133
12339,q17301,17301,c,85,False,False,False,1,1114
12340,q17302,17302,a,105,False,False,False,1,1141
12341,q17303,17303,b,94,False,False,False,1,1128
12342,q17304,17304,d,76,False,False,False,1,1098
12343,q17305,17305,c,76,False,False,False,1,1098
12344,q17306,17306,b,77,False,False,False,1,1100
12345,q17307,17307,d,76,False,False,False,1,1098
12346,q17308,17308,c,133,False,False,False,1,1182
12347,q17309,17309,b,133,False,False,False,1,1182
12348,q17310,17310,d,74,False,False,False,1,1094
12349,q17311,17311,c,98,False,False,False,1,1133
12350,q17312,17312,c,88,False,False,False,1,1120
12351,q17313,17313,b,85,False,False,False,1,1114
12352,q17314,17314,c,71,False,False,False,1,1089
12353,q17315,17315,d,85,False,False,False,1,1114
12354,q17316,17316,c,86,False,False,False,1,1116
12355,q17317,17317,a,133,False,False,False,1,1182
12356,q17318,17318,b,98,False,False,False,1,1133
12357,q17319,17319,c,76,False,False,False,1,1098
12358,q17320,17320,d,86,False,False,False,1,1116
12359,q17321,17321,a,74,False,False,False,1,1094
12360,q17322,17322,c,71,False,False,False,1,1089
12361,q17323,17323,c,133,False,False,False,1,1182
12362,q17324,17324,d,80,False,False,False,1,1105
12363,q17325,17325,a,83,False,False,False,1,1110
12364,q17326,17326,a,94,False,False,False,1,1128
12365,q17327,17327,b,77,False,False,False,1,1100
12366,q17328,17328,a,119,False,False,False,1,1162
12367,q17329,17329,b,74,False,False,False,1,1094
12368,q17330,17330,b,71,False,False,False,1,1089
12369,q17331,17331,d,77,False,False,False,1,1100
12370,q17332,17332,c,119,False,False,False,1,1162
12371,q17333,17333,c,83,False,False,False,1,1110
12372,q17334,17334,c,76,False,False,False,1,1098
12373,q17335,17335,a,93,False,False,False,1,1127
12374,q17336,17336,d,71,False,False,False,1,1089
12375,q17337,17337,d,77,False,False,False,1,1100
12376,q17338,17338,a,98,False,False,False,1,1133
12377,q17339,17339,d,74,False,False,False,1,1094
12378,q17340,17340,c,95,False,False,False,1,1129
12379,q17341,17341,a,107,False,False,False,1,1144
12380,q17342,17342,a,76,False,False,False,1,1098
12381,q17343,17343,d,86,False,False,False,1,1116
12382,q17344,17344,b,74,False,False,False,1,1094
12383,q17345,17345,c,75,False,False,False,1,1096
12384,q17346,17346,b,83,False,False,False,1,1110
12385,q17347,17347,b,71,False,False,False,1,1089
12386,q17348,17348,b,76,False,False,False,1,1098
12387,q17349,17349,a,138,False,False,False,1,1188
12388,q17350,17350,c,105,False,False,False,1,1141
12389,q17351,17351,b,71,False,False,False,1,1089
12390,q17352,17352,b,76,False,False,False,1,1098
12391,q17353,17353,d,77,False,False,False,1,1100
12392,q17354,17354,c,98,False,False,False,1,1133
12393,q17355,17355,c,85,False,False,False,1,1114
12394,q17356,17356,d,135,False,False,False,1,1185
12395,q17357,17357,c,83,False,False,False,1,1110
12396,q17358,17358,a,85,False,False,False,1,1114
12397,q17359,17359,a,98,False,False,False,1,1133
12398,q17360,17360,d,80,False,False,False,1,1105
12399,q17361,17361,c,77,False,False,False,1,1100
12400,q17362,17362,d,85,False,False,False,1,1114
12401,q17363,17363,c,71,False,False,False,1,1089
12402,q17364,17364,c,133,False,False,False,1,1182
12403,q17365,17365,b,86,False,False,False,1,1116
12404,q17366,17366,d,105,False,False,False,1,1141
12405,q17367,17367,b,77,False,False,False,1,1100
12406,q17368,17368,c,88,False,False,False,1,1120
12407,q17369,17369,b,98,False,False,False,1,1133
12408,q17370,17370,a,74,False,False,False,1,1094
12409,q17371,17371,b,98,False,False,False,1,1133
12410,q17372,17372,c,85,False,False,False,1,1114
12411,q17373,17373,b,86,False,False,False,1,1116
12412,q17374,17374,b,71,False,False,False,1,1089
12413,q17375,17375,d,129,False,False,False,1,1176
12414,q17376,17376,c,86,False,False,False,1,1116
12415,q17377,17377,b,98,False,False,False,1,1133
12416,q17378,17378,c,76,False,False,False,1,1098
12417,q17379,17379,b,105,False,False,False,1,1141
12418,q17380,17380,c,71,False,False,False,1,1089
12419,q17381,17381,b,77,False,False,False,1,1100
12420,q17382,17382,b,107,False,False,False,1,1144
12421,q17383,17383,a,133,False,False,False,1,1182
12422,q17384,17384,b,86,False,False,False,1,1116
12423,q17385,17385,d,83,False,False,False,1,1110
12424,q17386,17386,d,77,False,False,False,1,1100
12425,q17387,17387,c,92,False,False,False,1,1126
12426,q17388,17388,c,74,False,False,False,1,1094
12427,q17389,17389,b,80,False,False,False,1,1105
12428,q17390,17390,d,135,False,False,False,1,1185
12429,q17391,17391,b,133,False,False,False,1,1182
12430,q17392,17392,d,77,False,False,False,1,1100
12431,q17393,17393,b,133,False,False,False,1,1182
12432,q17394,17394,d,85,False,False,False,1,1114
12433,q17395,17395,c,88,False,False,False,1,1120
12434,q17396,17396,c,85,False,False,False,1,1114
12435,q17397,17397,d,74,False,False,False,1,1094
12436,q17398,17398,b,90,False,False,False,1,1123
12437,q17399,17399,d,83,False,False,False,1,1110
12438,q17400,17400,a,99,False,False,False,1,1134
12439,q17413,17413,d,83,False,False,False,1,1110
12440,q17414,17414,c,74,False,False,False,1,1094
12441,q17415,17415,a,76,False,False,False,1,1098
12442,q17416,17416,b,105,False,False,False,1,1141
12443,q17417,17417,b,135,False,False,False,1,1185
12444,q17418,17418,c,77,False,False,False,1,1100
12445,q17419,17419,d,83,False,False,False,1,1110
12446,q17420,17420,d,85,False,False,False,1,1114
12447,q17421,17421,a,76,False,False,False,1,1098
12448,q17422,17422,c,130,False,False,False,1,1178
12449,q17423,17423,d,146;153;164;176,False,True,False,4,1266
12450,q17424,17424,a,146;153;164;176,False,True,False,4,1266
12451,q17425,17425,d,146;164;176;196,False,True,False,4,1275
12452,q17426,17426,c,146;153;164;176,False,True,False,4,1266
12453,q17427,17427,b,146;156;164;176,False,True,False,4,1272
12454,q17428,17428,a,146;153;177,False,True,False,3,1267
12455,q17429,17429,c,146;153;177,False,True,False,3,1267
12456,q17430,17430,d,148;157;177,False,True,False,3,1339
12457,q17431,17431,b,153;157;177,False,True,False,3,1441
12458,q17432,17432,b,146;149;177,False,True,False,3,1243
12459,q17433,17433,d,146;150;177,False,True,False,3,1248
12460,q17434,17434,c,146;153;177,False,True,False,3,1267
12461,q17435,17435,b,148;157;177,False,True,False,3,1339
12462,q17436,17436,d,150;157;177,False,True,False,3,1395
12463,q17437,17437,b,153;157;177,False,True,False,3,1441
12464,q17438,17438,b,153;170;177,False,True,False,3,1459
12465,q17439,17439,a,149;170;177,False,True,False,3,1380
12466,q17440,17440,a,153;170;177,False,True,False,3,1459
12467,q17441,17441,c,153;170;177,False,True,False,3,1459
12468,q17442,17442,d,167,False,False,False,1,1485
12469,q17443,17443,b,167,False,False,False,1,1485
12470,q17444,17444,b,167,False,False,False,1,1485
12471,q17445,17445,a,167,False,False,False,1,1485
12472,q17446,17446,d,153;155;158;163;178,False,True,False,5,1434
12473,q17447,17447,a,150;155;158;163;178,False,True,False,5,1387
12474,q17448,17448,b,155;158;163;178;196,False,True,False,5,1466
12475,q17449,17449,b,153;155;158;163;178,False,True,False,5,1434
12476,q17450,17450,c,155;158;163;178;196,False,True,False,5,1466
12477,q17451,17451,b,151;155;158;175;178,False,True,False,5,1410
12478,q17452,17452,d,155;158;175;178;196,False,True,False,5,1467
12479,q17453,17453,c,153;155;158;175;178,False,True,False,5,1435
12480,q17454,17454,c,150;155;158;175;178,False,True,False,5,1388
12481,q17455,17455,a,155;158;175;178;196,False,True,False,5,1467
12482,q17456,17456,d,56;60;181,False,True,False,3,917
12483,q17457,17457,a,52;60;181,False,True,False,3,581
12484,q17458,17458,c,54;60;181,False,True,False,3,762
12485,q17459,17459,d,53;63;184,False,True,False,3,699
12486,q17460,17460,b,52;63;184,False,True,False,3,603
12487,q17461,17461,b,52;63;184,False,True,False,3,603
12488,q17462,17462,b,53;66;183,False,True,False,3,715
12489,q17463,17463,d,52;66;183,False,True,False,3,624
12490,q17464,17464,a,54;66;183,False,True,False,3,794
12491,q17465,17465,a,56;59;182,False,True,False,3,911
12492,q17466,17466,a,52;59;182,False,True,False,3,573
12493,q17467,17467,b,57;59;182,False,True,False,3,1002
12494,q17468,17468,b,56;60;181,False,True,False,3,917
12495,q17469,17469,c,52;60;181,False,True,False,3,581
12496,q17470,17470,d,54;60;181,False,True,False,3,762
12497,q17471,17471,d,56;64;184,False,True,False,3,945
12498,q17472,17472,b,52;64;184,False,True,False,3,613
12499,q17473,17473,a,52;64;184,False,True,False,3,613
12500,q17474,17474,c,56;183;300,False,True,False,3,996
12501,q17475,17475,d,57;183;300,False,True,False,3,1043
12502,q17476,17476,d,55;183;300,False,True,False,3,904
12503,q17477,17477,c,53;66;182,False,True,False,3,714
12504,q17478,17478,d,52;66;182,False,True,False,3,623
12505,q17479,17479,b,54;66;182,False,True,False,3,793
12506,q17480,17480,d,56;67;184,False,True,False,3,962
12507,q17481,17481,b,58;67;184,False,True,False,3,1069
12508,q17482,17482,c,54;67;184,False,True,False,3,800
12509,q17483,17483,b,56;181;300,False,True,False,3,988
12510,q17484,17484,d,52;181;300,False,True,False,3,662
12511,q17485,17485,c,58;181;300,False,True,False,3,1082
12512,q17486,17486,c,76,False,False,False,1,1098
12513,q17487,17487,b,143,False,False,False,1,1192
12514,q17488,17488,d,88,False,False,False,1,1120
12515,q17489,17489,b,134,False,False,False,1,1183
12516,q17490,17490,c,119,False,False,False,1,1162
12517,q17491,17491,a,77,False,False,False,1,1100
12518,q17492,17492,d,143,False,False,False,1,1192
12519,q17493,17493,d,80,False,False,False,1,1105
12520,q17494,17494,d,76,False,False,False,1,1098
12521,q17495,17495,a,219,False,False,False,1,1495
12522,q17496,17496,c,86,False,False,False,1,1116
12523,q17497,17497,a,143,False,False,False,1,1192
12524,q17498,17498,a,76,False,False,False,1,1098
12525,q17499,17499,d,134,False,False,False,1,1183
12526,q17500,17500,b,112,False,False,False,1,1152
12527,q17501,17501,a,143,False,False,False,1,1192
12528,q17502,17502,c,148;159;177,False,True,False,3,1346
12529,q17503,17503,a,150;159;177,False,True,False,3,1402
12530,q17504,17504,c,146;149;177,False,True,False,3,1243
12531,q17505,17505,a,146;150;177,False,True,False,3,1248
12532,q17506,17506,c,148;155;177,False,True,False,3,1336
12533,q17507,17507,a,155;156;177,False,True,False,3,1464
12534,q17508,17508,d,148;170;177,False,True,False,3,1349
12535,q17509,17509,a,150;170;177,False,True,False,3,1406
12536,q17510,17510,d,149;170;177,False,True,False,3,1380
12537,q17511,17511,c,167;168;177,False,True,False,3,1486
12538,q17512,17512,a,150;167;177,False,True,False,3,1404
12539,q17513,17513,d,148;155;177,False,True,False,3,1336
12540,q17514,17514,b,153;155;177,False,True,False,3,1439
12541,q17515,17515,d,150;155;177,False,True,False,3,1393
12542,q17516,17516,b,155;169;177,False,True,False,3,1468
12543,q17517,17517,b,149;167;177,False,True,False,3,1376
12544,q17518,17518,a,148;167;177,False,True,False,3,1348
12545,q17519,17519,a,149;167;177,False,True,False,3,1376
12546,q17520,17520,c,153;167;177,False,True,False,3,1456
12547,q17521,17521,a,153;157;177,False,True,False,3,1441
12548,q17522,17522,c,149;157;177,False,True,False,3,1364
12549,q17523,17523,c,150;157;177,False,True,False,3,1395
12550,q17524,17524,a,148;152;177,False,True,False,3,1328
12551,q17525,17525,d,150;152;177,False,True,False,3,1382
12552,q17526,17526,b,152;153;177,False,True,False,3,1427
12553,q17527,17527,a,150;157;177,False,True,False,3,1395
12554,q17528,17528,c,151;157;177,False,True,False,3,1417
12555,q17529,17529,b,149;157;177,False,True,False,3,1364
12556,q17530,17530,c,157;169;177,False,True,False,3,1480
12557,q17531,17531,c,2;22;181,False,True,False,3,94
12558,q17532,17532,b,7;18;183,False,True,False,3,137
12559,q17533,17533,b,2;4;182,False,True,False,3,20
12560,q17534,17534,a,2;22;184,False,True,False,3,97
12561,q17535,17535,c,2;5;181,False,True,False,3,28
12562,q17536,17536,d,6;7;183,False,True,False,3,108
12563,q17537,17537,c,31;32;182;184,False,True,False,4,459
12564,q17538,17538,b,24;43;181;182,False,True,False,4,280
12565,q17539,17539,b,34;35;182;183,False,True,False,4,488
12566,q17540,17540,a,38;39;181;183,False,True,False,4,528
12567,q17541,17541,c,36;37;183;184,False,True,False,4,514
12568,q17542,17542,a,44;45;182;184,False,True,False,4,547
12569,q17543,17543,c,28;29;181;182,False,True,False,4,354
12570,q17544,17544,b,24;50;182;183,False,True,False,4,306
12571,q17545,17545,c,24;26;181;182,False,True,False,4,200
12572,q17546,17546,c,31;32;182;183,False,True,False,4,458
12573,q17547,17547,b,44;45;181;184,False,True,False,4,544
12574,q17548,17548,a,36;37;182;183,False,True,False,4,512
12575,q17549,17549,a,34;35;182;184,False,True,False,4,489
12576,q17550,17550,a,155;156;158;175;178,False,True,False,5,1462
12577,q17551,17551,b,155;158;175;178;196,False,True,False,5,1467
12578,q17552,17552,a,150;155;158;175;178,False,True,False,5,1388
12579,q17553,17553,c,155;158;175;178;196,False,True,False,5,1467
12580,q17554,17554,c,153;155;158;175;178,False,True,False,5,1435
12581,q17555,17555,d,150;158;162;170;178,False,True,False,5,1399
12582,q17556,17556,c,150;158;162;170;178,False,True,False,5,1399
12583,q17557,17557,d,148;158;162;170;178,False,True,False,5,1344
12584,q17558,17558,b,158;162;170;178;196,False,True,False,5,1482
12585,q17559,17559,a,158;162;170;178;196,False,True,False,5,1482
12586,q17560,17560,b,146;148;164;165;178,False,True,False,5,1229
12587,q17561,17561,d,146;164;165;178;196,False,True,False,5,1274
12588,q17562,17562,b,146;164;165;178;196,False,True,False,5,1274
12589,q17563,17563,b,146;149;164;165;178,False,True,False,5,1242
12590,q17564,17564,d,146;151;164;165;178,False,True,False,5,1254
12591,q17565,17565,b,71,False,False,False,1,1089
12592,q17566,17566,c,74,False,False,False,1,1094
12593,q17567,17567,d,86,False,False,False,1,1116
12594,q17568,17568,a,122,False,False,False,1,1167
12595,q17569,17569,b,138,False,False,False,1,1188
12596,q17570,17570,a,88,False,False,False,1,1120
12597,q17571,17571,c,72,False,False,False,1,1091
12598,q17572,17572,d,86,False,False,False,1,1116
12599,q17573,17573,d,98,False,False,False,1,1133
12600,q17574,17574,c,101,False,False,False,1,1137
12601,q17575,17575,c,77,False,False,False,1,1100
12602,q17576,17576,c,89,False,False,False,1,1122
12603,q17577,17577,d,133,False,False,False,1,1182
12604,q17578,17578,b,138,False,False,False,1,1188
12605,q17579,17579,b,83,False,False,False,1,1110
12606,q17580,17580,b,77,False,False,False,1,1100
12607,q17581,17581,c,92,False,False,False,1,1126
12608,q17582,17582,a,85,False,False,False,1,1114
12609,q17583,17583,d,76,False,False,False,1,1098
12610,q17584,17584,b,135,False,False,False,1,1185
12611,q17585,17585,a,85,False,False,False,1,1114
12612,q17586,17586,a,120,False,False,False,1,1164
12613,q17587,17587,d,129,False,False,False,1,1176
12614,q17588,17588,b,105,False,False,False,1,1141
12615,q17589,17589,b,85,False,False,False,1,1114
12616,q17590,17590,a,76,False,False,False,1,1098
12617,q17591,17591,d,74,False,False,False,1,1094
12618,q17592,17592,c,71,False,False,False,1,1089
12619,q17593,17593,b,83,False,False,False,1,1110
12620,q17594,17594,b,83,False,False,False,1,1110
12621,q17595,17595,c,53;181;182,False,True,False,3,732
12622,q17596,17596,d,52;181;182,False,True,False,3,652
12623,q17597,17597,a,54;181;182,False,True,False,3,818
12624,q17598,17598,a,52;183;184,False,True,False,3,667
12625,q17599,17599,a,52;183;184,False,True,False,3,667
12626,q17600,17600,d,54;183;184,False,True,False,3,831
12627,q17601,17601,a,52;181;183;184,False,True,False,4,656
12628,q17602,17602,d,52;181;183;184,False,True,False,4,656
12629,q17603,17603,b,52;181;183;184,False,True,False,4,656
12630,q17604,17604,c,53;181;184,False,True,False,3,738
12631,q17605,17605,b,52;181;184,False,True,False,3,658
12632,q17606,17606,c,54;181;184,False,True,False,3,823
12633,q17607,17607,d,56;183;184,False,True,False,3,992
12634,q17608,17608,c,57;183;184,False,True,False,3,1040
12635,q17609,17609,b,52;183;184,False,True,False,3,667
12636,q17610,17610,b,56;182;183,False,True,False,3,989
12637,q17611,17611,d,52;182;183,False,True,False,3,663
12638,q17612,17612,a,55;182;183,False,True,False,3,896
12639,q17613,17613,a,53;181;182,False,True,False,3,732
12640,q17614,17614,b,52;181;182,False,True,False,3,652
12641,q17615,17615,d,54;181;182,False,True,False,3,818
12642,q17616,17616,d,56;181;184,False,True,False,3,984
12643,q17617,17617,a,57;181;184,False,True,False,3,1036
12644,q17618,17618,b,54;181;184,False,True,False,3,823
12645,q17619,17619,b,53;182;183,False,True,False,3,742
12646,q17620,17620,c,52;182;183,False,True,False,3,663
12647,q17621,17621,d,55;182;183,False,True,False,3,896
12648,q17622,17622,c,52;181;182,False,True,False,3,652
12649,q17623,17623,b,52;181;182,False,True,False,3,652
12650,q17624,17624,a,52;181;182,False,True,False,3,652
12651,q17625,17625,c,52;183;184,False,True,False,3,667
12652,q17626,17626,a,58;183;184,False,True,False,3,1085
12653,q17627,17627,a,54;183;184,False,True,False,3,831
12654,q17628,17628,c,52;181;182,False,True,False,3,652
12655,q17629,17629,b,58;181;182,False,True,False,3,1078
12656,q17630,17630,b,52;181;182,False,True,False,3,652
12657,q17631,17631,a,52;181;184,False,True,False,3,658
12658,q17632,17632,c,58;181;184,False,True,False,3,1079
12659,q17633,17633,c,52;181;184,False,True,False,3,658
12660,q17634,17634,b,24;43;183;184,False,True,False,4,286
12661,q17635,17635,c,28;29;181;183,False,True,False,4,355
12662,q17636,17636,b,38;39;181;184,False,True,False,4,529
12663,q17637,17637,a,24;25;182;183,False,True,False,4,183
12664,q17638,17638,c,24;50;181;184,False,True,False,4,304
12665,q17639,17639,c,31;32;182;183,False,True,False,4,458
12666,q17640,17640,b,24;33;181;182,False,True,False,4,247
12667,q17641,17641,c,36;37;181;184,False,True,False,4,510
12668,q17642,17642,c,36;37;181;183,False,True,False,4,509
12669,q17643,17643,a,31;32;183;184,False,True,False,4,460
12670,q17644,17644,c,24;33;182;183,False,True,False,4,251
12671,q17645,17645,b,31;32;181;182,False,True,False,4,454
12672,q17646,17646,c,38;39;182;183,False,True,False,4,531
12673,q17647,17647,c,24;26;181;182,False,True,False,4,200
12674,q17648,17648,a,34;35;182;183,False,True,False,4,488
12675,q17649,17649,c,24;40;181;184,False,True,False,4,260
12676,q17650,17650,b,24;48;181;183,False,True,False,4,293
12677,q17651,17651,c,24;26;181;184,False,True,False,4,202
12678,q17652,17652,a,28;29;181;182,False,True,False,4,354
12679,q17653,17653,a,24;25;181;184,False,True,False,4,181
12680,q17654,17654,b,34;42;181;182,False,True,False,4,498
12681,q17655,17655,c,38;39;182;183,False,True,False,4,531
12682,q17656,17656,b,24;50;183;184,False,True,False,4,308
12683,q17657,17657,b,36;37;182;183,False,True,False,4,512
12684,q17658,17658,b,34;35;181;183,False,True,False,4,485
12685,q17659,17659,a,56;64;182,False,True,False,3,943
12686,q17660,17660,c,52;64;182,False,True,False,3,611
12687,q17661,17661,d,52;64;182,False,True,False,3,611
12688,q17662,17662,b,52;60;181,False,True,False,3,581
12689,q17663,17663,a,52;60;181,False,True,False,3,581
12690,q17664,17664,d,52;60;181,False,True,False,3,581
12691,q17665,17665,d,56;59;184,False,True,False,3,913
12692,q17666,17666,d,57;59;184,False,True,False,3,1004
12693,q17667,17667,a,52;59;184,False,True,False,3,575
12694,q17668,17668,b,53;63;183,False,True,False,3,698
12695,q17669,17669,a,52;63;183,False,True,False,3,602
12696,q17670,17670,c,52;63;183,False,True,False,3,602
12697,q17671,17671,c,56;68;184,False,True,False,3,967
12698,q17672,17672,b,52;68;184,False,True,False,3,637
12699,q17673,17673,a,52;68;184,False,True,False,3,637
12700,q17674,17674,a,56;60;181,False,True,False,3,917
12701,q17675,17675,c,54;60;181,False,True,False,3,762
12702,q17676,17676,d,57;60;181,False,True,False,3,1007
12703,q17677,17677,a,53;59;184,False,True,False,3,678
12704,q17678,17678,d,52;59;184,False,True,False,3,575
12705,q17679,17679,d,52;59;184,False,True,False,3,575
12706,q17680,17680,d,53;66;183,False,True,False,3,715
12707,q17681,17681,c,52;66;183,False,True,False,3,624
12708,q17682,17682,a,52;66;183,False,True,False,3,624
12709,q17683,17683,c,52;182;300,False,True,False,3,666
12710,q17684,17684,a,58;182;300,False,True,False,3,1084
12711,q17685,17685,d,55;182;300,False,True,False,3,899
12712,q17686,17686,b,56;65;181,False,True,False,3,948
12713,q17687,17687,c,58;65;181,False,True,False,3,1064
12714,q17688,17688,c,52;65;181,False,True,False,3,616
12715,q17689,17689,b,56;181;182,False,True,False,3,980
12716,q17690,17690,d,52;181;182,False,True,False,3,652
12717,q17691,17691,a,52;181;182,False,True,False,3,652
12718,q17692,17692,d,52;183;184,False,True,False,3,667
12719,q17693,17693,b,52;183;184,False,True,False,3,667
12720,q17694,17694,a,57;183;184,False,True,False,3,1040
12721,q17695,17695,a,53;181;183;184,False,True,False,4,736
12722,q17696,17696,d,52;181;183;184,False,True,False,4,656
12723,q17697,17697,b,54;181;183;184,False,True,False,4,821
12724,q17698,17698,c,56;182;183,False,True,False,3,989
12725,q17699,17699,a,54;182;183,False,True,False,3,827
12726,q17700,17700,d,54;182;183,False,True,False,3,827
12727,q17701,17701,b,56;183;184,False,True,False,3,992
12728,q17702,17702,c,52;183;184,False,True,False,3,667
12729,q17703,17703,d,52;183;184,False,True,False,3,667
12730,q17704,17704,d,56;181;182,False,True,False,3,980
12731,q17705,17705,c,52;181;182,False,True,False,3,652
12732,q17706,17706,b,55;181;182,False,True,False,3,889
12733,q17707,17707,a,56;181;182;184,False,True,False,4,982
12734,q17708,17708,d,52;181;182;184,False,True,False,4,654
12735,q17709,17709,b,52;181;182;184,False,True,False,4,654
12736,q17710,17710,c,53;181;182,False,True,False,3,732
12737,q17711,17711,d,52;181;182,False,True,False,3,652
12738,q17712,17712,a,54;181;182,False,True,False,3,818
12739,q17713,17713,a,56;183;184,False,True,False,3,992
12740,q17714,17714,d,52;183;184,False,True,False,3,667
12741,q17715,17715,c,55;183;184,False,True,False,3,900
12742,q17716,17716,a,53;181;182,False,True,False,3,732
12743,q17717,17717,c,57;181;182,False,True,False,3,1031
12744,q17718,17718,b,54;181;182,False,True,False,3,818
12745,q17719,17719,b,56;183;184,False,True,False,3,992
12746,q17720,17720,b,58;183;184,False,True,False,3,1085
12747,q17721,17721,b,54;183;184,False,True,False,3,831
12748,q17722,17722,d,53;181;184,False,True,False,3,738
12749,q17723,17723,a,52;181;184,False,True,False,3,658
12750,q17724,17724,c,58;181;184,False,True,False,3,1079
12751,q17725,17725,b,56;183;184,False,True,False,3,992
12752,q17726,17726,c,52;183;184,False,True,False,3,667
12753,q17727,17727,c,58;183;184,False,True,False,3,1085
12754,q17728,17728,b,2;5;181,False,True,False,3,28
12755,q17729,17729,c,2;16;183,False,True,False,3,84
12756,q17730,17730,a,7;10;182,False,True,False,3,115
12757,q17731,17731,d,2;19;184,False,True,False,3,90
12758,q17732,17732,a,2;5;183,False,True,False,3,30
12759,q17733,17733,c,7;18;181,False,True,False,3,135
12760,q17734,17734,a,146;147;150;176,False,True,False,4,1210
12761,q17735,17735,b,146;147;153;176,False,True,False,4,1219
12762,q17736,17736,b,146;147;153;176,False,True,False,4,1219
12763,q17737,17737,b,146;147;176;196,False,True,False,4,1226
12764,q17738,17738,a,146;147;176;196,False,True,False,4,1226
12765,q17739,17739,b,153;164;170;176,False,True,False,4,1455
12766,q17740,17740,d,150;164;170;176,False,True,False,4,1403
12767,q17741,17741,c,164;170;176;196,False,True,False,4,1484
12768,q17742,17742,b,164;170;176;196,False,True,False,4,1484
12769,q17743,17743,c,150;164;170;176,False,True,False,4,1403
12770,q17744,17744,b,31;32;183;184,False,True,False,4,460
12771,q17745,17745,b,44;45;183;184,False,True,False,4,548
12772,q17746,17746,a,44;45;183;184,False,True,False,4,548
12773,q17747,17747,c,44;49;183;184,False,True,False,4,554
12774,q17748,17748,b,44;45;183;184,False,True,False,4,548
12775,q17749,17749,c,44;45;183;184,False,True,False,4,548
12776,q17750,17750,c,44;45;183;184,False,True,False,4,548
12777,q17751,17751,a,44;45;183;184,False,True,False,4,548
12778,q17752,17752,c,34;42;183;184,False,True,False,4,504
12779,q17753,17753,c,34;42;183;184,False,True,False,4,504
12780,q17754,17754,a,24;48;181;182,False,True,False,4,292
12781,q17755,17755,c,46;47;181;182,False,True,False,4,560
12782,q17756,17756,a,31;32;181;182,False,True,False,4,454
12783,q17757,17757,b,46;47;181;182,False,True,False,4,560
12784,q17758,17758,a,31;32;181;182,False,True,False,4,454
12785,q17759,17759,b,46;47;181;182,False,True,False,4,560
12786,q17760,17760,b,46;47;181;182,False,True,False,4,560
12787,q17761,17761,b,46;47;181;182,False,True,False,4,560
12788,q17762,17762,a,46;47;181;182,False,True,False,4,560
12789,q17763,17763,a,24;48;181;182,False,True,False,4,292
12790,q17764,17764,c,24;41;181;182,False,True,False,4,269
12791,q17765,17765,c,24;40;181;182,False,True,False,4,258
12792,q17766,17766,a,24;40;181;182,False,True,False,4,258
12793,q17767,17767,c,24;41;181;182,False,True,False,4,269
12794,q17768,17768,b,24;50;181;182,False,True,False,4,302
12795,q17769,17769,c,24;40;181;182,False,True,False,4,258
12796,q17770,17770,b,24;41;181;182,False,True,False,4,269
12797,q17771,17771,a,24;40;181;182,False,True,False,4,258
12798,q17772,17772,b,24;40;181;182,False,True,False,4,258
12799,q17773,17773,a,24;41;181;182,False,True,False,4,269
12800,q17774,17774,a,24;25;182;183,False,True,False,4,183
12801,q17775,17775,a,31;32;182;183,False,True,False,4,458
12802,q17776,17776,b,28;29;182;183,False,True,False,4,358
12803,q17777,17777,b,31;32;182;183,False,True,False,4,458
12804,q17778,17778,c,36;37;182;183,False,True,False,4,512
12805,q17779,17779,a,34;35;182;183,False,True,False,4,488
12806,q17780,17780,b,24;43;182;183,False,True,False,4,284
12807,q17781,17781,b,44;45;182;183,False,True,False,4,546
12808,q17782,17782,a,38;39;182;183,False,True,False,4,531
12809,q17783,17783,c,24;26;182;183,False,True,False,4,204
12810,q17784,17784,b,28;29;183;184,False,True,False,4,360
12811,q17785,17785,c,36;37;183;184,False,True,False,4,514
12812,q17786,17786,c,38;39;183;184,False,True,False,4,533
12813,q17787,17787,c,28;29;183;184,False,True,False,4,360
12814,q17788,17788,a,36;37;183;184,False,True,False,4,514
12815,q17789,17789,c,36;37;183;184,False,True,False,4,514
12816,q17790,17790,b,28;29;183;184,False,True,False,4,360
12817,q17791,17791,b,28;29;183;184,False,True,False,4,360
12818,q17792,17792,c,28;29;183;184,False,True,False,4,360
12819,q17793,17793,a,36;37;183;184,False,True,False,4,514
12820,q17794,17794,b,34;35;182;183,False,True,False,4,488
12821,q17795,17795,b,38;39;182;183,False,True,False,4,531
12822,q17796,17796,a,24;50;182;183,False,True,False,4,306
12823,q17797,17797,a,36;37;182;183,False,True,False,4,512
12824,q17798,17798,a,34;42;182;183,False,True,False,4,502
12825,q17799,17799,c,24;33;182;183,False,True,False,4,251
12826,q17800,17800,c,24;40;182;183,False,True,False,4,262
12827,q17801,17801,a,24;26;182;183,False,True,False,4,204
12828,q17802,17802,a,24;25;182;183,False,True,False,4,183
12829,q17803,17803,b,24;48;182;183,False,True,False,4,296
12830,q17804,17804,b,24;33;181;182,False,True,False,4,247
12831,q17805,17805,c,24;33;181;182,False,True,False,4,247
12832,q17806,17806,c,24;33;181;182,False,True,False,4,247
12833,q17807,17807,b,24;33;181;182,False,True,False,4,247
12834,q17808,17808,b,24;33;181;182,False,True,False,4,247
12835,q17809,17809,c,24;33;181;182,False,True,False,4,247
12836,q17810,17810,c,24;33;181;182,False,True,False,4,247
12837,q17811,17811,c,24;33;181;182,False,True,False,4,247
12838,q17812,17812,b,24;33;181;182,False,True,False,4,247
12839,q17813,17813,a,24;33;181;182,False,True,False,4,247
12840,q17814,17814,c,34;35;181;184,False,True,False,4,486
12841,q17815,17815,a,44;45;181;184,False,True,False,4,544
12842,q17816,17816,b,38;39;181;184,False,True,False,4,529
12843,q17817,17817,c,28;29;181;184,False,True,False,4,356
12844,q17818,17818,a,24;40;181;184,False,True,False,4,260
12845,q17819,17819,a,34;42;181;184,False,True,False,4,500
12846,q17820,17820,b,28;29;181;184,False,True,False,4,356
12847,q17821,17821,c,36;37;181;184,False,True,False,4,510
12848,q17822,17822,c,24;25;181;184,False,True,False,4,181
12849,q17823,17823,b,38;39;181;184,False,True,False,4,529
12850,q17824,17824,b,24;43;182;183,False,True,False,4,284
12851,q17825,17825,c,31;32;182;183,False,True,False,4,458
12852,q17826,17826,b,38;39;182;183,False,True,False,4,531
12853,q17827,17827,a,24;33;182;183,False,True,False,4,251
12854,q17828,17828,c,34;35;182;183,False,True,False,4,488
12855,q17829,17829,b,24;40;182;183,False,True,False,4,262
12856,q17830,17830,b,24;48;182;183,False,True,False,4,296
12857,q17831,17831,a,24;26;182;183,False,True,False,4,204
12858,q17832,17832,c,28;29;182;183,False,True,False,4,358
12859,q17833,17833,a,24;25;182;183,False,True,False,4,183
12860,q17834,17834,c,46;47;181;182,False,True,False,4,560
12861,q17835,17835,b,31;32;181;182,False,True,False,4,454
12862,q17836,17836,c,28;29;181;182,False,True,False,4,354
12863,q17837,17837,b,28;29;181;182,False,True,False,4,354
12864,q17838,17838,b,28;29;181;182,False,True,False,4,354
12865,q17839,17839,c,36;37;181;182,False,True,False,4,508
12866,q17840,17840,b,38;39;181;182,False,True,False,4,527
12867,q17841,17841,b,38;39;181;182,False,True,False,4,527
12868,q17842,17842,b,28;29;181;182,False,True,False,4,354
12869,q17843,17843,a,28;29;181;182,False,True,False,4,354
12870,q17844,17844,b,24;48;181;184,False,True,False,4,294
12871,q17845,17845,a,36;37;181;184,False,True,False,4,510
12872,q17846,17846,a,44;45;181;184,False,True,False,4,544
12873,q17847,17847,a,24;43;181;184,False,True,False,4,282
12874,q17848,17848,b,24;41;181;184,False,True,False,4,271
12875,q17849,17849,a,44;45;181;184,False,True,False,4,544
12876,q17850,17850,c,24;25;181;184,False,True,False,4,181
12877,q17851,17851,b,34;42;181;184,False,True,False,4,500
12878,q17852,17852,a,24;33;181;184,False,True,False,4,249
12879,q17853,17853,c,31;32;181;184,False,True,False,4,456
12880,q17854,17854,b,31;32;182;183,False,True,False,4,458
12881,q17855,17855,a,38;39;182;183,False,True,False,4,531
12882,q17856,17856,a,44;45;182;183,False,True,False,4,546
12883,q17857,17857,b,34;35;182;183,False,True,False,4,488
12884,q17858,17858,c,28;29;182;183,False,True,False,4,358
12885,q17859,17859,a,24;25;182;183,False,True,False,4,183
12886,q17860,17860,c,38;39;182;183,False,True,False,4,531
12887,q17861,17861,b,24;41;182;183,False,True,False,4,273
12888,q17862,17862,c,24;43;182;183,False,True,False,4,284
12889,q17863,17863,a,28;29;182;183,False,True,False,4,358
12890,q17864,17864,a,24;40;181;182,False,True,False,4,258
12891,q17865,17865,c,24;41;181;182,False,True,False,4,269
12892,q17866,17866,a,24;41;181;182,False,True,False,4,269
12893,q17867,17867,c,24;50;181;182,False,True,False,4,302
12894,q17868,17868,a,24;43;181;182,False,True,False,4,280
12895,q17869,17869,b,24;48;181;182,False,True,False,4,292
12896,q17870,17870,b,24;48;181;182,False,True,False,4,292
12897,q17871,17871,a,24;48;181;182,False,True,False,4,292
12898,q17872,17872,c,24;48;181;182,False,True,False,4,292
12899,q17873,17873,c,24;48;181;182,False,True,False,4,292
12900,q17874,17874,c,31;32;183;184,False,True,False,4,460
12901,q17875,17875,b,31;32;183;184,False,True,False,4,460
12902,q17876,17876,c,31;32;183;184,False,True,False,4,460
12903,q17877,17877,b,31;32;183;184,False,True,False,4,460
12904,q17878,17878,a,34;42;183;184,False,True,False,4,504
12905,q17879,17879,a,31;32;183;184,False,True,False,4,460
12906,q17880,17880,c,31;32;183;184,False,True,False,4,460
12907,q17881,17881,b,31;32;183;184,False,True,False,4,460
12908,q17882,17882,c,31;32;183;184,False,True,False,4,460
12909,q17883,17883,b,31;32;183;184,False,True,False,4,460
12910,q17884,17884,c,24;33;182;183,False,True,False,4,251
12911,q17885,17885,a,24;33;182;183,False,True,False,4,251
12912,q17886,17886,b,24;33;182;183,False,True,False,4,251
12913,q17887,17887,b,24;33;182;183,False,True,False,4,251
12914,q17888,17888,c,24;26;182;183,False,True,False,4,204
12915,q17889,17889,c,24;26;182;183,False,True,False,4,204
12916,q17890,17890,a,24;26;182;183,False,True,False,4,204
12917,q17891,17891,c,24;33;182;183,False,True,False,4,251
12918,q17892,17892,a,36;37;182;183,False,True,False,4,512
12919,q17893,17893,c,24;33;182;183,False,True,False,4,251
12920,q17894,17894,a,28;29;183;184,False,True,False,4,360
12921,q17895,17895,b,36;37;183;184,False,True,False,4,514
12922,q17896,17896,a,36;37;183;184,False,True,False,4,514
12923,q17897,17897,b,36;37;183;184,False,True,False,4,514
12924,q17898,17898,b,31;49;183;184,False,True,False,4,472
12925,q17899,17899,b,31;32;183;184,False,True,False,4,460
12926,q17900,17900,a,31;32;183;184,False,True,False,4,460
12927,q17901,17901,c,31;32;183;184,False,True,False,4,460
12928,q17902,17902,b,31;32;183;184,False,True,False,4,460
12929,q17903,17903,a,31;49;183;184,False,True,False,4,472
12930,q17904,17904,a,34;35;181;184,False,True,False,4,486
12931,q17905,17905,c,44;45;181;184,False,True,False,4,544
12932,q17906,17906,a,34;35;181;184,False,True,False,4,486
12933,q17907,17907,b,36;37;181;184,False,True,False,4,510
12934,q17908,17908,a,24;40;181;184,False,True,False,4,260
12935,q17909,17909,a,24;33;181;184,False,True,False,4,249
12936,q17910,17910,b,24;26;181;184,False,True,False,4,202
12937,q17911,17911,a,44;45;181;184,False,True,False,4,544
12938,q17912,17912,a,36;37;181;184,False,True,False,4,510
12939,q17913,17913,c,24;48;181;184,False,True,False,4,294
12940,q17914,17914,c,24;40;181;184,False,True,False,4,260
12941,q17915,17915,c,24;41;181;184,False,True,False,4,271
12942,q17916,17916,a,24;43;181;184,False,True,False,4,282
12943,q17917,17917,b,24;33;181;184,False,True,False,4,249
12944,q17918,17918,c,34;42;181;184,False,True,False,4,500
12945,q17919,17919,a,24;33;181;184,False,True,False,4,249
12946,q17920,17920,c,44;45;181;184,False,True,False,4,544
12947,q17921,17921,c,24;43;181;184,False,True,False,4,282
12948,q17922,17922,a,28;29;181;184,False,True,False,4,356
12949,q17923,17923,a,44;45;181;184,False,True,False,4,544
12950,q17924,17924,b,44;45;183;184,False,True,False,4,548
12951,q17925,17925,a,44;45;183;184,False,True,False,4,548
12952,q17926,17926,c,27;44;45;183;184,False,True,False,5,333
12953,q17927,17927,b,44;45;183;184,False,True,False,4,548
12954,q17928,17928,c,44;45;183;184,False,True,False,4,548
12955,q17929,17929,b,44;45;183;184,False,True,False,4,548
12956,q17930,17930,a,44;45;183;184,False,True,False,4,548
12957,q17931,17931,c,44;45;183;184,False,True,False,4,548
12958,q17932,17932,c,38;39;183;184,False,True,False,4,533
12959,q17933,17933,a,38;39;183;184,False,True,False,4,533
12960,q17934,17934,b,24;40;181;182,False,True,False,4,258
12961,q17935,17935,c,24;50;181;182,False,True,False,4,302
12962,q17936,17936,b,24;27;40;181;182,False,True,False,5,210
12963,q17937,17937,a,24;41;181;182,False,True,False,4,269
12964,q17938,17938,b,24;40;181;182,False,True,False,4,258
12965,q17939,17939,b,24;50;181;182,False,True,False,4,302
12966,q17940,17940,c,24;40;181;182,False,True,False,4,258
12967,q17941,17941,b,24;40;181;182,False,True,False,4,258
12968,q17942,17942,c,24;50;181;182,False,True,False,4,302
12969,q17943,17943,a,24;41;181;182,False,True,False,4,269
12970,q17944,17944,b,24;41;183;184,False,True,False,4,275
12971,q17945,17945,b,24;50;183;184,False,True,False,4,308
12972,q17946,17946,c,24;48;183;184,False,True,False,4,298
12973,q17947,17947,b,24;48;183;184,False,True,False,4,298
12974,q17948,17948,b,24;48;183;184,False,True,False,4,298
12975,q17949,17949,b,44;45;183;184,False,True,False,4,548
12976,q17950,17950,b,44;45;183;184,False,True,False,4,548
12977,q17951,17951,c,44;45;183;184,False,True,False,4,548
12978,q17952,17952,c,44;45;183;184,False,True,False,4,548
12979,q17953,17953,b,44;45;183;184,False,True,False,4,548
12980,q17954,17954,c,24;43;182;183,False,True,False,4,284
12981,q17955,17955,a,31;32;182;183,False,True,False,4,458
12982,q17956,17956,c,38;39;182;183,False,True,False,4,531
12983,q17957,17957,c,24;25;182;183,False,True,False,4,183
12984,q17958,17958,b,24;50;182;183,False,True,False,4,306
12985,q17959,17959,a,31;32;182;183,False,True,False,4,458
12986,q17960,17960,a,24;33;182;183,False,True,False,4,251
12987,q17961,17961,c,36;37;182;183,False,True,False,4,512
12988,q17962,17962,a,44;45;182;183,False,True,False,4,546
12989,q17963,17963,a,31;32;182;183,False,True,False,4,458
12990,q17964,17964,c,38;39;181;184,False,True,False,4,529
12991,q17965,17965,c,24;43;183;184,False,True,False,4,286
12992,q17966,17966,b,31;32;181;184,False,True,False,4,456
12993,q17967,17967,b,24;43;181;184,False,True,False,4,282
12994,q17968,17968,a,27;28;29;181;184,False,True,False,5,312
12995,q17969,17969,c,24;50;181;184,False,True,False,4,304
12996,q17970,17970,c,34;35;181;184,False,True,False,4,486
12997,q17971,17971,b,24;33;181;184,False,True,False,4,249
12998,q17972,17972,c,28;29;181;184,False,True,False,4,356
12999,q17973,17973,c,28;29;181;184,False,True,False,4,356
13000,q17974,17974,a,28;29;181;184,False,True,False,4,356
13001,q17975,17975,b,24;26;181;184,False,True,False,4,202
13002,q17976,17976,b,24;25;181;184,False,True,False,4,181
13003,q17977,17977,b,24;43;181;184,False,True,False,4,282
13004,q17978,17978,c,24;33;181;184,False,True,False,4,249
13005,q17979,17979,a,24;26;181;184,False,True,False,4,202
13006,q17980,17980,b,36;37;181;184,False,True,False,4,510
13007,q17981,17981,b,34;35;181;184,False,True,False,4,486
13008,q17982,17982,c,24;48;181;184,False,True,False,4,294
13009,q17983,17983,c,24;50;181;184,False,True,False,4,304
13010,q17984,17984,a,24;26;181;182,False,True,False,4,200
13011,q17985,17985,b,24;26;181;182,False,True,False,4,200
13012,q17986,17986,a,24;26;181;182,False,True,False,4,200
13013,q17987,17987,c,24;26;181;182,False,True,False,4,200
13014,q17988,17988,c,24;26;181;182,False,True,False,4,200
13015,q17989,17989,b,24;26;181;182,False,True,False,4,200
13016,q17990,17990,c,24;26;181;182,False,True,False,4,200
13017,q17991,17991,c,24;26;181;182,False,True,False,4,200
13018,q17992,17992,c,24;26;181;182,False,True,False,4,200
13019,q17993,17993,a,24;26;181;182,False,True,False,4,200
13020,q17994,17994,b,24;43;181;182,False,True,False,4,280
13021,q17995,17995,c,24;43;181;182,False,True,False,4,280
13022,q17996,17996,b,24;40;181;182,False,True,False,4,258
13023,q17997,17997,a,24;40;181;182,False,True,False,4,258
13024,q17998,17998,b,24;40;181;182,False,True,False,4,258
13025,q17999,17999,c,24;40;181;182,False,True,False,4,258
13026,q18000,18000,a,24;40;181;182,False,True,False,4,258
13027,q18001,18001,a,24;50;181;182,False,True,False,4,302
13028,q18002,18002,a,24;41;181;182,False,True,False,4,269
13029,q18003,18003,b,24;41;181;182,False,True,False,4,269
13030,q18004,18004,a,24;26;181;182,False,True,False,4,200
13031,q18005,18005,a,24;25;181;182,False,True,False,4,179
13032,q18006,18006,c,24;25;181;182,False,True,False,4,179
13033,q18007,18007,a,24;25;181;182,False,True,False,4,179
13034,q18008,18008,a,24;25;181;182,False,True,False,4,179
13035,q18009,18009,c,24;25;181;182,False,True,False,4,179
13036,q18010,18010,b,24;25;181;182,False,True,False,4,179
13037,q18011,18011,a,24;25;181;182,False,True,False,4,179
13038,q18012,18012,a,24;25;181;182,False,True,False,4,179
13039,q18013,18013,a,24;33;181;182,False,True,False,4,247
13040,q18014,18014,b,34;35;181;184,False,True,False,4,486
13041,q18015,18015,c,44;45;181;184,False,True,False,4,544
13042,q18016,18016,a,38;39;181;184,False,True,False,4,529
13043,q18017,18017,a,31;32;181;184,False,True,False,4,456
13044,q18018,18018,a,24;40;181;184,False,True,False,4,260
13045,q18019,18019,c,38;39;181;184,False,True,False,4,529
13046,q18020,18020,b,31;32;181;184,False,True,False,4,456
13047,q18021,18021,b,24;26;181;184,False,True,False,4,202
13048,q18022,18022,c,31;32;181;184,False,True,False,4,456
13049,q18023,18023,a,24;50;181;184,False,True,False,4,304
13050,q18024,18024,b,34;42;183;184,False,True,False,4,504
13051,q18025,18025,a,34;35;183;184,False,True,False,4,490
13052,q18026,18026,b,34;35;183;184,False,True,False,4,490
13053,q18027,18027,a,24;26;183;184,False,True,False,4,206
13054,q18028,18028,c,24;25;183;184,False,True,False,4,185
13055,q18029,18029,a,24;25;183;184,False,True,False,4,185
13056,q18030,18030,b,24;25;183;184,False,True,False,4,185
13057,q18031,18031,b,24;25;183;184,False,True,False,4,185
13058,q18032,18032,a,24;25;183;184,False,True,False,4,185
13059,q18033,18033,c,24;25;183;184,False,True,False,4,185
13060,q18034,18034,b,36;37;183;184,False,True,False,4,514
13061,q18035,18035,b,36;37;183;184,False,True,False,4,514
13062,q18036,18036,c,36;37;183;184,False,True,False,4,514
13063,q18037,18037,c,36;37;183;184,False,True,False,4,514
13064,q18038,18038,c,36;37;183;184,False,True,False,4,514
13065,q18039,18039,a,36;37;183;184,False,True,False,4,514
13066,q18040,18040,b,36;37;183;184,False,True,False,4,514
13067,q18041,18041,b,36;37;183;184,False,True,False,4,514
13068,q18042,18042,c,36;37;183;184,False,True,False,4,514
13069,q18043,18043,c,31;32;183;184,False,True,False,4,460
13070,q18044,18044,a,24;40;182;183,False,True,False,4,262
13071,q18045,18045,b,24;25;182;183,False,True,False,4,183
13072,q18046,18046,a,24;43;182;183,False,True,False,4,284
13073,q18047,18047,a,24;43;182;183,False,True,False,4,284
13074,q18048,18048,b,34;35;182;183,False,True,False,4,488
13075,q18049,18049,c,27;36;37;182;183,False,True,False,5,322
13076,q18050,18050,b,24;33;182;183,False,True,False,4,251
13077,q18051,18051,a,36;37;182;183,False,True,False,4,512
13078,q18052,18052,c,34;35;182;183,False,True,False,4,488
13079,q18053,18053,a,24;26;182;183,False,True,False,4,204
13080,q18054,18054,c,24;40;181;184,False,True,False,4,260
13081,q18055,18055,c,24;50;181;184,False,True,False,4,304
13082,q18056,18056,c,31;32;181;184,False,True,False,4,456
13083,q18057,18057,a,34;42;181;184,False,True,False,4,500
13084,q18058,18058,a,24;25;181;184,False,True,False,4,181
13085,q18059,18059,b,36;37;181;184,False,True,False,4,510
13086,q18060,18060,a,44;45;181;184,False,True,False,4,544
13087,q18061,18061,c,38;39;181;184,False,True,False,4,529
13088,q18062,18062,b,28;29;181;184,False,True,False,4,356
13089,q18063,18063,a,24;26;181;184,False,True,False,4,202
13090,q18064,18064,a,24;33;181;182,False,True,False,4,247
13091,q18065,18065,a,24;43;181;182,False,True,False,4,280
13092,q18066,18066,b,24;43;181;182,False,True,False,4,280
13093,q18067,18067,c,24;43;181;182,False,True,False,4,280
13094,q18068,18068,a,24;43;181;182,False,True,False,4,280
13095,q18069,18069,b,24;43;181;182,False,True,False,4,280
13096,q18070,18070,c,24;43;181;182,False,True,False,4,280
13097,q18071,18071,a,24;43;181;182,False,True,False,4,280
13098,q18072,18072,b,24;43;181;184,False,True,False,4,282
13099,q18073,18073,c,24;43;181;182,False,True,False,4,280
13100,q18074,18074,b,28;29;181;184,False,True,False,4,356
13101,q18075,18075,b,24;26;181;184,False,True,False,4,202
13102,q18076,18076,c,28;29;181;184,False,True,False,4,356
13103,q18077,18077,c,31;32;181;184,False,True,False,4,456
13104,q18078,18078,a,46;47;181;184,False,True,False,4,562
13105,q18079,18079,a,24;41;181;184,False,True,False,4,271
13106,q18080,18080,b,24;26;181;184,False,True,False,4,202
13107,q18081,18081,c,24;25;181;184,False,True,False,4,181
13108,q18082,18082,c,28;29;181;184,False,True,False,4,356
13109,q18083,18083,a,34;35;181;184,False,True,False,4,486
13110,q18084,18084,c,24;33;181;184,False,True,False,4,249
13111,q18085,18085,b,38;39;181;184,False,True,False,4,529
13112,q18086,18086,b,36;37;181;184,False,True,False,4,510
13113,q18087,18087,b,24;26;181;184,False,True,False,4,202
13114,q18088,18088,a,24;40;181;184,False,True,False,4,260
13115,q18089,18089,c,38;39;181;184,False,True,False,4,529
13116,q18090,18090,a,34;35;181;184,False,True,False,4,486
13117,q18091,18091,c,24;25;181;184,False,True,False,4,181
13118,q18092,18092,c,46;47;181;184,False,True,False,4,562
13119,q18093,18093,b,31;32;181;184,False,True,False,4,456
13120,q18094,18094,a,24;43;182;183,False,True,False,4,284
13121,q18095,18095,b,24;25;182;183,False,True,False,4,183
13122,q18096,18096,b,24;43;182;183,False,True,False,4,284
13123,q18097,18097,c,24;25;182;183,False,True,False,4,183
13124,q18098,18098,c,24;43;182;183,False,True,False,4,284
13125,q18099,18099,c,24;25;182;183,False,True,False,4,183
13126,q18100,18100,b,24;25;182;183,False,True,False,4,183
13127,q18101,18101,a,24;43;182;183,False,True,False,4,284
13128,q18102,18102,b,24;43;182;183,False,True,False,4,284
13129,q18103,18103,b,24;43;182;183,False,True,False,4,284
13130,q18104,18104,a,31;42;183;184,False,True,False,4,467
13131,q18105,18105,b,34;35;183;184,False,True,False,4,490
13132,q18106,18106,b,34;42;183;184,False,True,False,4,504
13133,q18107,18107,a,34;35;183;184,False,True,False,4,490
13134,q18108,18108,b,34;35;183;184,False,True,False,4,490
13135,q18109,18109,a,34;35;183;184,False,True,False,4,490
13136,q18110,18110,c,34;35;183;184,False,True,False,4,490
13137,q18111,18111,a,34;42;183;184,False,True,False,4,504
13138,q18112,18112,b,34;35;183;184,False,True,False,4,490
13139,q18113,18113,b,34;42;183;184,False,True,False,4,504
13140,q18114,18114,a,34;42;182;183,False,True,False,4,502
13141,q18115,18115,b,34;42;182;183,False,True,False,4,502
13142,q18116,18116,a,34;35;182;183,False,True,False,4,488
13143,q18117,18117,b,34;35;182;183,False,True,False,4,488
13144,q18118,18118,b,34;35;182;183,False,True,False,4,488
13145,q18119,18119,a,34;35;182;183,False,True,False,4,488
13146,q18120,18120,c,34;42;182;183,False,True,False,4,502
13147,q18121,18121,b,34;35;182;183,False,True,False,4,488
13148,q18122,18122,b,34;35;182;183,False,True,False,4,488
13149,q18123,18123,b,34;35;182;183,False,True,False,4,488
13150,q18124,18124,c,31;32;183;184,False,True,False,4,460
13151,q18125,18125,a,31;32;183;184,False,True,False,4,460
13152,q18126,18126,a,31;32;183;184,False,True,False,4,460
13153,q18127,18127,c,31;32;183;184,False,True,False,4,460
13154,q18128,18128,b,31;32;183;184,False,True,False,4,460
13155,q18129,18129,a,31;32;183;184,False,True,False,4,460
13156,q18130,18130,c,31;32;183;184,False,True,False,4,460
13157,q18131,18131,b,31;32;183;184,False,True,False,4,460
13158,q18132,18132,c,31;32;183;184,False,True,False,4,460
13159,q18133,18133,b,28;29;183;184,False,True,False,4,360
13160,q18134,18134,a,38;39;182;183,False,True,False,4,531
13161,q18135,18135,c,34;42;182;183,False,True,False,4,502
13162,q18136,18136,a,24;41;182;183,False,True,False,4,273
13163,q18137,18137,c,31;42;182;183,False,True,False,4,466
13164,q18138,18138,c,24;26;182;183,False,True,False,4,204
13165,q18139,18139,b,24;26;182;183,False,True,False,4,204
13166,q18140,18140,a,24;33;182;183,False,True,False,4,251
13167,q18141,18141,a,24;26;182;183,False,True,False,4,204
13168,q18142,18142,a,24;26;182;183,False,True,False,4,204
13169,q18143,18143,c,24;26;27;182;183,False,True,False,5,190
