question_id,skill_id,canonical_skill_key
1,1,1
2,1,1
3,1,1
4,1,1
5,1,1
6,2,2
7,2,2
8,2,2
9,2,2
10,2,2
11,3,2;1176
12,3,2;1176
13,3,2;1176
14,2,2
15,3,2;1176
16,3,2;1176
17,2,2
18,2,2
19,2,2
20,2,2
21,3,2;1176
22,2,2
23,2,2
24,2,2
25,2,2
26,2,2
27,4,3
28,4,3
29,4,3
30,5,3;89
31,4,3
32,6,3;346
33,4,3
34,4,3
35,4,3
36,4,3
37,7,4
38,8,5
39,8,5
40,8,5
41,8,5
42,9,6
43,7,4
44,7,4
45,8,5
46,8,5
47,7,4
48,8,5
49,9,6
50,9,6
51,9,6
52,9,6
53,9,6
54,9,6
55,9,6
56,10,7
57,10,7
58,10,7
59,10,7
60,11,8
61,12,9
62,12,9
63,11,8
64,10,7
65,12,9
66,10,7
67,12,9
68,11,8
69,10,7
70,11,8
71,11,8
72,10,7
73,12,9
74,12,9
75,12,9
76,12,9
77,12,9
78,13,10
79,13,10
80,13,10
81,15,11
82,13,10
83,16,12
84,17,13
85,14,10;1025
86,15,11
87,15,11
88,17,13
89,17,13
90,17,13
91,15,11
92,15,11
93,17,13
94,18,14
95,19,15
96,20,16
97,19,15
98,20,16
99,16,12
100,19,15
101,16,12
102,20,16
103,20,16
104,20,16
105,19,15
106,16,12
107,19,15
108,19,15
109,16,12
110,16,12
111,21,17
112,22,18
113,22,18
114,23,19
115,23,19
116,24,20
117,24,20
118,23,19
119,21,17
120,24,20
121,22,18
122,25,21
123,26,22
124,22,18
125,22,18
126,21,17
127,22,18
128,21,17
129,22,18
130,24,20
131,25,21
132,22,18
133,25,21
134,21,17
135,25,21
136,24,20
137,24,20
138,22,18
139,22,18
140,23,19
141,22,18
142,23,19
143,26,22
144,26,22
145,25,21
146,26,22
147,26,22
148,27,23
149,28,24
150,28,24
151,27,23
152,28,24
153,27,23
154,27,23
155,28,24
156,28,24
157,29,25
158,30,26
159,30,26
160,29,25
161,29,25
162,31,27
163,30,26
164,31,27
165,29,25
166,30,26
167,29,25
168,30,26
169,29,25
170,27,23
171,32,28
172,31,27
173,32,28
174,32,28
175,32,28
176,25,21
177,32,28
178,25,21
179,32,28
180,33,29
181,22,18
182,23,19
183,33,29
184,21,17
185,24,20
186,21,17
187,24,20
188,22,18
189,33,29
190,23,19
191,33,29
192,26,22
193,26,22
194,33,29
195,34,30
196,34,30
197,33,29
198,36,31
199,36,31
200,38,32
201,33,29
202,38,32
203,38,32
204,38,32
205,38,32
206,34,30
207,38,32
208,34,30
209,38,32
210,33,29
211,36,31
212,34,30
213,38,32
214,33,29
215,38,32
216,37,31;1043
217,36,31
218,37,31;1043
219,36,31
220,33,29
221,33,29
222,39,33
223,39,33
224,39,33
225,40,34
226,40,34
227,33,29
228,40,34
229,33,29
230,40,34
231,42,35
232,42,35
233,42,35
234,42,35
235,42,35
236,42,35
237,42,35
238,42,35
239,42,35
240,42,35
241,42,35
242,42,35
243,42,35
244,42,35
245,42,35
246,42,35
247,42,35
248,42,35
249,42,35
250,43,36
251,42,35
252,44,37
253,44,37
254,44,37
255,44,37
256,44,37
257,44,37
258,44,37
259,44,37
260,44,37
261,44,37
262,44,37
263,44,37
264,44,37
265,44,37
266,44,37
267,44,37
268,44,37
269,44,37
270,43,36
271,43,36
272,43,36
273,43,36
274,43,36
275,43,36
276,43,36
277,43,36
278,43,36
279,43,36
280,43,36
281,43,36
282,43,36
283,43,36
284,43,36
285,45,38
286,45,38
287,45,38
288,45,38
289,43,36
290,45,38
291,45,38
292,45,38
293,43,36
294,45,38
295,45,38
296,45,38
297,43,36
298,45,38
299,45,38
300,45,38
301,45,38
302,45,38
303,45,38
304,43,36
305,46,39
306,46,39
307,46,39
308,46,39
309,46,39
310,46,39
311,46,39
312,46,39
313,47,40
314,47,40
315,47,40
316,47,40
317,47,40
318,47,40
319,47,40
320,47,40
321,47,40
322,47,40
323,47,40
324,47,40
325,47,40
326,47,40
327,46,39
328,47,40
329,47,40
330,46,39
331,46,39
332,48,41
333,48,41
334,48,41
335,48,41
336,48,41
337,48,41
338,48,41
339,49,42
340,49,42
341,49,42
342,49,42
343,49,42
344,49,42
345,49,42
346,49,42
347,49,42
348,49,42
349,49,42
350,49,42
351,48,41
352,49,42
353,49,42
354,49,42
355,49,42
356,49,42
357,49,42
358,48,41
359,49,42
360,49,42
361,48,41
362,48,41
363,48,41
364,49,42
365,49,42
366,48,41
367,49,42
368,50,43
369,50,43
370,50,43
371,50,43
372,50,43
373,50,43
374,50,43
375,51,44
376,50,43
377,50,43
378,50,43
379,50,43
380,50,43
381,50,43
382,51,44
383,51,44
384,50,43
385,51,44
386,50,43
387,51,44
388,50,43
389,52,45
390,52,45
391,52,45
392,52,45
393,52,45
394,52,45
395,52,45
396,54,46
397,52,45
398,54,46
399,54,46
400,54,46
401,54,46
402,54,46
403,54,46
404,54,46
405,54,46
406,54,46
407,54,46
408,54,46
409,54,46
410,54,46
411,54,46
412,55,47
413,55,47
414,55,47
415,55,47
416,55,47
417,55,47
418,55,47
419,55,47
420,55,47
421,55,47
422,55,47
423,55,47
424,55,47
425,55,47
426,55,47
427,56,48
428,56,48
429,56,48
430,56,48
431,56,48
432,56,48
433,56,48
434,56,48
435,56,48
436,56,48
437,56,48
438,56,48
439,56,48
440,56,48
441,56,48
442,56,48
443,56,48
444,56,48
445,56,48
446,56,48
447,55,47
448,57,49
449,58,50
450,52,45
451,52,45
452,59,51
453,59,51
454,60,52
455,59,51
456,61,53
457,59,51
458,59,51
459,59,51
460,60,52
461,62,54
462,63,55
463,64,56
464,63,55
465,63,55
466,65,57
467,66,58
468,64,56
469,66,58
470,63,55
471,66,58
472,62,54
473,61,53
474,61,53
475,65,57
476,61,53
477,62,54
478,61,53
479,59,51
480,60,52
481,60,52
482,59,51
483,59,51
484,68,59
485,59,51
486,60,52
487,60,52
488,59,51
489,68,59
490,69,60
491,64,56
492,61,53
493,59,51
494,65,57
495,71,61;966
496,69,60
497,65,57
498,59,51
499,61,53
500,69,60
501,61,53
502,61,53
503,65,57
504,64,56
505,71,61;966
506,64,56
507,59,51
508,69,60
509,69,60
510,71,61;966
511,70,61
512,73,61;1283
513,70,61
514,75,62
515,78,63
516,80,64
517,80,64
518,80,64
519,77,62;382
520,81,65
521,80,64
522,83,66
523,81,65
524,80,64
525,80,64
526,80,64
527,85,67;387
528,80,64
529,80,64
530,80,64
531,80,64
532,78,63
533,83,66
534,79,63;384
535,80,64
536,80,64
537,80,64
538,78,63
539,85,67;387
540,86,68
541,87,69
542,86,68
543,88,70
544,87,69
545,89,71
546,86,68
547,87,69
548,90,72
549,91,73
550,91,73
551,93,74;384
552,91,73
553,88,70
554,87,69
555,92,74
556,86,68
557,87,69
558,89,71
559,90,72
560,87,69
561,90,72
562,93,74;384
563,90,72
564,92,74
565,95,75
566,95,75
567,96,76
568,98,77
569,100,78
570,99,77;79
571,103,80;972
572,99,77;79
573,96,76
574,96,76
575,105,81
576,97,76;80
577,103,80;972
578,100,78
579,99,77;79
580,103,80;972
581,106,82
582,105,81
583,105,81
584,105,81
585,106,82
586,106,82
587,107,83
588,106,82
589,105,81
590,106,82
591,105,81
592,106,82
593,108,84
594,105,81
595,107,83
596,108,84
597,108,84
598,109,84;960
599,108,84
600,62,54
601,62,54
602,110,85
603,62,54
604,110,85
605,110,85
606,111,86
607,111,86
608,112,87
609,111,86
610,63,55
611,63,55
612,63,55
613,112,87
614,111,86
615,63,55
616,111,86
617,111,86
618,111,86
619,111,86
620,111,86
621,114,88
622,117,89
623,113,87;89
624,114,88
625,114,88
626,117,89
627,114,88
628,118,90
629,118,90
630,66,58
631,66,58
632,67,58;342
633,66,58
634,119,91
635,119,91
636,119,91
637,119,91
638,119,91
639,119,91
640,119,91
641,119,91
642,119,91
643,119,91
644,119,91
645,119,91
646,119,91
647,119,91
648,119,91
649,119,91
650,119,91
651,120,92
652,120,92
653,121,92;93
654,125,94
655,121,92;93
656,120,92
657,120,92
658,125,94
659,120,92
660,122,93;94
661,122,93;94
662,120,92
663,123,93;349
664,123,93;349
665,126,95
666,126,95
667,127,96
668,126,95
669,127,96
670,128,97
671,126,95
672,128,97
673,127,96
674,126,95
675,126,95
676,68,59
677,126,95
678,68,59
679,129,98
680,130,99
681,129,98
682,131,100
683,126,95
684,131,100
685,130,99
686,132,101
687,132,101
688,132,101
689,51,44
690,51,44
691,51,44
692,51,44
693,51,44
694,51,44
695,51,44
696,51,44
697,51,44
698,51,44
699,51,44
700,51,44
701,58,50
702,133,102
703,135,103
704,133,102
705,135,103
706,135,103
707,135,103
708,120,92
709,133,102
710,133,102
711,133,102
712,120,92
713,135,103
714,133,102
715,120,92
716,133,102
717,133,102
718,120,92
719,133,102
720,125,94
721,125,94
722,125,94
723,136,104
724,120,92
725,138,105
726,139,106
727,133,102
728,133,102
729,133,102
730,120,92
731,133,102
732,141,107
733,143,108
734,143,108
735,143,108
736,144,108;110
737,145,109
738,142,107;1079
739,141,107
740,145,109
741,143,108
742,143,108
743,141,107
744,142,107;1079
745,145,109
746,145,109
747,148,110;1079
748,145,109
749,151,111;1277
750,146,110
751,146,110
752,148,110;1079
753,150,111
754,150,111
755,149,110;1267
756,146,110
757,146,110
758,146,110
759,147,110;1048
760,147,110;1048
761,148,110;1079
762,150,111
763,150,111
764,150,111
765,151,111;1277
766,150,111
767,150,111
768,151,111;1277
769,44,37
770,44,37
771,42,35
772,44,37
773,152,112
774,152,112
775,152,112
776,153,113
777,153,113
778,153,113
779,153,113
780,153,113
781,154,114
782,154,114
783,154,114
784,154,114
785,154,114
786,155,115
787,156,116
788,156,116
789,154,114
790,156,116
791,155,115
792,155,115
793,155,115
794,157,117
795,158,118
796,158,118
797,158,118
798,158,118
799,158,118
800,158,118
801,158,118
802,158,118
803,158,118
804,158,118
805,159,119
806,159,119
807,159,119
808,159,119
809,159,119
810,159,119
811,159,119
812,159,119
813,159,119
814,160,120
815,159,119
816,159,119
817,160,120
818,160,120
819,160,120
820,160,120
821,160,120
822,160,120
823,160,120
824,160,120
825,160,120
826,160,120
827,160,120
828,160,120
829,160,120
830,160,120
831,160,120
832,160,120
833,160,120
834,160,120
835,160,120
836,162,121
837,163,122
838,163,122
839,162,121
840,162,121
841,163,122
842,163,122
843,162,121
844,162,121
845,163,122
846,162,121
847,162,121
848,163,122
849,163,122
850,163,122
851,163,122
852,163,122
853,163,122
854,163,122
855,163,122
856,163,122
857,163,122
858,163,122
859,163,122
860,163,122
861,163,122
862,163,122
863,164,123
864,164,123
865,164,123
866,164,123
867,164,123
868,164,123
869,164,123
870,164,123
871,164,123
872,164,123
873,164,123
874,164,123
875,164,123
876,164,123
877,164,123
878,158,118
879,158,118
880,158,118
881,158,118
882,158,118
883,158,118
884,158,118
885,164,123
886,165,124
887,165,124
888,165,124
889,164,123
890,165,124
891,158,118
892,158,118
893,165,124
894,165,124
895,164,123
896,165,124
897,166,125
898,166,125
899,166,125
900,166,125
901,166,125
902,167,126
903,167,126
904,166,125
905,166,125
906,167,126
907,167,126
908,167,126
909,167,126
910,167,126
911,167,126
912,167,126
913,167,126
914,167,126
915,167,126
916,167,126
917,167,126
918,167,126
919,167,126
920,167,126
921,168,127
922,167,126
923,167,126
924,167,126
925,168,127
926,168,127
927,168,127
928,168,127
929,168,127
930,168,127
931,168,127
932,168,127
933,168,127
934,168,127
935,168,127
936,168,127
937,168,127
938,168,127
939,168,127
940,34,30
941,37,31;1043
942,34,30
943,34,30
944,34,30
945,34,30
946,35,30;1043
947,34,30
948,34,30
949,34,30
950,34,30
951,34,30
952,37,31;1043
953,36,31
954,37,31;1043
955,37,31;1043
956,169,128
957,36,31
958,169,128
959,169,128
960,36,31
961,37,31;1043
962,169,128
963,169,128
964,37,31;1043
965,169,128
966,37,31;1043
967,169,128
968,169,128
969,37,31;1043
970,36,31
971,37,31;1043
972,169,128
973,37,31;1043
974,169,128
975,170,129
976,170,129
977,170,129
978,170,129
979,170,129
980,171,130
981,172,131
982,172,131
983,171,130
984,171,130
985,172,131
986,171,130
987,172,131
988,172,131
989,173,132
990,174,133
991,173,132
992,173,132
993,173,132
994,175,133;219
995,173,132
996,174,133
997,174,133
998,175,133;219
999,176,134
1000,177,135
1001,176,134
1002,178,136
1003,177,135
1004,178,136
1005,177,135
1006,177,135
1007,176,134
1008,176,134
1009,176,134
1010,176,134
1011,177,135
1012,178,136
1013,178,136
1014,178,136
1015,178,136
1016,179,137
1017,180,138
1018,181,139
1019,179,137
1020,180,138
1021,181,139
1022,180,138
1023,179,137
1024,179,137
1025,182,140
1026,181,139
1027,179,137
1028,180,138
1029,182,140
1030,179,137
1031,181,139
1032,182,140
1033,182,140
1034,182,140
1035,179,137
1036,183,141
1037,184,142
1038,185,142;143
1039,183,141
1040,185,142;143
1041,183,141
1042,183,141
1043,184,142
1044,187,144;202
1045,186,144
1046,186,144
1047,185,142;143
1048,185,142;143
1049,186,144
1050,188,145
1051,190,146
1052,192,147
1053,188,145
1054,194,148
1055,189,145;456
1056,194,148
1057,195,149
1058,188,145
1059,188,145
1060,188,145
1061,192,147
1062,188,145
1063,188,145
1064,194,148
1065,194,148
1066,188,145
1067,190,146
1068,194,148
1069,194,148
1070,192,147
1071,190,146
1072,188,145
1073,194,148
1074,197,150
1075,192,147
1076,188,145
1077,192,147
1078,198,151
1079,198,151
1080,198,151
1081,198,151
1082,198,151
1083,198,151
1084,198,151
1085,198,151
1086,198,151
1087,199,152
1088,200,153
1089,200,153
1090,200,153
1091,200,153
1092,200,153
1093,200,153
1094,200,153
1095,200,153
1096,200,153
1097,200,153
1098,200,153
1099,200,153
1100,200,153
1101,200,153
1102,200,153
1103,200,153
1104,200,153
1105,201,154
1106,201,154
1107,202,155
1108,201,154
1109,203,156
1110,203,156
1111,203,156
1112,202,155
1113,203,156
1114,202,155
1115,203,156
1116,204,157
1117,202,155
1118,201,154
1119,202,155
1120,202,155
1121,203,156
1122,205,158
1123,207,159
1124,207,159
1125,205,158
1126,205,158
1127,205,158
1128,209,160
1129,205,158
1130,209,160
1131,206,158;161
1132,210,160;161
1133,209,160
1134,206,158;161
1135,206,158;161
1136,205,158
1137,207,159
1138,206,158;161
1139,208,159;161
1140,209,160
1141,207,159
1142,205,158
1143,209,160
1144,205,158
1145,207,159
1146,206,158;161
1147,207,159
1148,209,160
1149,207,159
1150,209,160
1151,210,160;161
1152,212,162
1153,213,163
1154,213,163
1155,211,161;163
1156,211,161;163
1157,213,163
1158,212,162
1159,213,163
1160,212,162
1161,211,161;163
1162,213,163
1163,212,162
1164,212,162
1165,212,162
1166,212,162
1167,212,162
1168,214,164
1169,212,162
1170,212,162
1171,212,162
1172,214,164
1173,214,164
1174,212,162
1175,212,162
1176,212,162
1177,212,162
1178,214,164
1179,214,164
1180,214,164
1181,214,164
1182,214,164
1183,214,164
1184,212,162
1185,216,165;516
1186,215,165
1187,99,77;79
1188,215,165
1189,98,77
1190,98,77
1191,99,77;79
1192,98,77
1193,216,165;516
1194,171,130
1195,98,77
1196,171,130
1197,171,130
1198,171,130
1199,171,130
1200,217,166
1201,218,167
1202,218,167
1203,219,168
1204,219,168
1205,217,166
1206,220,169
1207,218,167
1208,217,166
1209,219,168
1210,218,167
1211,219,168
1212,217,166
1213,218,167
1214,217,166
1215,218,167
1216,220,169
1217,217,166
1218,219,168
1219,217,166
1220,219,168
1221,217,166
1222,221,170
1223,217,166
1224,218,167
1225,217,166
1226,217,166
1227,218,167
1228,217,166
1229,218,167
1230,217,166
1231,217,166
1232,217,166
1233,217,166
1234,218,167
1235,218,167
1236,217,166
1237,219,168
1238,219,168
1239,217,166
1240,219,168
1241,217,166
1242,217,166
1243,220,169
1244,220,169
1245,220,169
1246,220,169
1247,222,171
1248,223,172
1249,223,172
1250,223,172
1251,224,173
1252,223,172
1253,222,171
1254,224,173
1255,224,173
1256,223,172
1257,224,173
1258,224,173
1259,223,172
1260,222,171
1261,223,172
1262,223,172
1263,224,173
1264,222,171
1265,222,171
1266,225,174
1267,225,174
1268,225,174
1269,225,174
1270,225,174
1271,226,175
1272,174,133
1273,173,132
1274,175,133;219
1275,175,133;219
1276,173,132
1277,226,175
1278,174,133
1279,174,133
1280,175,133;219
1281,226,175
1282,226,175
1283,174,133
1284,173,132
1285,226,175
1286,226,175
1287,174,133
1288,226,175
1289,173,132
1290,227,176
1291,227,176
1292,227,176
1293,227,176
1294,227,176
1295,227,176
1296,229,177
1297,229,177
1298,229,177
1299,230,178
1300,230,178
1301,229,177
1302,230,178
1303,230,178
1304,229,177
1305,229,177
1306,230,178
1307,230,178
1308,227,176
1309,227,176
1310,227,176
1311,230,178
1312,230,178
1313,230,178
1314,227,176
1315,227,176
1316,227,176
1317,231,179
1318,231,179
1319,231,179
1320,231,179
1321,232,180
1322,231,179
1323,232,180
1324,232,180
1325,232,180
1326,232,180
1327,232,180
1328,233,181
1329,233,181
1330,233,181
1331,233,181
1332,233,181
1333,233,181
1334,230,178
1335,230,178
1336,230,178
1337,230,178
1338,230,178
1339,230,178
1340,230,178
1341,230,178
1342,230,178
1343,230,178
1344,234,182
1345,235,183
1346,234,182
1347,234,182
1348,234,182
1349,235,183
1350,235,183
1351,235,183
1352,235,183
1353,235,183
1354,235,183
1355,235,183
1356,235,183
1357,235,183
1358,235,183
1359,235,183
1360,235,183
1361,235,183
1362,235,183
1363,235,183
1364,236,184
1365,236,184
1366,236,184
1367,236,184
1368,236,184
1369,237,185
1370,237,185
1371,237,185
1372,237,185
1373,239,186
1374,239,186
1375,239,186
1376,239,186
1377,239,186
1378,239,186
1379,239,186
1380,239,186
1381,239,186
1382,239,186
1383,240,187
1384,240,187
1385,241,188
1386,242,189
1387,241,188
1388,242,189
1389,241,188
1390,242,189
1391,241,188
1392,242,189
1393,241,188
1394,241,188
1395,241,188
1396,241,188
1397,242,189
1398,241,188
1399,242,189
1400,242,189
1401,242,189
1402,241,188
1403,242,189
1404,241,188
1405,241,188
1406,242,189
1407,242,189
1408,241,188
1409,242,189
1410,242,189
1411,242,189
1412,242,189
1413,242,189
1414,242,189
1415,243,190
1416,241,188
1417,241,188
1418,244,191
1419,244,191
1420,244,191
1421,244,191
1422,244,191
1423,244,191
1424,244,191
1425,245,192
1426,245,192
1427,245,192
1428,245,192
1429,245,192
1430,244,191
1431,245,192
1432,245,192
1433,245,192
1434,245,192
1435,244,191
1436,244,191
1437,245,192
1438,183,141
1439,183,141
1440,183,141
1441,183,141
1442,241,188
1443,246,193
1444,186,144
1445,186,144
1446,186,144
1447,186,144
1448,246,193
1449,184,142
1450,184,142
1451,183,141
1452,241,188
1453,186,144
1454,184,142
1455,185,142;143
1456,183,141
1457,244,191
1458,183,141
1459,183,141
1460,184,142
1461,183,141
1462,244,191
1463,184,142
1464,184,142
1465,183,141
1466,184,142
1467,183,141
1468,184,142
1469,244,191
1470,244,191
1471,172,131
1472,241,188
1473,241,188
1474,172,131
1475,244,191
1476,241,188
1477,172,131
1478,241,188
1479,241,188
1480,172,131
1481,172,131
1482,171,130
1483,244,191
1484,171,130
1485,241,188
1486,241,188
1487,241,188
1488,241,188
1489,244,191
1490,247,194
1491,248,195
1492,248,195
1493,248,195
1494,247,194
1495,247,194
1496,248,195
1497,247,194
1498,248,195
1499,247,194
1500,249,196
1501,249,196
1502,249,196
1503,249,196
1504,249,196
1505,249,196
1506,171,130
1507,172,131
1508,172,131
1509,171,130
1510,245,192
1511,245,192
1512,250,197
1513,250,197
1514,250,197
1515,251,197;257
1516,251,197;257
1517,252,198;199
1518,252,198;199
1519,252,198;199
1520,252,198;199
1521,252,198;199
1522,172,131
1523,245,192
1524,172,131
1525,245,192
1526,186,144
1527,186,144
1528,186,144
1529,245,192
1530,245,192
1531,253,200
1532,253,200
1533,255,201;257
1534,187,144;202
1535,254,201
1536,254,201
1537,254,201
1538,254,201
1539,254,201
1540,255,201;257
1541,254,201
1542,255,201;257
1543,254,201
1544,254,201
1545,170,129
1546,256,202
1547,186,144
1548,256,202
1549,257,203
1550,183,141
1551,257,203
1552,171,130
1553,256,202
1554,256,202
1555,184,142
1556,256,202
1557,170,129
1558,256,202
1559,257,203
1560,171,130
1561,256,202
1562,259,204
1563,257,203
1564,261,205
1565,261,205
1566,261,205
1567,259,204
1568,259,204
1569,258,203;235
1570,260,204;236
1571,261,205
1572,261,205
1573,261,205
1574,170,129
1575,245,192
1576,172,131
1577,245,192
1578,245,192
1579,261,205
1580,170,129
1581,245,192
1582,172,131
1583,262,206
1584,263,207
1585,262,206
1586,263,207
1587,263,207
1588,263,207
1589,263,207
1590,263,207
1591,264,208
1592,265,209
1593,264,208
1594,265,209
1595,266,210
1596,257,203
1597,265,209
1598,264,208
1599,264,208
1600,266,210
1601,266,210
1602,262,206
1603,258,203;235
1604,266,210
1605,265,209
1606,264,208
1607,262,206
1608,265,209
1609,266,210
1610,262,206
1611,173,132
1612,173,132
1613,173,132
1614,267,211
1615,174,133
1616,173,132
1617,267,211
1618,267,211
1619,267,211
1620,268,211;219
1621,267,211
1622,173,132
1623,173,132
1624,267,211
1625,267,211
1626,268,211;219
1627,268,211;219
1628,174,133
1629,268,211;219
1630,267,211
1631,174,133
1632,267,211
1633,269,212
1634,263,207
1635,263,207
1636,254,201
1637,261,205
1638,261,205
1639,266,210
1640,266,210
1641,266,210
1642,266,210
1643,266,210
1644,266,210
1645,266,210
1646,266,210
1647,265,209
1648,255,201;257
1649,255,201;257
1650,265,209
1651,262,206
1652,262,206
1653,265,209
1654,255,201;257
1655,265,209
1656,255,201;257
1657,257,203
1658,256,202
1659,186,144
1660,256,202
1661,256,202
1662,257,203
1663,111,86
1664,4,3
1665,4,3
1666,4,3
1667,111,86
1668,4,3
1669,4,3
1670,111,86
1671,264,208
1672,268,211;219
1673,270,213
1674,173,132
1675,270,213
1676,267,211
1677,267,211
1678,173,132
1679,267,211
1680,271,214
1681,264,208
1682,270,213
1683,271,214
1684,271,214
1685,272,215
1686,273,216
1687,274,217
1688,273,216
1689,273,216
1690,272,215
1691,273,216
1692,271,214
1693,271,214
1694,272,215
1695,271,214
1696,271,214
1697,272,215
1698,273,216
1699,272,215
1700,275,218
1701,276,219
1702,277,220
1703,277,220
1704,277,220
1705,277,220
1706,276,219
1707,277,220
1708,277,220
1709,276,219
1710,265,209
1711,264,208
1712,262,206
1713,265,209
1714,265,209
1715,262,206
1716,263,207
1717,266,210
1718,265,209
1719,264,208
1720,263,207
1721,266,210
1722,173,132
1723,173,132
1724,192,147
1725,173,132
1726,170,129
1727,174,133
1728,170,129
1729,193,147;456
1730,256,202
1731,256,202
1732,270,213
1733,256,202
1734,256,202
1735,256,202
1736,270,213
1737,256,202
1738,270,213
1739,270,213
1740,256,202
1741,257,203
1742,257,203
1743,261,205
1744,261,205
1745,111,86
1746,111,86
1747,262,206
1748,264,208
1749,265,209
1750,263,207
1751,264,208
1752,265,209
1753,262,206
1754,266,210
1755,263,207
1756,269,212
1757,189,145;456
1758,277,220
1759,188,145
1760,277,220
1761,192,147
1762,192,147
1763,188,145
1764,4,3
1765,188,145
1766,277,220
1767,111,86
1768,276,219
1769,277,220
1770,279,221;233
1771,269,212
1772,188,145
1773,280,222
1774,280,222
1775,269,212
1776,280,222
1777,269,212
1778,280,222
1779,280,222
1780,280,222
1781,280,222
1782,280,222
1783,280,222
1784,269,212
1785,269,212
1786,269,212
1787,269,212
1788,269,212
1789,269,212
1790,269,212
1791,269,212
1792,269,212
1793,269,212
1794,269,212
1795,269,212
1796,269,212
1797,112,87
1798,113,87;89
1799,278,221
1800,112,87
1801,269,212
1802,277,220
1803,276,219
1804,277,220
1805,277,220
1806,277,220
1807,278,221
1808,278,221
1809,277,220
1810,277,220
1811,277,220
1812,278,221
1813,278,221
1814,278,221
1815,277,220
1816,277,220
1817,277,220
1818,281,223
1819,281,223
1820,281,223
1821,281,223
1822,281,223
1823,118,90
1824,281,223
1825,281,223
1826,281,223
1827,278,221
1828,281,223
1829,278,221
1830,278,221
1831,281,223
1832,281,223
1833,278,221
1834,281,223
1835,282,224
1836,282,224
1837,278,221
1838,284,225;229
1839,284,225;229
1840,282,224
1841,282,224
1842,281,223
1843,283,225
1844,284,225;229
1845,282,224
1846,278,221
1847,283,225
1848,286,226;229
1849,285,226
1850,288,227
1851,194,148
1852,194,148
1853,194,148
1854,194,148
1855,194,148
1856,194,148
1857,194,148
1858,194,148
1859,194,148
1860,194,148
1861,282,224
1862,282,224
1863,283,225
1864,283,225
1865,291,228
1866,283,225
1867,294,229
1868,294,229
1869,286,226;229
1870,296,230
1871,291,228
1872,284,225;229
1873,282,224
1874,296,230
1875,296,230
1876,296,230
1877,282,224
1878,291,228
1879,291,228
1880,293,228;889
1881,291,228
1882,296,230
1883,296,230
1884,297,231
1885,291,228
1886,291,228
1887,296,230
1888,296,230
1889,291,228
1890,282,224
1891,292,228;230
1892,282,224
1893,291,228
1894,291,228
1895,291,228
1896,282,224
1897,296,230
1898,292,228;230
1899,282,224
1900,283,225
1901,282,224
1902,283,225
1903,282,224
1904,296,230
1905,112,87
1906,291,228
1907,291,228
1908,298,232
1909,298,232
1910,298,232
1911,298,232
1912,298,232
1913,298,232
1914,298,232
1915,298,232
1916,110,85
1917,298,232
1918,118,90
1919,299,233
1920,259,204
1921,300,234
1922,300,234
1923,259,204
1924,299,233
1925,259,204
1926,259,204
1927,246,193
1928,302,235
1929,300,234
1930,303,236
1931,302,235
1932,258,203;235
1933,303,236
1934,302,235
1935,303,236
1936,302,235
1937,300,234
1938,300,234
1939,303,236
1940,260,204;236
1941,304,237
1942,304,237
1943,304,237
1944,302,235
1945,301,234;236
1946,303,236
1947,303,236
1948,300,234
1949,303,236
1950,301,234;236
1951,303,236
1952,300,234
1953,259,204
1954,303,236
1955,260,204;236
1956,259,204
1957,302,235
1958,259,204
1959,259,204
1960,259,204
1961,303,236
1962,302,235
1963,303,236
1964,303,236
1965,300,234
1966,303,236
1967,300,234
1968,300,234
1969,302,235
1970,302,235
1971,305,238
1972,305,238
1973,298,232
1974,305,238
1975,298,232
1976,246,193
1977,305,238
1978,305,238
1979,305,238
1980,272,215
1981,298,232
1982,298,232
1983,298,232
1984,298,232
1985,272,215
1986,305,238
1987,305,238
1988,305,238
1989,305,238
1990,272,215
1991,298,232
1992,298,232
1993,272,215
1994,305,238
1995,305,238
1996,298,232
1997,272,215
1998,305,238
1999,272,215
2000,305,238
2001,298,232
2002,298,232
2003,298,232
2004,298,232
2005,306,239
2006,306,239
2007,306,239
2008,306,239
2009,306,239
2010,308,240
2011,308,240
2012,308,240
2013,308,240
2014,308,240
2015,308,240
2016,309,241
2017,309,241
2018,311,242
2019,311,242
2020,275,218
2021,309,241
2022,311,242
2023,275,218
2024,273,216
2025,311,242
2026,275,218
2027,311,242
2028,275,218
2029,309,241
2030,273,216
2031,275,218
2032,311,242
2033,309,241
2034,275,218
2035,312,243
2036,312,243
2037,312,243
2038,312,243
2039,312,243
2040,273,216
2041,273,216
2042,309,241
2043,311,242
2044,311,242
2045,271,214
2046,309,241
2047,306,239
2048,311,242
2049,308,240
2050,309,241
2051,275,218
2052,309,241
2053,306,239
2054,308,240
2055,311,242
2056,306,239
2057,308,240
2058,306,239
2059,308,240
2060,309,241
2061,311,242
2062,311,242
2063,309,241
2064,273,216
2065,308,240
2066,308,240
2067,306,239
2068,306,239
2069,308,240
2070,308,240
2071,273,216
2072,308,240
2073,314,244
2074,274,217
2075,314,244
2076,314,244
2077,315,245
2078,314,244
2079,315,245
2080,312,243
2081,314,244
2082,274,217
2083,274,217
2084,313,243;245
2085,314,244
2086,307,239;245
2087,315,245
2088,315,245
2089,312,243
2090,317,246
2091,314,244
2092,314,244
2093,313,243;245
2094,274,217
2095,317,246
2096,314,244
2097,304,237
2098,317,246
2099,314,244
2100,317,246
2101,314,244
2102,317,246
2103,317,246
2104,304,237
2105,304,237
2106,274,217
2107,274,217
2108,312,243
2109,312,243
2110,312,243
2111,274,217
2112,274,217
2113,312,243
2114,274,217
2115,274,217
2116,315,245
2117,317,246
2118,314,244
2119,315,245
2120,315,245
2121,314,244
2122,314,244
2123,314,244
2124,314,244
2125,314,244
2126,314,244
2127,314,244
2128,314,244
2129,317,246
2130,317,246
2131,317,246
2132,313,243;245
2133,274,217
2134,312,243
2135,315,245
2136,274,217
2137,316,245;424
2138,317,246
2139,317,246
2140,46,39
2141,319,247
2142,319,247
2143,319,247
2144,46,39
2145,319,247
2146,319,247
2147,320,248
2148,320,248
2149,320,248
2150,320,248
2151,320,248
2152,48,41
2153,46,39
2154,319,247
2155,321,249
2156,321,249
2157,321,249
2158,321,249
2159,320,248
2160,321,249
2161,320,248
2162,320,248
2163,320,248
2164,322,250
2165,323,251
2166,321,249
2167,319,247
2168,322,250
2169,322,250
2170,319,247
2171,321,249
2172,319,247
2173,322,250
2174,322,250
2175,323,251
2176,323,251
2177,323,251
2178,323,251
2179,82,65;384
2180,288,227
2181,288,227
2182,288,227
2183,288,227
2184,290,227;346
2185,117,89
2186,117,89
2187,113,87;89
2188,117,89
2189,117,89
2190,117,89
2191,324,252
2192,324,252
2193,324,252
2194,324,252
2195,324,252
2196,325,253
2197,325,253
2198,325,253
2199,325,253
2200,325,253
2201,325,253
2202,325,253
2203,325,253
2204,325,253
2205,325,253
2206,325,253
2207,325,253
2208,325,253
2209,325,253
2210,325,253
2211,325,253
2212,325,253
2213,325,253
2214,325,253
2215,325,253
2216,239,186
2217,239,186
2218,239,186
2219,326,254
2220,326,254
2221,326,254
2222,326,254
2223,326,254
2224,326,254
2225,326,254
2226,326,254
2227,326,254
2228,326,254
2229,117,89
2230,320,248
2231,320,248
2232,228,176;178
2233,288,227
2234,290,227;346
2235,117,89
2236,117,89
2237,327,255
2238,327,255
2239,327,255
2240,327,255
2241,327,255
2242,317,246
2243,328,256
2244,328,256
2245,328,256
2246,328,256
2247,328,256
2248,288,227
2249,289,227;233
2250,112,87
2251,288,227
2252,117,89
2253,46,39
2254,46,39
2255,325,253
2256,288,227
2257,324,252
2258,324,252
2259,251,197;257
2260,330,258
2261,251,197;257
2262,330,258
2263,330,258
2264,319,247
2265,330,258
2266,330,258
2267,330,258
2268,331,259
2269,332,260
2270,331,259
2271,331,259
2272,332,260
2273,331,259
2274,332,260
2275,332,260
2276,331,259
2277,319,247
2278,332,260
2279,332,260
2280,333,261
2281,333,261
2282,334,262
2283,333,261
2284,334,262
2285,334,262
2286,333,261
2287,333,261
2288,333,261
2289,334,262
2290,334,262
2291,335,263
2292,335,263
2293,335,263
2294,335,263
2295,336,264
2296,336,264
2297,335,263
2298,336,264
2299,336,264
2300,335,263
2301,336,264
2302,336,264
2303,337,265
2304,337,265
2305,338,266
2306,338,266
2307,337,265
2308,337,265
2309,337,265
2310,337,265
2311,338,266
2312,338,266
2313,338,266
2314,338,266
2315,338,266
2316,339,267
2317,339,267
2318,338,266
2319,339,267
2320,338,266
2321,338,266
2322,339,267
2323,338,266
2324,339,267
2325,340,268
2326,341,269
2327,342,270
2328,342,270
2329,340,268
2330,340,268
2331,342,270
2332,342,270
2333,342,270
2334,342,270
2335,343,271
2336,344,272
2337,345,273
2338,346,274
2339,345,273
2340,345,273
2341,345,273
2342,344,272
2343,347,275
2344,342,270
2345,342,270
2346,342,270
2347,342,270
2348,342,270
2349,342,270
2350,348,276
2351,345,273
2352,345,273
2353,345,273
2354,345,273
2355,345,273
2356,345,273
2357,345,273
2358,349,277
2359,350,278
2360,349,277
2361,350,278
2362,349,277
2363,349,277
2364,345,273
2365,350,278
2366,349,277
2367,350,278
2368,349,277
2369,349,277
2370,349,277
2371,350,278
2372,350,278
2373,350,278
2374,350,278
2375,350,278
2376,350,278
2377,351,279
2378,343,271
2379,351,279
2380,351,279
2381,351,279
2382,351,279
2383,350,278
2384,343,271
2385,343,271
2386,343,271
2387,343,271
2388,343,271
2389,350,278
2390,352,280
2391,349,277
2392,352,280
2393,349,277
2394,352,280
2395,350,278
2396,352,280
2397,352,280
2398,352,280
2399,352,280
2400,344,272
2401,344,272
2402,353,281
2403,354,282
2404,347,275
2405,354,282
2406,347,275
2407,355,283
2408,19,15
2409,19,15
2410,19,15
2411,42,35
2412,17,13
2413,17,13
2414,20,16
2415,22,18
2416,20,16
2417,15,11
2418,22,18
2419,20,16
2420,17,13
2421,20,16
2422,15,11
2423,20,16
2424,17,13
2425,15,11
2426,22,18
2427,17,13
2428,15,11
2429,16,12
2430,44,37
2431,16,12
2432,16,12
2433,16,12
2434,25,21
2435,25,21
2436,21,17
2437,20,16
2438,24,20
2439,16,12
2440,25,21
2441,16,12
2442,24,20
2443,16,12
2444,25,21
2445,20,16
2446,21,17
2447,21,17
2448,357,284
2449,357,284
2450,357,284
2451,359,285;762
2452,357,284
2453,358,285
2454,359,285;762
2455,359,285;762
2456,357,284
2457,357,284
2458,357,284
2459,357,284
2460,360,286
2461,360,286
2462,360,286
2463,360,286
2464,360,286
2465,361,287
2466,361,287
2467,361,287
2468,361,287
2469,361,287
2470,361,287
2471,361,287
2472,361,287
2473,361,287
2474,361,287
2475,361,287
2476,361,287
2477,362,288
2478,362,288
2479,362,288
2480,362,288
2481,362,288
2482,360,286
2483,360,286
2484,360,286
2485,360,286
2486,360,286
2487,360,286
2488,363,289
2489,363,289
2490,363,289
2491,363,289
2492,363,289
2493,364,290
2494,364,290
2495,364,290
2496,364,290
2497,364,290
2498,364,290
2499,364,290
2500,364,290
2501,364,290
2502,364,290
2503,364,290
2504,364,290
2505,365,291
2506,365,291
2507,365,291
2508,365,291
2509,365,291
2510,366,292
2511,366,292
2512,366,292
2513,366,292
2514,366,292
2515,365,291
2516,364,290
2517,365,291
2518,365,291
2519,364,290
2520,365,291
2521,364,290
2522,364,290
2523,360,286
2524,360,286
2525,360,286
2526,360,286
2527,360,286
2528,362,288
2529,361,287
2530,362,288
2531,362,288
2532,362,288
2533,364,290
2534,363,289
2535,363,289
2536,362,288
2537,363,289
2538,362,288
2539,362,288
2540,360,286
2541,361,287
2542,363,289
2543,365,291
2544,365,291
2545,365,291
2546,365,291
2547,362,288
2548,362,288
2549,362,288
2550,362,288
2551,362,288
2552,366,292
2553,365,291
2554,366,292
2555,364,290
2556,367,293
2557,368,294
2558,367,293
2559,368,294
2560,367,293
2561,368,294
2562,368,294
2563,367,293
2564,367,293
2565,368,294
2566,366,292
2567,366,292
2568,367,293
2569,367,293
2570,368,294
2571,368,294
2572,367,293
2573,367,293
2574,369,295
2575,369,295
2576,369,295
2577,369,295
2578,369,295
2579,369,295
2580,369,295
2581,369,295
2582,363,289
2583,367,293
2584,363,289
2585,362,288
2586,362,288
2587,365,291
2588,367,293
2589,368,294
2590,369,295
2591,368,294
2592,369,295
2593,364,290
2594,370,296
2595,370,296
2596,370,296
2597,370,296
2598,370,296
2599,370,296
2600,366,292
2601,366,292
2602,369,295
2603,369,295
2604,368,294
2605,367,293
2606,367,293
2607,368,294
2608,45,38
2609,371,297
2610,371,297
2611,371,297
2612,371,297
2613,45,38
2614,371,297
2615,45,38
2616,372,298
2617,372,298
2618,373,299
2619,373,299
2620,373,299
2621,373,299
2622,373,299
2623,373,299
2624,374,300
2625,374,300
2626,374,300
2627,374,300
2628,374,300
2629,375,301
2630,375,301
2631,375,301
2632,375,301
2633,375,301
2634,375,301
2635,375,301
2636,373,299
2637,373,299
2638,373,299
2639,361,287
2640,376,302
2641,375,301
2642,376,302
2643,374,300
2644,375,301
2645,376,302
2646,375,301
2647,376,302
2648,375,301
2649,373,299
2650,375,301
2651,376,302
2652,361,287
2653,374,300
2654,375,301
2655,376,302
2656,377,303
2657,361,287
2658,377,303
2659,378,304
2660,361,287
2661,378,304
2662,377,303
2663,377,303
2664,380,305
2665,379,304;305
2666,381,306
2667,381,306
2668,381,306
2669,382,307
2670,382,307
2671,382,307
2672,380,305
2673,381,306
2674,379,304;305
2675,380,305
2676,381,306
2677,378,304
2678,382,307
2679,377,303
2680,371,297
2681,382,307
2682,378,304
2683,45,38
2684,378,304
2685,382,307
2686,378,304
2687,371,297
2688,383,308
2689,383,308
2690,383,308
2691,383,308
2692,383,308
2693,383,308
2694,384,309
2695,384,309
2696,384,309
2697,384,309
2698,384,309
2699,385,310
2700,386,311
2701,386,311
2702,388,312
2703,386,311
2704,385,310
2705,386,311
2706,389,313
2707,387,311;314
2708,390,314
2709,389,313
2710,389,313
2711,385,310
2712,390,314
2713,385,310
2714,391,315
2715,385,310
2716,372,298
2717,372,298
2718,372,298
2719,388,312
2720,392,316
2721,391,315
2722,391,315
2723,391,315
2724,372,298
2725,388,312
2726,389,313
2727,387,311;314
2728,388,312
2729,387,311;314
2730,388,312
2731,390,314
2732,391,315
2733,389,313
2734,387,311;314
2735,392,316
2736,393,317
2737,395,318
2738,396,319
2739,397,320
2740,393,317
2741,397,320
2742,396,319
2743,396,319
2744,392,316
2745,392,316
2746,398,321
2747,393,317
2748,392,316
2749,398,321
2750,399,322
2751,398,321
2752,394,317;318
2753,393,317
2754,399,322
2755,397,320
2756,395,318
2757,396,319
2758,397,320
2759,399,322
2760,397,320
2761,399,322
2762,395,318
2763,395,318
2764,396,319
2765,398,321
2766,398,321
2767,393,317
2768,396,319
2769,399,322
2770,393,317
2771,373,299
2772,381,306
2773,384,309
2774,381,306
2775,382,307
2776,383,308
2777,373,299
2778,376,302
2779,377,303
2780,382,307
2781,380,305
2782,376,302
2783,384,309
2784,380,305
2785,385,310
2786,400,323
2787,400,323
2788,398,321
2789,372,298
2790,400,323
2791,388,312
2792,391,315
2793,388,312
2794,390,314
2795,393,317
2796,392,316
2797,399,322
2798,385,310
2799,400,323
2800,388,312
2801,386,311
2802,389,313
2803,402,324
2804,395,318
2805,399,322
2806,386,311
2807,372,298
2808,392,316
2809,402,324
2810,401,323;325
2811,391,315
2812,400,323
2813,395,318
2814,403,325
2815,388,312
2816,396,319
2817,400,323
2818,396,319
2819,401,323;325
2820,393,317
2821,402,324
2822,389,313
2823,403,325
2824,402,324
2825,403,325
2826,402,324
2827,387,311;314
2828,397,320
2829,398,321
2830,397,320
2831,404,326
2832,404,326
2833,404,326
2834,406,327
2835,407,328
2836,407,328
2837,408,329
2838,406,327
2839,409,330
2840,410,331
2841,409,330
2842,411,332
2843,409,330
2844,406,327
2845,404,326
2846,406,327
2847,407,328
2848,411,332
2849,406,327
2850,410,331
2851,410,331
2852,409,330
2853,410,331
2854,411,332
2855,411,332
2856,409,330
2857,408,329
2858,411,332
2859,404,326
2860,408,329
2861,408,329
2862,407,328
2863,404,326
2864,408,329
2865,410,331
2866,407,328
2867,406,327
2868,372,298
2869,372,298
2870,391,315
2871,388,312
2872,385,310
2873,390,314
2874,378,304
2875,384,309
2876,385,310
2877,389,313
2878,384,309
2879,372,298
2880,387,311;314
2881,387,311;314
2882,391,315
2883,387,311;314
2884,391,315
2885,388,312
2886,378,304
2887,391,315
2888,389,313
2889,375,301
2890,391,315
2891,392,316
2892,399,322
2893,399,322
2894,384,309
2895,392,316
2896,384,309
2897,412,333
2898,412,333
2899,412,333
2900,412,333
2901,412,333
2902,412,333
2903,412,333
2904,412,333
2905,412,333
2906,412,333
2907,412,333
2908,412,333
2909,412,333
2910,412,333
2911,412,333
2912,412,333
2913,412,333
2914,412,333
2915,414,334;1153
2916,413,334
2917,413,334
2918,413,334
2919,413,334
2920,413,334
2921,413,334
2922,413,334
2923,413,334
2924,413,334
2925,414,334;1153
2926,413,334
2927,413,334
2928,413,334
2929,413,334
2930,413,334
2931,414,334;1153
2932,413,334
2933,413,334
2934,415,335
2935,417,336
2936,417,336
2937,415,335
2938,419,337
2939,415,335
2940,419,337
2941,419,337
2942,417,336
2943,419,337
2944,415,335
2945,415,335
2946,417,336
2947,417,336
2948,415,335
2949,420,338
2950,419,337
2951,420,338
2952,420,338
2953,421,339
2954,419,337
2955,420,338
2956,418,336;339
2957,420,338
2958,419,337
2959,419,337
2960,419,337
2961,419,337
2962,419,337
2963,419,337
2964,420,338
2965,420,338
2966,13,10
2967,420,338
2968,420,338
2969,420,338
2970,420,338
2971,419,337
2972,419,337
2973,419,337
2974,419,337
2975,419,337
2976,419,337
2977,419,337
2978,62,54
2979,63,55
2980,62,54
2981,62,54
2982,63,55
2983,63,55
2984,63,55
2985,63,55
2986,63,55
2987,63,55
2988,62,54
2989,63,55
2990,62,54
2991,62,54
2992,63,55
2993,62,54
2994,66,58
2995,66,58
2996,66,58
2997,66,58
2998,66,58
2999,66,58
3000,66,58
3001,66,58
3002,66,58
3003,66,58
3004,66,58
3005,66,58
3006,128,97
3007,128,97
3008,128,97
3009,128,97
3010,128,97
3011,128,97
3012,128,97
3013,128,97
3014,128,97
3015,422,340
3016,422,340
3017,422,340
3018,128,97
3019,128,97
3020,128,97
3021,422,340
3022,422,340
3023,252,198;199
3024,68,59
3025,68,59
3026,252,198;199
3027,252,198;199
3028,423,341
3029,68,59
3030,423,341
3031,68,59
3032,423,341
3033,423,341
3034,423,341
3035,423,341
3036,252,198;199
3037,68,59
3038,423,341
3039,423,341
3040,424,342
3041,423,341
3042,423,341
3043,423,341
3044,423,341
3045,423,341
3046,423,341
3047,423,341
3048,424,342
3049,423,341
3050,424,342
3051,424,342
3052,424,342
3053,424,342
3054,424,342
3055,424,342
3056,424,342
3057,424,342
3058,424,342
3059,424,342
3060,424,342
3061,424,342
3062,422,340
3063,128,97
3064,422,340
3065,252,198;199
3066,424,342
3067,424,342
3068,66,58
3069,63,55
3070,63,55
3071,132,101
3072,252,198;199
3073,128,97
3074,252,198;199
3075,422,340
3076,422,340
3077,68,59
3078,68,59
3079,422,340
3080,422,340
3081,422,340
3082,422,340
3083,126,95
3084,126,95
3085,62,54
3086,62,54
3087,62,54
3088,62,54
3089,422,340
3090,422,340
3091,15,11
3092,15,11
3093,20,16
3094,16,12
3095,16,12
3096,20,16
3097,20,16
3098,16,12
3099,19,15
3100,26,22
3101,17,13
3102,26,22
3103,26,22
3104,17,13
3105,23,19
3106,130,99
3107,25,21
3108,130,99
3109,130,99
3110,130,99
3111,130,99
3112,130,99
3113,25,21
3114,20,16
3115,16,12
3116,132,101
3117,132,101
3118,132,101
3119,132,101
3120,61,53
3121,61,53
3122,425,343
3123,425,343
3124,425,343
3125,213,163
3126,213,163
3127,213,163
3128,211,161;163
3129,127,96
3130,127,96
3131,127,96
3132,127,96
3133,426,344
3134,426,344
3135,426,344
3136,427,345
3137,427,345
3138,428,346
3139,428,346
3140,60,52
3141,60,52
3142,100,78
3143,100,78
3144,60,52
3145,429,347
3146,429,347
3147,100,78
3148,120,92
3149,100,78
3150,101,78;79
3151,60,52
3152,100,78
3153,429,347
3154,429,347
3155,428,346
3156,428,346
3157,428,346
3158,430,348
3159,428,346
3160,430,348
3161,432,348;1006
3162,430,348
3163,430,348
3164,430,348
3165,138,105
3166,138,105
3167,138,105
3168,138,105
3169,138,105
3170,138,105
3171,434,350
3172,433,349
3173,434,350
3174,434,350
3175,124,93;350
3176,434,350
3177,433,349
3178,124,93;350
3179,434,350
3180,433,349
3181,434,350
3182,433,349
3183,434,350
3184,434,350
3185,123,93;349
3186,428,346
3187,433,349
3188,123,93;349
3189,433,349
3190,428,346
3191,428,346
3192,116,88;346
3193,127,96
3194,435,351
3195,435,351
3196,435,351
3197,435,351
3198,435,351
3199,435,351
3200,435,351
3201,435,351
3202,435,351
3203,435,351
3204,435,351
3205,435,351
3206,435,351
3207,435,351
3208,435,351
3209,244,191
3210,281,223
3211,244,191
3212,244,191
3213,281,223
3214,281,223
3215,244,191
3216,244,191
3217,281,223
3218,436,352
3219,282,224
3220,436,352
3221,291,228
3222,282,224
3223,436,352
3224,282,224
3225,287,226;231
3226,282,224
3227,282,224
3228,436,352
3229,436,352
3230,297,231
3231,297,231
3232,297,231
3233,297,231
3234,297,231
3235,437,353
3236,434,350
3237,438,354
3238,439,355
3239,439,355
3240,439,355
3241,438,354
3242,438,354
3243,439,355
3244,439,355
3245,439,355
3246,438,354
3247,439,355
3248,439,355
3249,439,355
3250,439,355
3251,440,356
3252,441,357
3253,441,357
3254,440,356
3255,440,356
3256,440,356
3257,441,357
3258,441,357
3259,438,354
3260,441,357
3261,442,358
3262,443,359
3263,443,359
3264,443,359
3265,444,360
3266,445,361
3267,444,360
3268,445,361
3269,445,361
3270,445,361
3271,445,361
3272,444,360
3273,446,362
3274,446,362
3275,444,360
3276,446,362
3277,444,360
3278,445,361
3279,444,360
3280,446,362
3281,446,362
3282,446,362
3283,440,356
3284,440,356
3285,440,356
3286,440,356
3287,440,356
3288,440,356
3289,440,356
3290,440,356
3291,440,356
3292,440,356
3293,446,362
3294,446,362
3295,446,362
3296,446,362
3297,446,362
3298,446,362
3299,446,362
3300,22,18
3301,22,18
3302,24,20
3303,447,363
3304,447,363
3305,447,363
3306,448,364
3307,447,363
3308,448,364
3309,448,364
3310,448,364
3311,447,363
3312,448,364
3313,448,364
3314,447,363
3315,448,364
3316,21,17
3317,33,29
3318,345,273
3319,448,364
3320,447,363
3321,447,363
3322,448,364
3323,22,18
3324,447,363
3325,24,20
3326,447,363
3327,24,20
3328,448,364
3329,448,364
3330,271,214
3331,271,214
3332,24,20
3333,21,17
3334,21,17
3335,21,17
3336,24,20
3337,447,363
3338,21,17
3339,447,363
3340,345,273
3341,448,364
3342,448,364
3343,448,364
3344,21,17
3345,449,365
3346,449,365
3347,449,365
3348,449,365
3349,449,365
3350,436,352
3351,436,352
3352,281,223
3353,439,355
3354,440,356
3355,440,356
3356,444,360
3357,444,360
3358,271,214
3359,271,214
3360,446,362
3361,445,361
3362,445,361
3363,444,360
3364,444,360
3365,446,362
3366,446,362
3367,449,365
3368,449,365
3369,449,365
3370,449,365
3371,449,365
3372,450,366
3373,450,366
3374,450,366
3375,450,366
3376,450,366
3377,297,231
3378,445,361
3379,445,361
3380,444,360
3381,299,233
3382,449,365
3383,449,365
3384,450,366
3385,451,367
3386,451,367
3387,451,367
3388,451,367
3389,450,366
3390,451,367
3391,451,367
3392,451,367
3393,452,368
3394,452,368
3395,452,368
3396,453,369
3397,452,368
3398,452,368
3399,452,368
3400,345,273
3401,452,368
3402,452,368
3403,452,368
3404,345,273
3405,452,368
3406,453,369
3407,453,369
3408,453,369
3409,453,369
3410,453,369
3411,453,369
3412,453,369
3413,453,369
3414,449,365
3415,450,366
3416,449,365
3417,450,366
3418,451,367
3419,454,370
3420,452,368
3421,341,269
3422,454,370
3423,341,269
3424,454,370
3425,452,368
3426,451,367
3427,454,370
3428,455,371
3429,455,371
3430,455,371
3431,455,371
3432,455,371
3433,449,365
3434,451,367
3435,451,367
3436,450,366
3437,450,366
3438,450,366
3439,450,366
3440,449,365
3441,449,365
3442,456,372
3443,458,373
3444,459,374
3445,459,374
3446,458,373
3447,457,372;396
3448,458,373
3449,458,373
3450,456,372
3451,459,374
3452,459,374
3453,456,372
3454,458,373
3455,456,372
3456,459,374
3457,209,160
3458,209,160
3459,297,231
3460,460,375
3461,452,368
3462,452,368
3463,210,160;161
3464,297,231
3465,210,160;161
3466,444,360
3467,458,373
3468,458,373
3469,458,373
3470,459,374
3471,458,373
3472,458,373
3473,456,372
3474,453,369
3475,459,374
3476,209,160
3477,463,376
3478,453,369
3479,458,373
3480,457,372;396
3481,464,377
3482,464,377
3483,464,377
3484,464,377
3485,464,377
3486,463,376
3487,464,377
3488,465,377;602
3489,464,377
3490,465,377;602
3491,464,377
3492,466,378
3493,466,378
3494,466,378
3495,467,379
3496,467,379
3497,466,378
3498,466,378
3499,467,379
3500,467,379
3501,467,379
3502,468,380
3503,468,380
3504,7,4
3505,7,4
3506,7,4
3507,7,4
3508,7,4
3509,467,379
3510,466,378
3511,7,4
3512,467,379
3513,7,4
3514,7,4
3515,466,378
3516,467,379
3517,7,4
3518,466,378
3519,7,4
3520,7,4
3521,7,4
3522,7,4
3523,7,4
3524,7,4
3525,7,4
3526,7,4
3527,466,378
3528,466,378
3529,466,378
3530,466,378
3531,466,378
3532,466,378
3533,152,112
3534,152,112
3535,240,187
3536,240,187
3537,152,112
3538,240,187
3539,240,187
3540,469,381
3541,152,112
3542,469,381
3543,469,381
3544,469,381
3545,469,381
3546,469,381
3547,469,381
3548,469,381
3549,323,251
3550,323,251
3551,323,251
3552,323,251
3553,78,63
3554,78,63
3555,78,63
3556,79,63;384
3557,78,63
3558,470,382
3559,79,63;384
3560,75,62
3561,470,382
3562,75,62
3563,470,382
3564,79,63;384
3565,470,382
3566,470,382
3567,75,62
3568,470,382
3569,470,382
3570,471,383
3571,76,62;251
3572,471,383
3573,471,383
3574,75,62
3575,75,62
3576,471,383
3577,75,62
3578,471,383
3579,471,383
3580,75,62
3581,75,62
3582,75,62
3583,467,379
3584,466,378
3585,466,378
3586,467,379
3587,467,379
3588,467,379
3589,467,379
3590,467,379
3591,467,379
3592,467,379
3593,466,378
3594,467,379
3595,466,378
3596,467,379
3597,75,62
3598,75,62
3599,75,62
3600,75,62
3601,75,62
3602,75,62
3603,75,62
3604,7,4
3605,467,379
3606,472,384
3607,82,65;384
3608,467,379
3609,82,65;384
3610,473,385
3611,473,385
3612,473,385
3613,473,385
3614,473,385
3615,82,65;384
3616,79,63;384
3617,475,386;980
3618,474,386
3619,474,386
3620,466,378
3621,474,386
3622,82,65;384
3623,472,384
3624,79,63;384
3625,476,387
3626,476,387
3627,476,387
3628,85,67;387
3629,85,67;387
3630,473,385
3631,476,387
3632,476,387
3633,476,387
3634,476,387
3635,85,67;387
3636,311,242
3637,311,242
3638,311,242
3639,479,388
3640,479,388
3641,479,388
3642,479,388
3643,479,388
3644,479,388
3645,479,388
3646,479,388
3647,479,388
3648,479,388
3649,479,388
3650,479,388
3651,479,388
3652,479,388
3653,479,388
3654,479,388
3655,479,388
3656,479,388
3657,479,388
3658,479,388
3659,479,388
3660,480,389
3661,480,389
3662,481,390
3663,481,390
3664,481,390
3665,480,389
3666,481,390
3667,481,390
3668,481,390
3669,480,389
3670,480,389
3671,480,389
3672,309,241
3673,273,216
3674,273,216
3675,309,241
3676,273,216
3677,309,241
3678,15,11
3679,17,13
3680,20,16
3681,16,12
3682,23,19
3683,20,16
3684,19,15
3685,23,19
3686,16,12
3687,20,16
3688,16,12
3689,19,15
3690,19,15
3691,26,22
3692,26,22
3693,26,22
3694,26,22
3695,243,190
3696,243,190
3697,482,391
3698,243,190
3699,243,190
3700,482,391
3701,243,190
3702,482,391
3703,482,391
3704,482,391
3705,484,392
3706,484,392
3707,484,392
3708,484,392
3709,484,392
3710,484,392
3711,484,392
3712,484,392
3713,485,393
3714,485,393
3715,485,393
3716,485,393
3717,485,393
3718,486,394
3719,486,394
3720,486,394
3721,486,394
3722,486,394
3723,486,394
3724,486,394
3725,486,394
3726,487,395
3727,487,395
3728,487,395
3729,487,395
3730,487,395
3731,487,395
3732,487,395
3733,487,395
3734,487,395
3735,487,395
3736,487,395
3737,487,395
3738,487,395
3739,487,395
3740,487,395
3741,487,395
3742,487,395
3743,487,395
3744,487,395
3745,452,368
3746,452,368
3747,452,368
3748,452,368
3749,487,395
3750,488,396
3751,488,396
3752,457,372;396
3753,488,396
3754,456,372
3755,457,372;396
3756,456,372
3757,456,372
3758,456,372
3759,456,372
3760,456,372
3761,456,372
3762,456,372
3763,489,397
3764,489,397
3765,489,397
3766,456,372
3767,456,372
3768,456,372
3769,489,397
3770,489,397
3771,489,397
3772,490,398
3773,490,398
3774,490,398
3775,490,398
3776,489,397
3777,489,397
3778,490,398
3779,490,398
3780,489,397
3781,491,399
3782,491,399
3783,491,399
3784,491,399
3785,491,399
3786,492,400
3787,493,400;602
3788,492,400
3789,492,400
3790,492,400
3791,493,400;602
3792,492,400
3793,492,400
3794,493,400;602
3795,492,400
3796,492,400
3797,492,400
3798,491,399
3799,491,399
3800,491,399
3801,491,399
3802,491,399
3803,491,399
3804,494,401
3805,494,401
3806,494,401
3807,494,401
3808,493,400;602
3809,494,401
3810,464,377
3811,464,377
3812,464,377
3813,495,401;602
3814,494,401
3815,494,401
3816,495,401;602
3817,464,377
3818,464,377
3819,464,377
3820,465,377;602
3821,464,377
3822,494,401
3823,495,401;602
3824,496,402
3825,496,402
3826,496,402
3827,494,401
3828,496,402
3829,496,402
3830,496,402
3831,497,403
3832,497,403
3833,496,402
3834,497,403
3835,497,403
3836,497,403
3837,497,403
3838,497,403
3839,497,403
3840,497,403
3841,497,403
3842,497,403
3843,497,403
3844,497,403
3845,220,169
3846,220,169
3847,220,169
3848,223,172
3849,223,172
3850,220,169
3851,220,169
3852,220,169
3853,220,169
3854,223,172
3855,220,169
3856,223,172
3857,223,172
3858,220,169
3859,220,169
3860,224,173
3861,224,173
3862,224,173
3863,224,173
3864,224,173
3865,224,173
3866,224,173
3867,224,173
3868,224,173
3869,222,171
3870,224,173
3871,224,173
3872,224,173
3873,222,171
3874,222,171
3875,222,171
3876,222,171
3877,222,171
3878,222,171
3879,222,171
3880,222,171
3881,222,171
3882,226,175
3883,226,175
3884,226,175
3885,226,175
3886,226,175
3887,498,404
3888,498,404
3889,498,404
3890,498,404
3891,498,404
3892,498,404
3893,498,404
3894,498,404
3895,498,404
3896,498,404
3897,498,404
3898,498,404
3899,498,404
3900,498,404
3901,499,405
3902,499,405
3903,499,405
3904,499,405
3905,499,405
3906,498,404
3907,499,405
3908,499,405
3909,499,405
3910,499,405
3911,499,405
3912,499,405
3913,499,405
3914,222,171
3915,500,406
3916,500,406
3917,500,406
3918,500,406
3919,500,406
3920,500,406
3921,501,407
3922,501,407
3923,501,407
3924,501,407
3925,501,407
3926,501,407
3927,501,407
3928,501,407
3929,501,407
3930,501,407
3931,501,407
3932,502,408
3933,502,408
3934,503,409
3935,502,408
3936,503,409
3937,503,409
3938,502,408
3939,503,409
3940,502,408
3941,502,408
3942,503,409
3943,504,410
3944,504,410
3945,504,410
3946,504,410
3947,504,410
3948,340,268
3949,340,268
3950,340,268
3951,340,268
3952,350,278
3953,343,271
3954,343,271
3955,351,279
3956,351,279
3957,351,279
3958,343,271
3959,343,271
3960,351,279
3961,352,280
3962,352,280
3963,352,280
3964,352,280
3965,346,274
3966,346,274
3967,346,274
3968,346,274
3969,346,274
3970,346,274
3971,455,371
3972,455,371
3973,455,371
3974,505,411
3975,505,411
3976,505,411
3977,505,411
3978,341,269
3979,505,411
3980,455,371
3981,505,411
3982,341,269
3983,341,269
3984,341,269
3985,341,269
3986,341,269
3987,341,269
3988,341,269
3989,341,269
3990,506,412
3991,506,412
3992,506,412
3993,459,374
3994,459,374
3995,459,374
3996,459,374
3997,458,373
3998,507,413
3999,507,413
4000,507,413
4001,507,413
4002,508,414
4003,508,414
4004,508,414
4005,508,414
4006,508,414
4007,508,414
4008,485,393
4009,508,414
4010,485,393
4011,508,414
4012,485,393
4013,508,414
4014,508,414
4015,508,414
4016,508,414
4017,509,415
4018,509,415
4019,509,415
4020,509,415
4021,510,416
4022,510,416
4023,510,416
4024,510,416
4025,221,170
4026,221,170
4027,219,168
4028,219,168
4029,221,170
4030,221,170
4031,219,168
4032,221,170
4033,511,417
4034,511,417
4035,511,417
4036,511,417
4037,511,417
4038,511,417
4039,511,417
4040,511,417
4041,511,417
4042,511,417
4043,344,272
4044,344,272
4045,344,272
4046,512,418
4047,344,272
4048,512,418
4049,512,418
4050,512,418
4051,512,418
4052,513,419
4053,514,420
4054,514,420
4055,515,421
4056,513,419
4057,515,421
4058,513,419
4059,513,419
4060,515,421
4061,515,421
4062,514,420
4063,513,419
4064,515,421
4065,514,420
4066,514,420
4067,513,419
4068,517,422
4069,517,422
4070,517,422
4071,517,422
4072,517,422
4073,517,422
4074,517,422
4075,207,159
4076,207,159
4077,209,160
4078,209,160
4079,207,159
4080,207,159
4081,205,158
4082,205,158
4083,213,163
4084,207,159
4085,209,160
4086,213,163
4087,213,163
4088,213,163
4089,473,385
4090,473,385
4091,473,385
4092,518,423
4093,473,385
4094,473,385
4095,473,385
4096,473,385
4097,473,385
4098,473,385
4099,95,75
4100,86,68
4101,86,68
4102,95,75
4103,86,68
4104,95,75
4105,95,75
4106,86,68
4107,87,69
4108,87,69
4109,87,69
4110,87,69
4111,87,69
4112,87,69
4113,441,357
4114,441,357
4115,441,357
4116,441,357
4117,441,357
4118,441,357
4119,440,356
4120,440,356
4121,440,356
4122,66,58
4123,15,11
4124,42,35
4125,44,37
4126,44,37
4127,42,35
4128,42,35
4129,138,105
4130,138,105
4131,138,105
4132,120,92
4133,152,112
4134,152,112
4135,152,112
4136,125,94
4137,125,94
4138,120,92
4139,519,424
4140,519,424
4141,521,425
4142,522,426
4143,520,424;452
4144,519,424
4145,521,425
4146,521,425
4147,521,425
4148,522,426
4149,519,424
4150,519,424
4151,522,426
4152,523,427
4153,524,427;541
4154,525,428
4155,523,427
4156,523,427
4157,526,429
4158,526,429
4159,527,430
4160,527,430
4161,527,430
4162,524,427;541
4163,526,429
4164,526,429
4165,524,427;541
4166,523,427
4167,526,429
4168,527,430
4169,526,429
4170,527,430
4171,527,430
4172,526,429
4173,528,431
4174,137,104;432
4175,525,428
4176,140,106;432
4177,137,104;432
4178,525,428
4179,528,431
4180,525,428
4181,140,106;432
4182,525,428
4183,140,106;432
4184,528,431
4185,140,106;432
4186,467,379
4187,466,378
4188,529,433
4189,529,433
4190,518,423
4191,473,385
4192,529,433
4193,518,423
4194,529,433
4195,518,423
4196,518,423
4197,468,380
4198,468,380
4199,468,380
4200,468,380
4201,141,107
4202,141,107
4203,135,103
4204,141,107
4205,135,103
4206,135,103
4207,525,428
4208,525,428
4209,525,428
4210,525,428
4211,525,428
4212,519,424
4213,15,11
4214,17,13
4215,17,13
4216,530,434
4217,530,434
4218,531,435
4219,530,434
4220,530,434
4221,530,434
4222,530,434
4223,531,435
4224,532,436
4225,533,437
4226,534,438
4227,532,436
4228,535,439
4229,535,439
4230,535,439
4231,534,438
4232,533,437
4233,533,437
4234,534,438
4235,532,436
4236,535,439
4237,534,438
4238,532,436
4239,534,438
4240,532,436
4241,533,437
4242,535,439
4243,533,437
4244,535,439
4245,535,439
4246,535,439
4247,535,439
4248,535,439
4249,535,439
4250,536,440
4251,537,441
4252,538,442
4253,537,441
4254,537,441
4255,538,442
4256,538,442
4257,538,442
4258,536,440
4259,538,442
4260,537,441
4261,537,441
4262,536,440
4263,536,440
4264,536,440
4265,246,193
4266,246,193
4267,246,193
4268,246,193
4269,270,213
4270,270,213
4271,192,147
4272,188,145
4273,270,213
4274,270,213
4275,192,147
4276,192,147
4277,192,147
4278,535,439
4279,535,439
4280,535,439
4281,535,439
4282,537,441
4283,535,439
4284,537,441
4285,535,439
4286,539,443
4287,539,443
4288,539,443
4289,539,443
4290,540,444
4291,540,444
4292,541,445
4293,541,445
4294,540,444
4295,541,445
4296,541,445
4297,540,444
4298,539,443
4299,540,444
4300,541,445
4301,542,446
4302,542,446
4303,542,446
4304,542,446
4305,542,446
4306,543,447
4307,543,447
4308,543,447
4309,543,447
4310,543,447
4311,544,448
4312,544,448
4313,544,448
4314,544,448
4315,544,448
4316,544,448
4317,545,449
4318,545,449
4319,545,449
4320,545,449
4321,546,450
4322,546,450
4323,545,449
4324,545,449
4325,546,450
4326,546,450
4327,547,451
4328,546,450
4329,548,452
4330,547,451
4331,520,424;452
4332,547,451
4333,546,450
4334,547,451
4335,548,452
4336,547,451
4337,547,451
4338,548,452
4339,549,453
4340,550,454
4341,549,453
4342,550,454
4343,549,453
4344,550,454
4345,548,452
4346,548,452
4347,548,452
4348,548,452
4349,548,452
4350,550,454
4351,549,453
4352,549,453
4353,548,452
4354,550,454
4355,548,452
4356,549,453
4357,548,452
4358,548,452
4359,551,455
4360,551,455
4361,551,455
4362,551,455
4363,551,455
4364,551,455
4365,194,148
4366,552,456
4367,195,149
4368,190,146
4369,195,149
4370,195,149
4371,190,146
4372,552,456
4373,190,146
4374,191,146;150
4375,195,149
4376,191,146;150
4377,196,149;150
4378,552,456
4379,196,149;150
4380,552,456
4381,197,150
4382,196,149;150
4383,197,150
4384,197,150
4385,197,150
4386,197,150
4387,193,147;456
4388,552,456
4389,197,150
4390,553,457
4391,553,457
4392,197,150
4393,197,150
4394,197,150
4395,553,457
4396,553,457
4397,197,150
4398,553,457
4399,553,457
4400,553,457
4401,553,457
4402,553,457
4403,553,457
4404,553,457
4405,554,458
4406,554,458
4407,554,458
4408,554,458
4409,554,458
4410,554,458
4411,554,458
4412,554,458
4413,555,459
4414,555,459
4415,555,459
4416,555,459
4417,555,459
4418,554,458
4419,555,459
4420,554,458
4421,556,460
4422,559,460;465
4423,556,460
4424,560,461
4425,560,461
4426,558,460;464
4427,561,462
4428,560,461
4429,560,461
4430,561,462
4431,560,461
4432,556,460
4433,562,463
4434,563,464
4435,557,460;463
4436,564,465
4437,562,463
4438,564,465
4439,561,462
4440,564,465
4441,564,465
4442,562,463
4443,559,460;465
4444,561,462
4445,561,462
4446,562,463
4447,563,464
4448,563,464
4449,563,464
4450,563,464
4451,563,464
4452,565,466
4453,566,467
4454,566,467
4455,565,466
4456,566,467
4457,567,468
4458,565,466
4459,566,467
4460,565,466
4461,567,468
4462,566,467
4463,567,468
4464,569,469
4465,569,469
4466,567,468
4467,569,469
4468,565,466
4469,569,469
4470,567,468
4471,569,469
4472,571,470
4473,571,470
4474,572,471
4475,572,471
4476,572,471
4477,573,472
4478,573,472
4479,573,472
4480,572,471
4481,573,472
4482,571,470
4483,571,470
4484,572,471
4485,573,472
4486,571,470
4487,574,472;477
4488,572,471
4489,575,473
4490,573,472
4491,576,474
4492,575,473
4493,577,475
4494,577,475
4495,578,476
4496,578,476
4497,578,476
4498,578,476
4499,575,473
4500,577,475
4501,575,473
4502,577,475
4503,578,476
4504,576,474
4505,576,474
4506,578,476
4507,576,474
4508,578,476
4509,577,475
4510,576,474
4511,578,476
4512,577,475
4513,575,473
4514,574,472;477
4515,568,468;478
4516,579,477
4517,581,479
4518,580,478
4519,580,478
4520,579,477
4521,579,477
4522,581,479
4523,580,478
4524,581,479
4525,580,478
4526,581,479
4527,581,479
4528,568,468;478
4529,581,479
4530,582,480
4531,582,480
4532,582,480
4533,582,480
4534,582,480
4535,583,481
4536,583,481
4537,583,481
4538,50,43
4539,583,481
4540,583,481
4541,584,482
4542,582,480
4543,585,483
4544,582,480
4545,585,483
4546,584,482
4547,585,483
4548,585,483
4549,584,482
4550,584,482
4551,585,483
4552,584,482
4553,583,481
4554,583,481
4555,321,249
4556,322,250
4557,81,65
4558,78,63
4559,78,63
4560,470,382
4561,85,67;387
4562,85,67;387
4563,84,67
4564,84,67
4565,75,62
4566,575,473
4567,575,473
4568,575,473
4569,575,473
4570,575,473
4571,575,473
4572,278,221
4573,111,86
4574,278,221
4575,112,87
4576,112,87
4577,112,87
4578,112,87
4579,112,87
4580,112,87
4581,288,227
4582,118,90
4583,118,90
4584,118,90
4585,114,88
4586,114,88
4587,114,88
4588,117,89
4589,288,227
4590,428,346
4591,299,233
4592,115,88;233
4593,115,88;233
4594,299,233
4595,321,249
4596,323,251
4597,321,249
4598,322,250
4599,323,251
4600,323,251
4601,321,249
4602,81,65
4603,81,65
4604,81,65
4605,81,65
4606,81,65
4607,470,382
4608,470,382
4609,78,63
4610,470,382
4611,470,382
4612,470,382
4613,470,382
4614,470,382
4615,587,484;929
4616,586,484
4617,586,484
4618,588,484;1083
4619,588,484;1083
4620,586,484
4621,591,485;489
4622,591,485;489
4623,589,485
4624,589,485
4625,589,485
4626,590,485;488
4627,591,485;489
4628,589,485
4629,589,485
4630,592,486
4631,592,486
4632,593,487
4633,593,487
4634,592,486
4635,593,487
4636,593,487
4637,594,488
4638,479,388
4639,594,488
4640,594,488
4641,595,489
4642,595,489
4643,595,489
4644,595,489
4645,596,490;683
4646,599,490;1055
4647,598,490;1054
4648,597,490;693
4649,596,490;683
4650,597,490;693
4651,598,490;1054
4652,598,490;1054
4653,596,490;683
4654,599,490;1055
4655,599,490;1055
4656,601,491;683
4657,600,491
4658,604,491;1055
4659,602,491;693
4660,604,491;1055
4661,601,491;683
4662,603,491;1054
4663,600,491
4664,600,491
4665,600,491
4666,600,491
4667,600,491
4668,605,492
4669,605,492
4670,605,492
4671,605,492
4672,605,492
4673,606,493
4674,606,493
4675,606,493
4676,606,493
4677,607,494
4678,607,494
4679,607,494
4680,607,494
4681,471,383
4682,608,495
4683,608,495
4684,608,495
4685,608,495
4686,608,495
4687,612,496;501
4688,612,496;501
4689,609,496
4690,611,496;500
4691,609,496
4692,615,497;502
4693,615,497;502
4694,616,497;505
4695,609,496
4696,617,497;691
4697,617,497;691
4698,610,496;497
4699,615,497;502
4700,618,498
4701,618,498
4702,618,498
4703,618,498
4704,618,498
4705,614,497;498
4706,618,498
4707,614,497;498
4708,618,498
4709,618,498
4710,618,498
4711,610,496;497
4712,609,496
4713,618,498
4714,609,496
4715,618,498
4716,611,496;500
4717,614,497;498
4718,619,499
4719,621,500
4720,612,496;501
4721,619,499
4722,621,500
4723,619,499
4724,609,496
4725,621,500
4726,619,499
4727,612,496;501
4728,620,499;501
4729,625,501;503
4730,619,499
4731,609,496
4732,625,501;503
4733,623,500;504
4734,623,500;504
4735,624,500;691
4736,626,501;504
4737,620,499;501
4738,615,497;502
4739,613,497
4740,471,383
4741,471,383
4742,471,383
4743,471,383
4744,608,495
4745,608,495
4746,608,495
4747,608,495
4748,608,495
4749,629,502
4750,630,503
4751,629,502
4752,630,503
4753,629,502
4754,630,503
4755,629,502
4756,625,501;503
4757,630,503
4758,622,500;503
4759,629,502
4760,622,500;503
4761,631,504
4762,632,505
4763,632,505
4764,632,505
4765,616,497;505
4766,632,505
4767,631,504
4768,613,497
4769,614,497;498
4770,631,504
4771,321,249
4772,321,249
4773,321,249
4774,323,251
4775,322,250
4776,323,251
4777,633,506
4778,634,507
4779,633,506
4780,633,506
4781,633,506
4782,633,506
4783,633,506
4784,633,506
4785,634,507
4786,633,506
4787,633,506
4788,635,508
4789,94,74;384;508
4790,634,507
4791,634,507
4792,635,508
4793,634,507
4794,634,507
4795,635,508
4796,635,508
4797,62,54
4798,252,198;199
4799,252,198;199
4800,252,198;199
4801,252,198;199
4802,126,95
4803,126,95
4804,131,100
4805,131,100
4806,131,100
4807,131,100
4808,636,509
4809,131,100
4810,636,509
4811,636,509
4812,636,509
4813,430,348
4814,64,56
4815,64,56
4816,64,56
4817,431,348;914
4818,59,51
4819,64,56
4820,100,78
4821,101,78;79
4822,432,348;1006
4823,637,510
4824,638,511
4825,638,511
4826,105,81
4827,637,510
4828,107,83
4829,105,81
4830,107,83
4831,105,81
4832,637,510
4833,637,510
4834,107,83
4835,638,511
4836,639,512
4837,106,82
4838,106,82
4839,639,512
4840,639,512
4841,639,512
4842,106,82
4843,639,512
4844,639,512
4845,639,512
4846,639,512
4847,639,512
4848,639,512
4849,639,512
4850,639,512
4851,639,512
4852,640,513
4853,640,513
4854,640,513
4855,137,104;432
4856,640,513
4857,136,104
4858,136,104
4859,137,104;432
4860,136,104
4861,137,104;432
4862,95,75
4863,95,75
4864,86,68
4865,86,68
4866,15,11
4867,17,13
4868,15,11
4869,17,13
4870,641,514
4871,641,514
4872,641,514
4873,641,514
4874,641,514
4875,641,514
4876,642,515
4877,642,515
4878,215,165
4879,642,515
4880,215,165
4881,215,165
4882,642,515
4883,642,515
4884,216,165;516
4885,216,165;516
4886,215,165
4887,642,515
4888,646,516;969
4889,642,515
4890,216,165;516
4891,645,516;967
4892,646,516;969
4893,215,165
4894,216,165;516
4895,216,165;516
4896,215,165
4897,215,165
4898,647,517
4899,647,517
4900,648,518
4901,647,517
4902,649,519
4903,647,517
4904,649,519
4905,648,518
4906,648,518
4907,647,517
4908,647,517
4909,649,519
4910,649,519
4911,649,519
4912,648,518
4913,648,518
4914,648,518
4915,582,480
4916,51,44
4917,582,480
4918,582,480
4919,17,13
4920,17,13
4921,17,13
4922,17,13
4923,15,11
4924,220,169
4925,220,169
4926,26,22
4927,26,22
4928,24,20
4929,271,214
4930,25,21
4931,22,18
4932,15,11
4933,24,20
4934,19,15
4935,178,136
4936,177,135
4937,176,134
4938,178,136
4939,177,135
4940,177,135
4941,178,136
4942,177,135
4943,178,136
4944,178,136
4945,176,134
4946,176,134
4947,650,520
4948,180,138
4949,650,520
4950,180,138
4951,181,139
4952,650,520
4953,650,520
4954,181,139
4955,650,520
4956,181,139
4957,181,139
4958,181,139
4959,180,138
4960,180,138
4961,181,139
4962,176,134
4963,180,138
4964,650,520
4965,176,134
4966,182,140
4967,181,139
4968,178,136
4969,180,138
4970,177,135
4971,178,136
4972,176,134
4973,650,520
4974,177,135
4975,650,520
4976,177,135
4977,177,135
4978,176,134
4979,177,135
4980,176,134
4981,182,140
4982,182,140
4983,179,137
4984,182,140
4985,182,140
4986,182,140
4987,182,140
4988,182,140
4989,179,137
4990,651,521
4991,179,137
4992,651,521
4993,651,521
4994,179,137
4995,652,522
4996,652,522
4997,651,521
4998,653,523
4999,653,523
5000,651,521
5001,652,522
5002,653,523
5003,653,523
5004,653,523
5005,654,524
5006,654,524
5007,652,522
5008,652,522
5009,654,524
5010,652,522
5011,653,523
5012,653,523
5013,179,137
5014,652,522
5015,182,140
5016,653,523
5017,651,521
5018,651,521
5019,653,523
5020,179,137
5021,655,525
5022,654,524
5023,654,524
5024,655,525
5025,654,524
5026,654,524
5027,654,524
5028,655,525
5029,655,525
5030,654,524
5031,655,525
5032,655,525
5033,654,524
5034,655,525
5035,654,524
5036,656,526
5037,657,527
5038,656,526
5039,656,526
5040,657,527
5041,656,526
5042,656,526
5043,656,526
5044,656,526
5045,656,526
5046,657,527
5047,656,526
5048,657,527
5049,657,527
5050,656,526
5051,658,528
5052,658,528
5053,658,528
5054,658,528
5055,658,528
5056,654,524
5057,655,525
5058,655,525
5059,654,524
5060,654,524
5061,658,528
5062,654,524
5063,454,370
5064,454,370
5065,454,370
5066,454,370
5067,454,370
5068,454,370
5069,454,370
5070,454,370
5071,454,370
5072,656,526
5073,657,527
5074,454,370
5075,454,370
5076,656,526
5077,657,527
5078,454,370
5079,656,526
5080,658,528
5081,658,528
5082,659,529
5083,659,529
5084,659,529
5085,660,530
5086,659,529
5087,660,530
5088,660,530
5089,659,529
5090,659,529
5091,660,530
5092,661,531
5093,661,531
5094,661,531
5095,660,530
5096,660,530
5097,661,531
5098,661,531
5099,661,531
5100,661,531
5101,661,531
5102,661,531
5103,661,531
5104,661,531
5105,661,531
5106,661,531
5107,661,531
5108,659,529
5109,661,531
5110,661,531
5111,660,530
5112,659,529
5113,660,530
5114,660,530
5115,660,530
5116,660,530
5117,660,530
5118,660,530
5119,660,530
5120,660,530
5121,566,467
5122,566,467
5123,569,469
5124,566,467
5125,569,469
5126,569,469
5127,565,466
5128,565,466
5129,567,468
5130,569,469
5131,567,468
5132,565,466
5133,571,470
5134,571,470
5135,567,468
5136,571,470
5137,574,472;477
5138,573,472
5139,573,472
5140,573,472
5141,573,472
5142,573,472
5143,576,474
5144,569,469
5145,571,470
5146,567,468
5147,572,471
5148,566,467
5149,566,467
5150,571,470
5151,571,470
5152,572,471
5153,575,473
5154,569,469
5155,565,466
5156,575,473
5157,572,471
5158,566,467
5159,577,475
5160,577,475
5161,577,475
5162,576,474
5163,576,474
5164,576,474
5165,532,436
5166,532,436
5167,534,438
5168,578,476
5169,532,436
5170,578,476
5171,534,438
5172,534,438
5173,534,438
5174,573,472
5175,576,474
5176,576,474
5177,577,475
5178,577,475
5179,576,474
5180,575,473
5181,533,437
5182,533,437
5183,532,436
5184,533,437
5185,538,442
5186,538,442
5187,578,476
5188,578,476
5189,578,476
5190,534,438
5191,533,437
5192,538,442
5193,538,442
5194,536,440
5195,537,441
5196,537,441
5197,536,440
5198,536,440
5199,536,440
5200,537,441
5201,536,440
5202,538,442
5203,536,440
5204,533,437
5205,539,443
5206,539,443
5207,539,443
5208,541,445
5209,539,443
5210,539,443
5211,541,445
5212,541,445
5213,540,444
5214,539,443
5215,540,444
5216,540,444
5217,543,447
5218,540,444
5219,542,446
5220,543,447
5221,542,446
5222,543,447
5223,543,447
5224,542,446
5225,543,447
5226,543,447
5227,543,447
5228,543,447
5229,543,447
5230,543,447
5231,543,447
5232,544,448
5233,544,448
5234,544,448
5235,544,448
5236,544,448
5237,544,448
5238,545,449
5239,544,448
5240,546,450
5241,545,449
5242,545,449
5243,546,450
5244,549,453
5245,549,453
5246,549,453
5247,549,453
5248,550,454
5249,549,453
5250,550,454
5251,550,454
5252,550,454
5253,550,454
5254,550,454
5255,546,450
5256,547,451
5257,547,451
5258,547,451
5259,546,450
5260,546,450
5261,546,450
5262,546,450
5263,546,450
5264,547,451
5265,485,393
5266,485,393
5267,485,393
5268,205,158
5269,485,393
5270,205,158
5271,485,393
5272,186,144
5273,246,193
5274,246,193
5275,246,193
5276,246,193
5277,246,193
5278,246,193
5279,246,193
5280,246,193
5281,270,213
5282,270,213
5283,270,213
5284,270,213
5285,270,213
5286,531,435
5287,531,435
5288,531,435
5289,530,434
5290,531,435
5291,531,435
5292,662,532
5293,530,434
5294,531,435
5295,662,532
5296,530,434
5297,663,533
5298,662,532
5299,662,532
5300,662,532
5301,663,533
5302,662,532
5303,663,533
5304,304,237
5305,304,237
5306,663,533
5307,663,533
5308,304,237
5309,664,534
5310,531,435
5311,304,237
5312,662,532
5313,664,534
5314,664,534
5315,663,533
5316,662,532
5317,530,434
5318,664,534
5319,663,533
5320,664,534
5321,665,535
5322,666,536
5323,666,536
5324,665,535
5325,665,535
5326,666,536
5327,666,536
5328,665,535
5329,665,535
5330,666,536
5331,666,536
5332,666,536
5333,666,536
5334,666,536
5335,666,536
5336,666,536
5337,192,147
5338,665,535
5339,666,536
5340,665,535
5341,664,534
5342,192,147
5343,664,534
5344,666,536
5345,192,147
5346,191,146;150
5347,190,146
5348,191,146;150
5349,190,146
5350,190,146
5351,190,146
5352,195,149
5353,195,149
5354,195,149
5355,195,149
5356,195,149
5357,195,149
5358,191,146;150
5359,190,146
5360,195,149
5361,195,149
5362,552,456
5363,552,456
5364,552,456
5365,552,456
5366,552,456
5367,193,147;456
5368,197,150
5369,552,456
5370,197,150
5371,553,457
5372,197,150
5373,553,457
5374,553,457
5375,553,457
5376,197,150
5377,197,150
5378,553,457
5379,551,455
5380,551,455
5381,551,455
5382,554,458
5383,555,459
5384,555,459
5385,554,458
5386,551,455
5387,554,458
5388,555,459
5389,555,459
5390,555,459
5391,554,458
5392,555,459
5393,555,459
5394,556,460
5395,556,460
5396,557,460;463
5397,556,460
5398,555,459
5399,555,459
5400,555,459
5401,558,460;464
5402,560,461
5403,560,461
5404,582,480
5405,560,461
5406,561,462
5407,560,461
5408,582,480
5409,560,461
5410,583,481
5411,584,482
5412,583,481
5413,584,482
5414,583,481
5415,585,483
5416,584,482
5417,585,483
5418,561,462
5419,561,462
5420,561,462
5421,585,483
5422,584,482
5423,560,461
5424,560,461
5425,560,461
5426,560,461
5427,584,482
5428,584,482
5429,585,483
5430,584,482
5431,584,482
5432,584,482
5433,561,462
5434,561,462
5435,560,461
5436,561,462
5437,561,462
5438,561,462
5439,667,537
5440,668,538
5441,668,538
5442,668,538
5443,532,436
5444,538,442
5445,668,538
5446,532,436
5447,667,537
5448,538,442
5449,225,174
5450,534,438
5451,669,539
5452,670,540
5453,669,539
5454,225,174
5455,669,539
5456,670,540
5457,534,438
5458,225,174
5459,561,462
5460,561,462
5461,564,465
5462,561,462
5463,564,465
5464,562,463
5465,564,465
5466,562,463
5467,562,463
5468,562,463
5469,562,463
5470,562,463
5471,562,463
5472,563,464
5473,563,464
5474,562,463
5475,562,463
5476,563,464
5477,564,465
5478,564,465
5479,562,463
5480,564,465
5481,562,463
5482,564,465
5483,564,465
5484,538,442
5485,538,442
5486,671,541
5487,170,129
5488,532,436
5489,672,542
5490,672,542
5491,563,464
5492,532,436
5493,671,541
5494,671,541
5495,534,438
5496,672,542
5497,575,473
5498,672,542
5499,170,129
5500,673,543
5501,674,544
5502,675,545
5503,673,543
5504,676,546
5505,676,546
5506,674,544
5507,675,545
5508,673,543
5509,675,545
5510,678,547
5511,533,437
5512,676,546
5513,678,547
5514,677,546;615
5515,676,546
5516,667,537
5517,667,537
5518,247,194
5519,248,195
5520,248,195
5521,249,196
5522,247,194
5523,247,194
5524,248,195
5525,249,196
5526,247,194
5527,248,195
5528,249,196
5529,247,194
5530,250,197
5531,252,198;199
5532,249,196
5533,254,201
5534,250,197
5535,250,197
5536,250,197
5537,328,256
5538,332,260
5539,280,222
5540,328,256
5541,332,260
5542,280,222
5543,328,256
5544,332,260
5545,280,222
5546,328,256
5547,329,257
5548,330,258
5549,329,257
5550,679,548
5551,681,549
5552,681,549
5553,679,548
5554,330,258
5555,681,549
5556,681,549
5557,681,549
5558,330,258
5559,679,548
5560,679,548
5561,330,258
5562,681,549
5563,330,258
5564,330,258
5565,679,548
5566,681,549
5567,681,549
5568,681,549
5569,320,248
5570,319,247
5571,320,248
5572,319,247
5573,681,549
5574,319,247
5575,324,252
5576,324,252
5577,324,252
5578,324,252
5579,309,241
5580,273,216
5581,311,242
5582,310,241;245
5583,275,218
5584,275,218
5585,275,218
5586,275,218
5587,271,214
5588,275,218
5589,312,243
5590,275,218
5591,275,218
5592,275,218
5593,669,539
5594,668,538
5595,667,537
5596,678,547
5597,668,538
5598,668,538
5599,678,547
5600,668,538
5601,669,539
5602,668,538
5603,668,538
5604,668,538
5605,667,537
5606,678,547
5607,669,539
5608,668,538
5609,668,538
5610,678,547
5611,667,537
5612,669,539
5613,668,538
5614,669,539
5615,669,539
5616,678,547
5617,668,538
5618,678,547
5619,668,538
5620,682,550
5621,683,551
5622,667,537
5623,683,551
5624,682,550
5625,682,550
5626,683,551
5627,171,130
5628,683,551
5629,682,550
5630,682,550
5631,171,130
5632,667,537
5633,683,551
5634,683,551
5635,172,131
5636,171,130
5637,172,131
5638,171,130
5639,324,252
5640,48,41
5641,319,247
5642,324,252
5643,320,248
5644,669,539
5645,668,538
5646,669,539
5647,667,537
5648,667,537
5649,678,547
5650,678,547
5651,678,547
5652,682,550
5653,683,551
5654,678,547
5655,683,551
5656,682,550
5657,319,247
5658,668,538
5659,669,539
5660,678,547
5661,324,252
5662,669,539
5663,48,41
5664,30,26
5665,30,26
5666,30,26
5667,30,26
5668,30,26
5669,30,26
5670,684,552
5671,684,552
5672,684,552
5673,684,552
5674,684,552
5675,684,552
5676,685,553
5677,685,553
5678,685,553
5679,685,553
5680,684,552
5681,685,553
5682,685,553
5683,685,553
5684,684,552
5685,686,554
5686,686,554
5687,686,554
5688,686,554
5689,686,554
5690,686,554
5691,687,555
5692,687,555
5693,687,555
5694,687,555
5695,687,555
5696,34,30
5697,34,30
5698,35,30;1043
5699,38,32
5700,34,30
5701,38,32
5702,38,32
5703,35,30;1043
5704,679,548
5705,679,548
5706,271,214
5707,320,248
5708,39,33
5709,688,556
5710,39,33
5711,39,33
5712,39,33
5713,39,33
5714,39,33
5715,39,33
5716,39,33
5717,39,33
5718,39,33
5719,39,33
5720,39,33
5721,39,33
5722,689,557
5723,689,557
5724,690,558
5725,17,13
5726,689,557
5727,689,557
5728,689,557
5729,689,557
5730,689,557
5731,689,557
5732,689,557
5733,689,557
5734,689,557
5735,689,557
5736,691,559
5737,691,559
5738,691,559
5739,691,559
5740,691,559
5741,692,560
5742,692,560
5743,691,559
5744,692,560
5745,692,560
5746,694,561
5747,695,562
5748,694,561
5749,692,560
5750,694,561
5751,693,560;561
5752,694,561
5753,695,562
5754,692,560
5755,692,560
5756,695,562
5757,692,560
5758,693,560;561
5759,694,561
5760,694,561
5761,693,560;561
5762,694,561
5763,695,562
5764,695,562
5765,694,561
5766,693,560;561
5767,693,560;561
5768,696,563
5769,696,563
5770,696,563
5771,696,563
5772,696,563
5773,696,563
5774,696,563
5775,698,564;671
5776,697,564
5777,692,560
5778,694,561
5779,692,560
5780,697,564
5781,692,560
5782,695,562
5783,692,560
5784,692,560
5785,697,564
5786,698,564;671
5787,697,564
5788,695,562
5789,699,565
5790,697,564
5791,697,564
5792,697,564
5793,699,565
5794,699,565
5795,697,564
5796,699,565
5797,699,565
5798,699,565
5799,699,565
5800,699,565
5801,699,565
5802,699,565
5803,699,565
5804,699,565
5805,699,565
5806,700,566
5807,700,566
5808,700,566
5809,700,566
5810,700,566
5811,699,565
5812,700,566
5813,700,566
5814,699,565
5815,699,565
5816,700,566
5817,701,567
5818,701,567
5819,701,567
5820,701,567
5821,701,567
5822,700,566
5823,701,567
5824,700,566
5825,701,567
5826,701,567
5827,701,567
5828,701,567
5829,701,567
5830,701,567
5831,701,567
5832,701,567
5833,701,567
5834,700,566
5835,701,567
5836,701,567
5837,701,567
5838,701,567
5839,700,566
5840,702,568
5841,700,566
5842,702,568
5843,702,568
5844,702,568
5845,702,568
5846,702,568
5847,700,566
5848,702,568
5849,702,568
5850,702,568
5851,702,568
5852,703,568;663
5853,700,566
5854,700,566
5855,704,569
5856,413,334
5857,413,334
5858,413,334
5859,704,569
5860,417,336
5861,706,570;1150
5862,705,570
5863,704,569
5864,704,569
5865,704,569
5866,706,570;1150
5867,705,570
5868,705,570
5869,417,336
5870,417,336
5871,707,571
5872,707,571
5873,707,571
5874,707,571
5875,707,571
5876,708,572
5877,708,572
5878,708,572
5879,708,572
5880,708,572
5881,708,572
5882,708,572
5883,708,572
5884,708,572
5885,709,573
5886,709,573
5887,710,574
5888,709,573
5889,710,574
5890,710,574
5891,710,574
5892,709,573
5893,18,14
5894,18,14
5895,18,14
5896,18,14
5897,712,575;576
5898,18,14
5899,18,14
5900,712,575;576
5901,18,14
5902,712,575;576
5903,712,575;576
5904,712,575;576
5905,712,575;576
5906,714,577
5907,714,577
5908,714,577
5909,714,577
5910,714,577
5911,714,577
5912,714,577
5913,714,577
5914,714,577
5915,178,136
5916,178,136
5917,715,578
5918,715,578
5919,715,578
5920,715,578
5921,715,578
5922,716,579
5923,716,579
5924,716,579
5925,716,579
5926,716,579
5927,716,579
5928,716,579
5929,716,579
5930,716,579
5931,716,579
5932,716,579
5933,717,580
5934,717,580
5935,717,580
5936,17,13
5937,17,13
5938,463,376
5939,463,376
5940,463,376
5941,463,376
5942,463,376
5943,463,376
5944,463,376
5945,463,376
5946,463,376
5947,718,581
5948,719,582
5949,719,582
5950,719,582
5951,719,582
5952,718,581
5953,463,376
5954,463,376
5955,463,376
5956,718,581
5957,718,581
5958,720,583
5959,720,583
5960,720,583
5961,720,583
5962,720,583
5963,718,581
5964,718,581
5965,718,581
5966,720,583
5967,721,584
5968,721,584
5969,721,584
5970,721,584
5971,721,584
5972,721,584
5973,721,584
5974,721,584
5975,722,585
5976,722,585
5977,491,399
5978,722,585
5979,722,585
5980,722,585
5981,722,585
5982,722,585
5983,722,585
5984,722,585
5985,722,585
5986,723,586
5987,723,586
5988,723,586
5989,723,586
5990,723,586
5991,723,586
5992,723,586
5993,723,586
5994,723,586
5995,723,586
5996,723,586
5997,723,586
5998,723,586
5999,723,586
6000,724,587
6001,725,588
6002,724,587
6003,725,588
6004,723,586
6005,724,587
6006,725,588
6007,725,588
6008,725,588
6009,724,587
6010,725,588
6011,723,586
6012,723,586
6013,724,587
6014,724,587
6015,724,587
6016,725,588
6017,724,587
6018,515,421
6019,514,420
6020,515,421
6021,515,421
6022,515,421
6023,514,420
6024,344,272
6025,514,420
6026,514,420
6027,514,420
6028,514,420
6029,513,419
6030,513,419
6031,513,419
6032,513,419
6033,513,419
6034,202,155
6035,344,272
6036,203,156
6037,344,272
6038,344,272
6039,344,272
6040,512,418
6041,512,418
6042,512,418
6043,512,418
6044,512,418
6045,512,418
6046,340,268
6047,340,268
6048,726,589
6049,726,589
6050,726,589
6051,726,589
6052,726,589
6053,726,589
6054,726,589
6055,727,590
6056,727,590
6057,727,590
6058,727,590
6059,727,590
6060,510,416
6061,727,590
6062,510,416
6063,727,590
6064,727,590
6065,727,590
6066,727,590
6067,727,590
6068,727,590
6069,727,590
6070,727,590
6071,727,590
6072,728,591
6073,727,590
6074,728,591
6075,728,591
6076,728,591
6077,727,590
6078,729,592
6079,728,591
6080,728,591
6081,728,591
6082,729,592
6083,729,592
6084,729,592
6085,728,591
6086,729,592
6087,728,591
6088,728,591
6089,729,592
6090,729,592
6091,729,592
6092,729,592
6093,727,590
6094,729,592
6095,727,590
6096,730,593
6097,731,594
6098,730,593
6099,731,594
6100,731,594
6101,731,594
6102,731,594
6103,730,593
6104,730,593
6105,732,595
6106,732,595
6107,730,593
6108,733,596
6109,733,596
6110,349,277
6111,352,280
6112,352,280
6113,350,278
6114,352,280
6115,352,280
6116,352,280
6117,733,596
6118,733,596
6119,733,596
6120,733,596
6121,733,596
6122,733,596
6123,733,596
6124,733,596
6125,733,596
6126,733,596
6127,733,596
6128,733,596
6129,734,597
6130,734,597
6131,734,597
6132,734,597
6133,734,597
6134,734,597
6135,734,597
6136,734,597
6137,734,597
6138,734,597
6139,734,597
6140,734,597
6141,734,597
6142,734,597
6143,734,597
6144,734,597
6145,455,371
6146,455,371
6147,455,371
6148,455,371
6149,679,548
6150,679,548
6151,679,548
6152,735,598
6153,735,598
6154,735,598
6155,737,598;733
6156,735,598
6157,735,598
6158,735,598
6159,736,598;732
6160,735,598
6161,737,598;733
6162,735,598
6163,735,598
6164,499,405
6165,499,405
6166,499,405
6167,499,405
6168,501,407
6169,500,406
6170,500,406
6171,500,406
6172,500,406
6173,503,409
6174,503,409
6175,503,409
6176,502,408
6177,503,409
6178,503,409
6179,502,408
6180,502,408
6181,502,408
6182,738,599
6183,503,409
6184,503,409
6185,502,408
6186,502,408
6187,503,409
6188,503,409
6189,738,599
6190,738,599
6191,738,599
6192,738,599
6193,738,599
6194,492,400
6195,493,400;602
6196,492,400
6197,494,401
6198,492,400
6199,494,401
6200,495,401;602
6201,465,377;602
6202,496,402
6203,496,402
6204,496,402
6205,496,402
6206,496,402
6207,491,399
6208,491,399
6209,154,114
6210,488,396
6211,154,114
6212,488,396
6213,488,396
6214,488,396
6215,154,114
6216,488,396
6217,488,396
6218,488,396
6219,154,114
6220,488,396
6221,488,396
6222,488,396
6223,154,114
6224,154,114
6225,154,114
6226,154,114
6227,154,114
6228,494,401
6229,494,401
6230,739,600
6231,453,369
6232,453,369
6233,453,369
6234,453,369
6235,453,369
6236,739,600
6237,453,369
6238,739,600
6239,739,600
6240,739,600
6241,494,401
6242,453,369
6243,739,600
6244,739,600
6245,205,158
6246,206,158;161
6247,205,158
6248,213,163
6249,208,159;161
6250,464,377
6251,497,403
6252,223,172
6253,223,172
6254,719,582
6255,719,582
6256,719,582
6257,719,582
6258,740,601
6259,740,601
6260,718,581
6261,718,581
6262,740,601
6263,718,581
6264,718,581
6265,740,601
6266,740,601
6267,718,581
6268,491,399
6269,497,403
6270,491,399
6271,491,399
6272,491,399
6273,19,15
6274,731,594
6275,21,17
6276,226,175
6277,21,17
6278,226,175
6279,731,594
6280,731,594
6281,224,173
6282,493,400;602
6283,490,398
6284,490,398
6285,490,398
6286,490,398
6287,741,603
6288,26,22
6289,26,22
6290,497,403
6291,19,15
6292,20,16
6293,340,268
6294,340,268
6295,340,268
6296,505,411
6297,505,411
6298,505,411
6299,505,411
6300,505,411
6301,505,411
6302,340,268
6303,340,268
6304,340,268
6305,505,411
6306,505,411
6307,505,411
6308,340,268
6309,340,268
6310,207,159
6311,340,268
6312,742,604
6313,742,604
6314,742,604
6315,742,604
6316,742,604
6317,742,604
6318,742,604
6319,742,604
6320,742,604
6321,742,604
6322,742,604
6323,742,604
6324,742,604
6325,742,604
6326,742,604
6327,718,581
6328,718,581
6329,720,583
6330,721,584
6331,720,583
6332,721,584
6333,720,583
6334,721,584
6335,511,417
6336,511,417
6337,511,417
6338,511,417
6339,511,417
6340,511,417
6341,511,417
6342,511,417
6343,505,411
6344,341,269
6345,341,269
6346,505,411
6347,505,411
6348,341,269
6349,505,411
6350,341,269
6351,505,411
6352,721,584
6353,721,584
6354,743,605
6355,743,605
6356,743,605
6357,743,605
6358,743,605
6359,743,605
6360,743,605
6361,743,605
6362,743,605
6363,743,605
6364,743,605
6365,505,411
6366,506,412
6367,498,404
6368,498,404
6369,499,405
6370,499,405
6371,499,405
6372,744,606
6373,744,606
6374,744,606
6375,744,606
6376,349,277
6377,349,277
6378,349,277
6379,349,277
6380,455,371
6381,745,607
6382,745,607
6383,745,607
6384,745,607
6385,455,371
6386,745,607
6387,746,608
6388,746,608
6389,443,359
6390,746,608
6391,746,608
6392,746,608
6393,746,608
6394,747,609
6395,747,609
6396,748,610
6397,748,610
6398,748,610
6399,748,610
6400,748,610
6401,749,611
6402,749,611
6403,749,611
6404,749,611
6405,749,611
6406,749,611
6407,749,611
6408,749,611
6409,749,611
6410,749,611
6411,748,610
6412,749,611
6413,749,611
6414,748,610
6415,748,610
6416,748,610
6417,748,610
6418,748,610
6419,748,610
6420,750,612
6421,746,608
6422,746,608
6423,746,608
6424,746,608
6425,746,608
6426,746,608
6427,746,608
6428,748,610
6429,748,610
6430,748,610
6431,748,610
6432,749,611
6433,749,611
6434,749,611
6435,749,611
6436,152,112
6437,152,112
6438,751,613
6439,751,613
6440,751,613
6441,751,613
6442,751,613
6443,751,613
6444,722,585
6445,722,585
6446,752,614
6447,752,614
6448,257,203
6449,257,203
6450,534,438
6451,475,386;980
6452,530,434
6453,331,259
6454,475,386;980
6455,530,434
6456,474,386
6457,530,434
6458,474,386
6459,530,434
6460,474,386
6461,474,386
6462,534,438
6463,474,386
6464,474,386
6465,474,386
6466,474,386
6467,474,386
6468,461,375;386
6469,673,543
6470,674,544
6471,673,543
6472,674,544
6473,673,543
6474,674,544
6475,674,544
6476,673,543
6477,674,544
6478,676,546
6479,676,546
6480,676,546
6481,676,546
6482,676,546
6483,676,546
6484,676,546
6485,753,615
6486,676,546
6487,676,546
6488,675,545
6489,675,545
6490,675,545
6491,753,615
6492,675,545
6493,675,545
6494,753,615
6495,753,615
6496,754,616
6497,674,544
6498,754,616
6499,674,544
6500,754,616
6501,754,616
6502,754,616
6503,486,394
6504,486,394
6505,486,394
6506,486,394
6507,486,394
6508,81,65
6509,78,63
6510,81,65
6511,81,65
6512,81,65
6513,82,65;384
6514,81,65
6515,78,63
6516,81,65
6517,252,198;199
6518,68,59
6519,78,63
6520,66,58
6521,82,65;384
6522,128,97
6523,512,418
6524,516,421;617
6525,515,421
6526,514,420
6527,755,617
6528,756,618
6529,517,422
6530,756,618
6531,517,422
6532,517,422
6533,756,618
6534,757,619
6535,755,617
6536,757,619
6537,755,617
6538,757,619
6539,755,617
6540,757,619
6541,203,156
6542,203,156
6543,758,620
6544,758,620
6545,202,155
6546,759,621
6547,202,155
6548,201,154
6549,759,621
6550,759,621
6551,201,154
6552,759,621
6553,758,620
6554,759,621
6555,201,154
6556,760,622
6557,760,622
6558,759,621
6559,760,622
6560,760,622
6561,761,623
6562,761,623
6563,761,623
6564,761,623
6565,204,157
6566,761,623
6567,204,157
6568,204,157
6569,761,623
6570,204,157
6571,498,404
6572,253,200
6573,427,345
6574,253,200
6575,427,345
6576,762,624
6577,427,345
6578,253,200
6579,762,624
6580,762,624
6581,762,624
6582,763,625
6583,763,625
6584,764,626
6585,765,627
6586,763,625
6587,766,628
6588,765,627
6589,764,626
6590,765,627
6591,763,625
6592,766,628
6593,766,628
6594,764,626
6595,767,629
6596,766,628
6597,766,628
6598,767,629
6599,767,629
6600,765,627
6601,768,630
6602,768,630
6603,768,630
6604,768,630
6605,768,630
6606,768,630
6607,509,415
6608,509,415
6609,509,415
6610,667,537
6611,669,539
6612,506,412
6613,506,412
6614,506,412
6615,506,412
6616,347,275
6617,347,275
6618,347,275
6619,347,275
6620,78,63
6621,504,410
6622,504,410
6623,504,410
6624,769,631
6625,686,554
6626,770,632
6627,770,632
6628,770,632
6629,770,632
6630,770,632
6631,770,632
6632,770,632
6633,770,632
6634,770,632
6635,770,632
6636,770,632
6637,771,633
6638,771,633
6639,771,633
6640,771,633
6641,771,633
6642,771,633
6643,771,633
6644,771,633
6645,771,633
6646,771,633
6647,771,633
6648,771,633
6649,771,633
6650,771,633
6651,771,633
6652,771,633
6653,771,633
6654,771,633
6655,16,12
6656,428,346
6657,26,22
6658,26,22
6659,23,19
6660,24,20
6661,157,117
6662,758,620
6663,509,415
6664,209,160
6665,758,620
6666,157,117
6667,157,117
6668,157,117
6669,157,117
6670,157,117
6671,157,117
6672,157,117
6673,157,117
6674,157,117
6675,157,117
6676,157,117
6677,157,117
6678,157,117
6679,157,117
6680,157,117
6681,157,117
6682,26,22
6683,23,19
6684,630,503
6685,307,239;245
6686,674,544
6687,273,216
6688,257,203
6689,257,203
6690,257,203
6691,261,205
6692,302,235
6693,261,205
6694,261,205
6695,261,205
6696,261,205
6697,261,205
6698,772,634
6699,302,235
6700,302,235
6701,673,543
6702,674,544
6703,673,543
6704,673,543
6705,674,544
6706,262,206
6707,262,206
6708,280,222
6709,667,537
6710,300,234
6711,683,551
6712,683,551
6713,181,139
6714,170,129
6715,683,551
6716,683,551
6717,637,510
6718,180,138
6719,637,510
6720,637,510
6721,637,510
6722,652,522
6723,637,510
6724,637,510
6725,180,138
6726,180,138
6727,637,510
6728,633,506
6729,683,551
6730,673,543
6731,667,537
6732,320,248
6733,321,249
6734,323,251
6735,633,506
6736,633,506
6737,633,506
6738,633,506
6739,633,506
6740,633,506
6741,634,507
6742,634,507
6743,261,205
6744,170,129
6745,271,214
6746,634,507
6747,422,340
6748,773,635
6749,170,129
6750,683,551
6751,104,80;973
6752,103,80;972
6753,678,547
6754,683,551
6755,204,157
6756,204,157
6757,667,537
6758,761,623
6759,761,623
6760,722,585
6761,683,551
6762,471,383
6763,207,159
6764,774,636
6765,774,636
6766,774,636
6767,774,636
6768,258,203;235
6769,774,636
6770,263,207
6771,263,207
6772,262,206
6773,775,637
6774,775,637
6775,775,637
6776,775,637
6777,775,637
6778,776,638
6779,582,480
6780,104,80;973
6781,97,76;80
6782,104,80;973
6783,97,76;80
6784,103,80;972
6785,65,57
6786,65,57
6787,84,67
6788,84,67
6789,84,67
6790,84,67
6791,84,67
6792,85,67;387
6793,126,95
6794,132,101
6795,132,101
6796,132,101
6797,132,101
6798,132,101
6799,132,101
6800,21,17
6801,223,172
6802,223,172
6803,240,187
6804,469,381
6805,469,381
6806,240,187
6807,240,187
6808,469,381
6809,469,381
6810,777,639
6811,777,639
6812,777,639
6813,777,639
6814,777,639
6815,778,640
6816,778,640
6817,779,641
6818,779,641
6819,778,640
6820,778,640
6821,779,641
6822,779,641
6823,779,641
6824,778,640
6825,779,641
6826,779,641
6827,133,102
6828,141,107
6829,143,108
6830,135,103
6831,135,103
6832,143,108
6833,143,108
6834,145,109
6835,145,109
6836,150,111
6837,146,110
6838,150,111
6839,146,110
6840,150,111
6841,150,111
6842,150,111
6843,151,111;1277
6844,243,190
6845,243,190
6846,243,190
6847,243,190
6848,243,190
6849,9,6
6850,243,190
6851,243,190
6852,518,423
6853,473,385
6854,9,6
6855,9,6
6856,780,642
6857,780,642
6858,780,642
6859,780,642
6860,780,642
6861,780,642
6862,481,390
6863,481,390
6864,480,389
6865,480,389
6866,480,389
6867,480,389
6868,481,390
6869,481,390
6870,481,390
6871,480,389
6872,722,585
6873,781,643
6874,722,585
6875,781,643
6876,781,643
6877,781,643
6878,781,643
6879,781,643
6880,722,585
6881,781,643
6882,782,644
6883,783,645
6884,783,645
6885,783,645
6886,783,645
6887,782,644
6888,783,645
6889,783,645
6890,782,644
6891,782,644
6892,782,644
6893,784,646
6894,784,646
6895,784,646
6896,782,644
6897,784,646
6898,784,646
6899,784,646
6900,784,646
6901,668,538
6902,669,539
6903,785,647
6904,785,647
6905,786,648
6906,785,647
6907,786,648
6908,786,648
6909,785,647
6910,667,537
6911,785,647
6912,785,647
6913,785,647
6914,785,647
6915,785,647
6916,787,649
6917,787,649
6918,177,135
6919,650,520
6920,178,136
6921,650,520
6922,650,520
6923,180,138
6924,650,520
6925,181,139
6926,650,520
6927,650,520
6928,181,139
6929,181,139
6930,650,520
6931,181,139
6932,650,520
6933,180,138
6934,180,138
6935,180,138
6936,180,138
6937,21,17
6938,23,19
6939,23,19
6940,23,19
6941,23,19
6942,21,17
6943,788,650
6944,788,650
6945,788,650
6946,788,650
6947,788,650
6948,788,650
6949,788,650
6950,261,205
6951,681,549
6952,679,548
6953,679,548
6954,679,548
6955,679,548
6956,681,549
6957,492,400
6958,226,175
6959,226,175
6960,226,175
6961,509,415
6962,509,415
6963,509,415
6964,509,415
6965,509,415
6966,509,415
6967,463,376
6968,740,601
6969,740,601
6970,740,601
6971,740,601
6972,343,271
6973,351,279
6974,343,271
6975,351,279
6976,351,279
6977,346,274
6978,346,274
6979,789,651
6980,346,274
6981,790,651;733
6982,790,651;733
6983,792,652
6984,789,651
6985,792,652
6986,789,651
6987,792,652
6988,789,651
6989,794,652;734
6990,792,652
6991,789,651
6992,789,651
6993,789,651
6994,791,651;734
6995,789,651
6996,795,653
6997,795,653
6998,795,653
6999,795,653
7000,795,653
7001,745,607
7002,795,653
7003,795,653
7004,745,607
7005,795,653
7006,795,653
7007,795,653
7008,795,653
7009,795,653
7010,745,607
7011,795,653
7012,795,653
7013,795,653
7014,795,653
7015,745,607
7016,789,651
7017,789,651
7018,789,651
7019,789,651
7020,485,393
7021,485,393
7022,508,414
7023,795,653
7024,508,414
7025,796,654
7026,796,654
7027,796,654
7028,796,654
7029,796,654
7030,796,654
7031,797,655
7032,797,655
7033,797,655
7034,797,655
7035,204,157
7036,204,157
7037,681,549
7038,681,549
7039,681,549
7040,681,549
7041,681,549
7042,768,630
7043,768,630
7044,735,598
7045,798,656
7046,799,657
7047,798,656
7048,799,657
7049,798,656
7050,735,598
7051,798,656
7052,798,656
7053,799,657
7054,798,656
7055,801,658
7056,801,658
7057,803,659
7058,803,659
7059,801,658
7060,801,658
7061,801,658
7062,799,657
7063,803,659
7064,799,657
7065,801,658
7066,804,659;732
7067,192,147
7068,806,660
7069,806,660
7070,806,660
7071,806,660
7072,806,660
7073,806,660
7074,806,660
7075,806,660
7076,806,660
7077,806,660
7078,806,660
7079,806,660
7080,806,660
7081,806,660
7082,806,660
7083,806,660
7084,806,660
7085,806,660
7086,378,304
7087,378,304
7088,378,304
7089,378,304
7090,378,304
7091,387,311;314
7092,387,311;314
7093,386,311
7094,385,310
7095,385,310
7096,385,310
7097,385,310
7098,385,310
7099,389,313
7100,388,312
7101,388,312
7102,388,312
7103,392,316
7104,392,316
7105,392,316
7106,392,316
7107,398,321
7108,392,316
7109,398,321
7110,398,321
7111,398,321
7112,396,319
7113,396,319
7114,396,319
7115,396,319
7116,396,319
7117,396,319
7118,396,319
7119,396,319
7120,396,319
7121,393,317
7122,397,320
7123,395,318
7124,395,318
7125,397,320
7126,402,324
7127,397,320
7128,395,318
7129,411,332
7130,411,332
7131,411,332
7132,411,332
7133,411,332
7134,400,323
7135,400,323
7136,400,323
7137,400,323
7138,400,323
7139,402,324
7140,402,324
7141,407,328
7142,402,324
7143,407,328
7144,402,324
7145,402,324
7146,402,324
7147,402,324
7148,402,324
7149,402,324
7150,407,328
7151,402,324
7152,402,324
7153,402,324
7154,407,328
7155,402,324
7156,402,324
7157,408,329
7158,407,328
7159,404,326
7160,408,329
7161,404,326
7162,404,326
7163,404,326
7164,404,326
7165,407,328
7166,407,328
7167,408,329
7168,408,329
7169,404,326
7170,404,326
7171,404,326
7172,407,328
7173,404,326
7174,404,326
7175,406,327
7176,409,330
7177,406,327
7178,409,330
7179,807,661
7180,807,661
7181,807,661
7182,807,661
7183,807,661
7184,807,661
7185,808,662
7186,808,662
7187,809,663
7188,808,662
7189,808,662
7190,809,663
7191,808,662
7192,808,662
7193,808,662
7194,808,662
7195,808,662
7196,808,662
7197,809,663
7198,809,663
7199,808,662
7200,808,662
7201,808,662
7202,809,663
7203,808,662
7204,808,662
7205,809,663
7206,808,662
7207,808,662
7208,808,662
7209,809,663
7210,809,663
7211,808,662
7212,809,663
7213,809,663
7214,396,319
7215,396,319
7216,410,331
7217,410,331
7218,410,331
7219,410,331
7220,410,331
7221,410,331
7222,410,331
7223,410,331
7224,410,331
7225,410,331
7226,811,664
7227,811,664
7228,811,664
7229,811,664
7230,811,664
7231,811,664
7232,811,664
7233,811,664
7234,809,663
7235,809,663
7236,810,663;669
7237,809,663
7238,813,665
7239,814,666
7240,814,666
7241,809,663
7242,814,666
7243,814,666
7244,814,666
7245,814,666
7246,809,663
7247,813,665
7248,814,666
7249,814,666
7250,814,666
7251,813,665
7252,815,667
7253,815,667
7254,815,667
7255,816,668
7256,813,665
7257,815,667
7258,815,667
7259,815,667
7260,815,667
7261,815,667
7262,813,665
7263,815,667
7264,815,667
7265,815,667
7266,813,665
7267,815,667
7268,816,668
7269,815,667
7270,817,669
7271,817,669
7272,818,670
7273,815,667
7274,817,669
7275,815,667
7276,818,670
7277,817,669
7278,818,670
7279,818,670
7280,818,670
7281,818,670
7282,817,669
7283,815,667
7284,815,667
7285,818,670
7286,817,669
7287,817,669
7288,817,669
7289,817,669
7290,696,563
7291,695,562
7292,696,563
7293,696,563
7294,696,563
7295,695,562
7296,696,563
7297,696,563
7298,696,563
7299,695,562
7300,696,563
7301,696,563
7302,696,563
7303,696,563
7304,696,563
7305,695,562
7306,695,562
7307,695,562
7308,695,562
7309,692,560
7310,695,562
7311,694,561
7312,692,560
7313,695,562
7314,691,559
7315,691,559
7316,693,560;561
7317,691,559
7318,691,559
7319,691,559
7320,691,559
7321,691,559
7322,691,559
7323,691,559
7324,398,321
7325,398,321
7326,371,297
7327,371,297
7328,371,297
7329,371,297
7330,697,564
7331,698,564;671
7332,819,671
7333,819,671
7334,819,671
7335,819,671
7336,697,564
7337,697,564
7338,819,671
7339,819,671
7340,698,564;671
7341,385,310
7342,697,564
7343,819,671
7344,819,671
7345,819,671
7346,817,669
7347,820,672
7348,819,671
7349,816,668
7350,819,671
7351,817,669
7352,816,668
7353,819,671
7354,820,672
7355,820,672
7356,816,668
7357,817,669
7358,820,672
7359,817,669
7360,820,672
7361,817,669
7362,817,669
7363,819,671
7364,820,672
7365,817,669
7366,820,672
7367,820,672
7368,820,672
7369,820,672
7370,385,310
7371,385,310
7372,385,310
7373,385,310
7374,398,321
7375,398,321
7376,398,321
7377,398,321
7378,392,316
7379,398,321
7380,398,321
7381,699,565
7382,699,565
7383,396,319
7384,385,310
7385,155,115
7386,155,115
7387,821,673
7388,822,673;928
7389,823,674
7390,823,674
7391,823,674
7392,821,673
7393,823,674
7394,823,674
7395,823,674
7396,770,632
7397,821,673
7398,824,675
7399,824,675
7400,821,673
7401,824,675
7402,770,632
7403,824,675
7404,824,675
7405,770,632
7406,826,676;1181
7407,825,676
7408,825,676
7409,827,677
7410,827,677
7411,608,495
7412,608,495
7413,828,678
7414,828,678
7415,827,677
7416,827,677
7417,829,679
7418,829,679
7419,829,679
7420,828,678
7421,827,677
7422,827,677
7423,828,678
7424,827,677
7425,829,679
7426,829,679
7427,828,678
7428,828,678
7429,828,678
7430,831,680;1056
7431,828,678
7432,830,680
7433,830,680
7434,830,680
7435,831,680;1056
7436,828,678
7437,828,678
7438,831,680;1056
7439,770,632
7440,770,632
7441,608,495
7442,608,495
7443,821,673
7444,586,484
7445,608,495
7446,587,484;929
7447,588,484;1083
7448,822,673;928
7449,832,681
7450,832,681
7451,832,681
7452,605,492
7453,832,681
7454,832,681
7455,605,492
7456,833,682
7457,833,682
7458,833,682
7459,833,682
7460,833,682
7461,833,682
7462,833,682
7463,834,683
7464,834,683
7465,471,383
7466,471,383
7467,11,8
7468,12,9
7469,12,9
7470,11,8
7471,12,9
7472,11,8
7473,11,8
7474,12,9
7475,11,8
7476,835,684
7477,835,684
7478,836,685
7479,837,686
7480,836,685
7481,836,685
7482,838,687
7483,839,688
7484,836,685
7485,837,686
7486,836,685
7487,838,687
7488,838,687
7489,835,684
7490,839,688
7491,837,686
7492,836,685
7493,838,687
7494,835,684
7495,835,684
7496,838,687
7497,837,686
7498,837,686
7499,835,684
7500,839,688
7501,839,688
7502,839,688
7503,840,689
7504,839,688
7505,841,690
7506,625,501;503
7507,841,690
7508,629,502
7509,841,690
7510,841,690
7511,624,500;691
7512,841,690
7513,844,692
7514,845,693
7515,597,490;693
7516,845,693
7517,844,692
7518,844,692
7519,844,692
7520,844,692
7521,845,693
7522,845,693
7523,843,691
7524,628,501;691
7525,632,505
7526,632,505
7527,843,691
7528,141,107
7529,141,107
7530,142,107;1079
7531,135,103
7532,135,103
7533,135,103
7534,143,108
7535,143,108
7536,143,108
7537,143,108
7538,621,500
7539,133,102
7540,620,499;501
7541,618,498
7542,618,498
7543,621,500
7544,619,499
7545,609,496
7546,621,500
7547,619,499
7548,627,501;505
7549,371,297
7550,695,562
7551,763,625
7552,764,626
7553,764,626
7554,764,626
7555,763,625
7556,763,625
7557,763,625
7558,764,626
7559,763,625
7560,764,626
7561,764,626
7562,766,628
7563,766,628
7564,766,628
7565,765,627
7566,767,629
7567,846,694
7568,767,629
7569,847,695
7570,847,695
7571,767,629
7572,846,694
7573,767,629
7574,846,694
7575,846,694
7576,847,695
7577,765,627
7578,846,694
7579,847,695
7580,765,627
7581,847,695
7582,760,622
7583,760,622
7584,760,622
7585,102,79;358
7586,429,347
7587,442,358
7588,442,358
7589,442,358
7590,429,347
7591,436,352
7592,436,352
7593,648,518
7594,648,518
7595,648,518
7596,848,696
7597,848,696
7598,849,697
7599,848,696
7600,848,696
7601,849,697
7602,848,696
7603,849,697
7604,849,697
7605,849,697
7606,849,697
7607,849,697
7608,849,697
7609,21,17
7610,26,22
7611,850,698
7612,850,698
7613,850,698
7614,850,698
7615,850,698
7616,851,699
7617,851,699
7618,851,699
7619,850,698
7620,853,700;980
7621,527,430
7622,852,700
7623,527,430
7624,852,700
7625,854,701
7626,854,701
7627,854,701
7628,855,702
7629,855,702
7630,855,702
7631,855,702
7632,855,702
7633,855,702
7634,856,703
7635,856,703
7636,856,703
7637,856,703
7638,857,704
7639,856,703
7640,857,704
7641,857,704
7642,857,704
7643,857,704
7644,857,704
7645,857,704
7646,439,355
7647,439,355
7648,645,516;967
7649,642,515
7650,646,516;969
7651,645,516;967
7652,642,515
7653,858,705
7654,858,705
7655,859,706
7656,861,707
7657,859,706
7658,858,705
7659,859,706
7660,861,707
7661,863,707;985
7662,865,708;985
7663,864,708
7664,866,709
7665,865,708;985
7666,864,708
7667,866,709
7668,860,706;709
7669,866,709
7670,866,709
7671,866,709
7672,866,709
7673,866,709
7674,866,709
7675,866,709
7676,867,709;983
7677,866,709
7678,857,704
7679,868,710
7680,857,704
7681,868,710
7682,868,710
7683,857,704
7684,869,711
7685,869,711
7686,869,711
7687,869,711
7688,869,711
7689,869,711
7690,870,712
7691,870,712
7692,870,712
7693,747,609
7694,747,609
7695,747,609
7696,747,609
7697,747,609
7698,871,713
7699,871,713
7700,871,713
7701,871,713
7702,872,713;714
7703,873,714
7704,873,714
7705,873,714
7706,873,714
7707,874,715
7708,875,715;1308
7709,874,715
7710,875,715;1308
7711,874,715
7712,874,715
7713,874,715
7714,875,715;1308
7715,876,716
7716,874,715
7717,874,715
7718,874,715
7719,874,715
7720,875,715;1308
7721,874,715
7722,874,715
7723,874,715
7724,874,715
7725,874,715
7726,873,714
7727,871,713
7728,871,713
7729,871,713
7730,871,713
7731,873,714
7732,871,713
7733,871,713
7734,873,714
7735,873,714
7736,873,714
7737,873,714
7738,873,714
7739,876,716
7740,807,661
7741,877,717
7742,877,717
7743,877,717
7744,877,717
7745,877,717
7746,877,717
7747,877,717
7748,877,717
7749,877,717
7750,697,564
7751,878,718
7752,491,399
7753,492,400
7754,739,600
7755,739,600
7756,739,600
7757,739,600
7758,453,369
7759,348,276
7760,348,276
7761,348,276
7762,743,605
7763,348,276
7764,719,582
7765,214,164
7766,214,164
7767,214,164
7768,485,393
7769,796,654
7770,796,654
7771,796,654
7772,796,654
7773,796,654
7774,796,654
7775,796,654
7776,796,654
7777,508,414
7778,796,654
7779,879,719
7780,796,654
7781,879,719
7782,879,719
7783,879,719
7784,796,654
7785,880,720
7786,796,654
7787,880,720
7788,879,719
7789,880,720
7790,880,720
7791,881,721
7792,881,721
7793,880,720
7794,880,720
7795,880,720
7796,880,720
7797,881,721
7798,881,721
7799,881,721
7800,882,722
7801,882,722
7802,881,721
7803,881,721
7804,882,722
7805,882,722
7806,882,722
7807,882,722
7808,882,722
7809,882,722
7810,882,722
7811,882,722
7812,882,722
7813,882,722
7814,882,722
7815,882,722
7816,882,722
7817,501,407
7818,500,406
7819,501,407
7820,501,407
7821,501,407
7822,351,279
7823,350,278
7824,343,271
7825,726,589
7826,726,589
7827,726,589
7828,346,274
7829,346,274
7830,792,652
7831,792,652
7832,789,651
7833,793,652;732
7834,793,652;732
7835,792,652
7836,792,652
7837,792,652
7838,792,652
7839,504,410
7840,761,623
7841,761,623
7842,504,410
7843,504,410
7844,504,410
7845,204,157
7846,204,157
7847,204,157
7848,204,157
7849,204,157
7850,204,157
7851,204,157
7852,204,157
7853,204,157
7854,204,157
7855,204,157
7856,792,652
7857,883,723
7858,884,724
7859,883,723
7860,883,723
7861,792,652
7862,884,724
7863,883,723
7864,884,724
7865,884,724
7866,883,723
7867,885,725
7868,885,725
7869,885,725
7870,884,724
7871,885,725
7872,885,725
7873,884,724
7874,885,725
7875,885,725
7876,885,725
7877,506,412
7878,347,275
7879,347,275
7880,347,275
7881,347,275
7882,506,412
7883,793,652;732
7884,742,604
7885,886,726
7886,887,727
7887,886,726
7888,887,727
7889,886,726
7890,887,727
7891,886,726
7892,886,726
7893,886,726
7894,459,374
7895,887,727
7896,887,727
7897,886,726
7898,459,374
7899,887,727
7900,886,726
7901,458,373
7902,886,726
7903,886,726
7904,888,728
7905,888,728
7906,888,728
7907,888,728
7908,888,728
7909,720,583
7910,720,583
7911,721,584
7912,723,586
7913,722,585
7914,723,586
7915,725,588
7916,724,587
7917,353,281
7918,353,281
7919,353,281
7920,724,587
7921,353,281
7922,353,281
7923,353,281
7924,353,281
7925,353,281
7926,353,281
7927,353,281
7928,353,281
7929,756,618
7930,756,618
7931,756,618
7932,756,618
7933,755,617
7934,757,619
7935,757,619
7936,757,619
7937,757,619
7938,755,617
7939,755,617
7940,755,617
7941,755,617
7942,757,619
7943,757,619
7944,757,619
7945,757,619
7946,757,619
7947,757,619
7948,757,619
7949,757,619
7950,757,619
7951,757,619
7952,887,727
7953,886,726
7954,887,727
7955,886,726
7956,888,728
7957,888,728
7958,888,728
7959,888,728
7960,888,728
7961,755,617
7962,517,422
7963,353,281
7964,888,728
7965,888,728
7966,724,587
7967,725,588
7968,202,155
7969,202,155
7970,203,156
7971,202,155
7972,759,621
7973,760,622
7974,758,620
7975,203,156
7976,201,154
7977,201,154
7978,759,621
7979,758,620
7980,201,154
7981,203,156
7982,510,416
7983,510,416
7984,509,415
7985,510,416
7986,889,729
7987,729,592
7988,889,729
7989,889,729
7990,889,729
7991,889,729
7992,729,592
7993,729,592
7994,728,591
7995,728,591
7996,759,621
7997,760,622
7998,758,620
7999,201,154
8000,510,416
8001,510,416
8002,889,729
8003,889,729
8004,198,151
8005,198,151
8006,218,167
8007,218,167
8008,198,151
8009,890,730
8010,219,168
8011,219,168
8012,221,170
8013,890,730
8014,219,168
8015,890,730
8016,221,170
8017,890,730
8018,221,170
8019,221,170
8020,890,730
8021,890,730
8022,891,731
8023,891,731
8024,890,730
8025,891,731
8026,891,731
8027,890,730
8028,891,731
8029,219,168
8030,219,168
8031,221,170
8032,891,731
8033,891,731
8034,890,730
8035,890,730
8036,890,730
8037,890,730
8038,891,731
8039,891,731
8040,679,548
8041,768,630
8042,768,630
8043,768,630
8044,768,630
8045,768,630
8046,735,598
8047,681,549
8048,798,656
8049,798,656
8050,768,630
8051,804,659;732
8052,804,659;732
8053,799,657
8054,799,657
8055,804,659;732
8056,801,658
8057,798,656
8058,801,658
8059,805,659;734
8060,802,658;733
8061,802,658;733
8062,799,657
8063,799,657
8064,679,548
8065,798,656
8066,735,598
8067,803,659
8068,768,630
8069,799,657
8070,799,657
8071,801,658
8072,680,548;733
8073,680,548;733
8074,893,734
8075,893,734
8076,893,734
8077,894,734;1201
8078,892,732
8079,893,734
8080,805,659;734
8081,895,735
8082,896,736
8083,897,737
8084,898,738
8085,899,739
8086,899,739
8087,898,738
8088,895,735
8089,895,735
8090,898,738
8091,898,738
8092,896,736
8093,898,738
8094,898,738
8095,898,738
8096,897,737
8097,897,737
8098,895,735
8099,896,736
8100,896,736
8101,897,737
8102,898,738
8103,899,739
8104,897,737
8105,895,735
8106,897,737
8107,898,738
8108,896,736
8109,899,739
8110,898,738
8111,898,738
8112,899,739
8113,897,737
8114,766,628
8115,847,695
8116,763,625
8117,763,625
8118,764,626
8119,846,694
8120,767,629
8121,764,626
8122,765,627
8123,900,740
8124,900,740
8125,901,741
8126,901,741
8127,902,742
8128,900,740
8129,901,741
8130,902,742
8131,902,742
8132,901,741
8133,901,741
8134,902,742
8135,903,743
8136,902,742
8137,900,740
8138,902,742
8139,901,741
8140,900,740
8141,902,742
8142,847,695
8143,903,743
8144,903,743
8145,903,743
8146,651,521
8147,653,523
8148,651,521
8149,179,137
8150,651,521
8151,651,521
8152,653,523
8153,652,522
8154,652,522
8155,652,522
8156,177,135
8157,652,522
8158,106,82
8159,106,82
8160,125,94
8161,125,94
8162,125,94
8163,125,94
8164,125,94
8165,125,94
8166,125,94
8167,137,104;432
8168,137,104;432
8169,137,104;432
8170,137,104;432
8171,136,104
8172,139,106
8173,140,106;432
8174,140,106;432
8175,139,106
8176,140,106;432
8177,139,106
8178,139,106
8179,139,106
8180,904,744
8181,904,744
8182,904,744
8183,904,744
8184,904,744
8185,904,744
8186,905,745
8187,906,746
8188,905,745
8189,906,746
8190,905,745
8191,905,745
8192,906,746
8193,906,746
8194,906,746
8195,905,745
8196,905,745
8197,907,747
8198,907,747
8199,908,748
8200,907,747
8201,689,557
8202,689,557
8203,908,748
8204,689,557
8205,907,747
8206,907,747
8207,908,748
8208,908,748
8209,908,748
8210,39,33
8211,39,33
8212,909,749
8213,909,749
8214,909,749
8215,909,749
8216,909,749
8217,909,749
8218,909,749
8219,909,749
8220,909,749
8221,909,749
8222,909,749
8223,910,750
8224,910,750
8225,909,749
8226,910,750
8227,910,750
8228,909,749
8229,910,750
8230,688,556
8231,688,556
8232,688,556
8233,688,556
8234,688,556
8235,688,556
8236,357,284
8237,690,558
8238,690,558
8239,690,558
8240,690,558
8241,357,284
8242,911,751
8243,911,751
8244,357,284
8245,911,751
8246,911,751
8247,912,752
8248,690,558
8249,911,751
8250,912,752
8251,913,753
8252,913,753
8253,913,753
8254,913,753
8255,912,752
8256,912,752
8257,913,753
8258,913,753
8259,912,752
8260,913,753
8261,913,753
8262,236,184
8263,914,754
8264,236,184
8265,915,755
8266,236,184
8267,915,755
8268,914,754
8269,915,755
8270,915,755
8271,236,184
8272,236,184
8273,915,755
8274,236,184
8275,236,184
8276,915,755
8277,916,756
8278,916,756
8279,917,757
8280,917,757
8281,918,758
8282,918,758
8283,917,757
8284,917,757
8285,918,758
8286,918,758
8287,916,756
8288,918,758
8289,917,757
8290,916,756
8291,919,759
8292,919,759
8293,916,756
8294,920,760
8295,916,756
8296,919,759
8297,919,759
8298,916,756
8299,919,759
8300,919,759
8301,920,760
8302,920,760
8303,916,756
8304,916,756
8305,921,761
8306,921,761
8307,921,761
8308,921,761
8309,921,761
8310,921,761
8311,920,760
8312,920,760
8313,920,760
8314,920,760
8315,920,760
8316,920,760
8317,920,760
8318,914,754
8319,920,760
8320,920,760
8321,914,754
8322,920,760
8323,914,754
8324,914,754
8325,922,762
8326,923,763
8327,923,763
8328,923,763
8329,923,763
8330,923,763
8331,159,119
8332,159,119
8333,159,119
8334,924,764
8335,924,764
8336,924,764
8337,924,764
8338,924,764
8339,926,765
8340,926,765
8341,926,765
8342,927,766
8343,926,765
8344,927,766
8345,926,765
8346,927,766
8347,926,765
8348,927,766
8349,926,765
8350,927,766
8351,927,766
8352,928,767
8353,928,767
8354,928,767
8355,928,767
8356,928,767
8357,928,767
8358,928,767
8359,928,767
8360,928,767
8361,928,767
8362,929,768
8363,929,768
8364,929,768
8365,929,768
8366,929,768
8367,929,768
8368,929,768
8369,929,768
8370,930,769
8371,931,770
8372,931,770
8373,931,770
8374,932,771
8375,932,771
8376,931,770
8377,930,769
8378,932,771
8379,932,771
8380,930,769
8381,930,769
8382,931,770
8383,932,771
8384,932,771
8385,933,772
8386,934,773
8387,935,774
8388,935,774
8389,934,773
8390,935,774
8391,933,772
8392,933,772
8393,933,772
8394,934,773
8395,935,774
8396,933,772
8397,933,772
8398,930,769
8399,935,774
8400,935,774
8401,934,773
8402,935,774
8403,934,773
8404,935,774
8405,935,774
8406,935,774
8407,936,775
8408,936,775
8409,937,776
8410,937,776
8411,938,777
8412,939,777;778
8413,940,778
8414,941,779
8415,940,778
8416,941,779
8417,941,779
8418,938,777
8419,941,779
8420,937,776
8421,937,776
8422,938,777
8423,943,780
8424,943,780
8425,940,778
8426,938,777
8427,941,779
8428,938,777
8429,943,780
8430,937,776
8431,939,777;778
8432,944,781
8433,944,781
8434,946,782
8435,947,783
8436,946,782
8437,946,782
8438,947,783
8439,946,782
8440,947,783
8441,943,780
8442,945,781;782
8443,946,782
8444,946,782
8445,946,782
8446,943,780
8447,945,781;782
8448,947,783
8449,945,781;782
8450,944,781
8451,947,783
8452,948,784
8453,949,785
8454,948,784
8455,950,786
8456,949,785
8457,948,784
8458,948,784
8459,949,785
8460,949,785
8461,947,783
8462,948,784
8463,949,785
8464,949,785
8465,950,786
8466,947,783
8467,950,786
8468,950,786
8469,950,786
8470,950,786
8471,951,787
8472,953,788
8473,954,789
8474,951,787
8475,953,788
8476,955,790
8477,951,787
8478,953,788
8479,953,788
8480,954,789
8481,951,787
8482,951,787
8483,956,791
8484,953,788
8485,951,787
8486,955,790
8487,952,787;790
8488,958,792
8489,955,790
8490,955,790
8491,956,791
8492,956,791
8493,959,793
8494,959,793
8495,956,791
8496,959,793
8497,956,791
8498,959,793
8499,959,793
8500,958,792
8501,960,794
8502,960,794
8503,960,794
8504,960,794
8505,954,789
8506,961,795
8507,962,796
8508,962,796
8509,950,786
8510,963,797
8511,936,775
8512,950,786
8513,963,797
8514,936,775
8515,936,775
8516,936,775
8517,950,786
8518,950,786
8519,963,797
8520,950,786
8521,950,786
8522,963,797
8523,950,786
8524,963,797
8525,964,798
8526,950,786
8527,964,798
8528,964,798
8529,964,798
8530,964,798
8531,964,798
8532,964,798
8533,964,798
8534,964,798
8535,954,789
8536,954,789
8537,954,789
8538,954,789
8539,954,789
8540,954,789
8541,958,792
8542,958,792
8543,958,792
8544,958,792
8545,958,792
8546,956,791
8547,956,791
8548,956,791
8549,956,791
8550,956,791
8551,956,791
8552,965,799
8553,965,799
8554,965,799
8555,965,799
8556,965,799
8557,966,800
8558,966,800
8559,966,800
8560,966,800
8561,966,800
8562,960,794
8563,960,794
8564,960,794
8565,960,794
8566,960,794
8567,961,795
8568,961,795
8569,961,795
8570,961,795
8571,961,795
8572,961,795
8573,961,795
8574,961,795
8575,961,795
8576,961,795
8577,961,795
8578,961,795
8579,961,795
8580,961,795
8581,961,795
8582,961,795
8583,961,795
8584,961,795
8585,962,796
8586,962,796
8587,962,796
8588,962,796
8589,962,796
8590,967,801
8591,967,801
8592,967,801
8593,165,124
8594,968,802
8595,967,801
8596,968,802
8597,967,801
8598,165,124
8599,165,124
8600,165,124
8601,969,803
8602,929,768
8603,969,803
8604,968,802
8605,969,803
8606,929,768
8607,968,802
8608,968,802
8609,968,802
8610,969,803
8611,929,768
8612,929,768
8613,169,128
8614,922,762
8615,922,762
8616,922,762
8617,922,762
8618,922,762
8619,169,128
8620,970,804
8621,970,804
8622,970,804
8623,970,804
8624,971,804;811
8625,972,805
8626,972,805
8627,972,805
8628,972,805
8629,973,806
8630,973,806
8631,972,805
8632,973,806
8633,973,806
8634,973,806
8635,973,806
8636,972,805
8637,973,806
8638,972,805
8639,975,807
8640,975,807
8641,975,807
8642,975,807
8643,975,807
8644,976,808
8645,976,808
8646,976,808
8647,976,808
8648,976,808
8649,977,809
8650,977,809
8651,977,809
8652,977,809
8653,978,809;810
8654,978,809;810
8655,979,810
8656,979,810
8657,979,810
8658,979,810
8659,979,810
8660,978,809;810
8661,980,811
8662,980,811
8663,974,806;811
8664,980,811
8665,981,812
8666,981,812
8667,981,812
8668,981,812
8669,981,812
8670,980,811
8671,982,813
8672,982,813
8673,984,814
8674,985,815
8675,986,816
8676,986,816
8677,987,817
8678,984,814
8679,984,814
8680,986,816
8681,987,817
8682,986,816
8683,985,815
8684,984,814
8685,988,818
8686,984,814
8687,985,815
8688,988,818
8689,987,817
8690,987,817
8691,985,815
8692,984,814
8693,988,818
8694,986,816
8695,985,815
8696,987,817
8697,988,818
8698,984,814
8699,987,817
8700,988,818
8701,989,819
8702,989,819
8703,989,819
8704,989,819
8705,989,819
8706,989,819
8707,989,819
8708,989,819
8709,990,820
8710,990,820
8711,990,820
8712,990,820
8713,991,821
8714,990,820
8715,992,822
8716,990,820
8717,992,822
8718,992,822
8719,991,821
8720,991,821
8721,991,821
8722,991,821
8723,991,821
8724,991,821
8725,991,821
8726,991,821
8727,991,821
8728,992,822
8729,992,822
8730,991,821
8731,991,821
8732,992,822
8733,992,822
8734,992,822
8735,991,821
8736,991,821
8737,991,821
8738,991,821
8739,991,821
8740,991,821
8741,993,823
8742,994,824
8743,994,824
8744,995,825
8745,996,826
8746,996,826
8747,995,825
8748,996,826
8749,995,825
8750,995,825
8751,995,825
8752,995,825
8753,993,823
8754,995,825
8755,993,823
8756,995,825
8757,995,825
8758,996,826
8759,994,824
8760,996,826
8761,996,826
8762,995,825
8763,997,827
8764,995,825
8765,997,827
8766,995,825
8767,996,826
8768,993,823
8769,993,823
8770,996,826
8771,998,828
8772,997,827
8773,997,827
8774,997,827
8775,997,827
8776,997,827
8777,998,828
8778,997,827
8779,997,827
8780,998,828
8781,997,827
8782,998,828
8783,997,827
8784,997,827
8785,999,829
8786,993,823
8787,997,827
8788,997,827
8789,997,827
8790,998,828
8791,998,828
8792,993,823
8793,993,823
8794,1000,830
8795,993,823
8796,993,823
8797,999,829
8798,993,823
8799,999,829
8800,999,829
8801,993,823
8802,993,823
8803,993,823
8804,999,829
8805,1000,830
8806,993,823
8807,1001,831
8808,1001,831
8809,1001,831
8810,1001,831
8811,1001,831
8812,1001,831
8813,1001,831
8814,1002,832
8815,1002,832
8816,1002,832
8817,1002,832
8818,1002,832
8819,1002,832
8820,1004,833
8821,1004,833
8822,1004,833
8823,1004,833
8824,1004,833
8825,1004,833
8826,1004,833
8827,1004,833
8828,1004,833
8829,1004,833
8830,1006,834
8831,1006,834
8832,1007,835
8833,1007,835
8834,1008,836
8835,1006,834
8836,1008,836
8837,1008,836
8838,1006,834
8839,1008,836
8840,1008,836
8841,1008,836
8842,1007,835
8843,1008,836
8844,1007,835
8845,1008,836
8846,1007,835
8847,1006,834
8848,1007,835
8849,1008,836
8850,1008,836
8851,1006,834
8852,1007,835
8853,1007,835
8854,1007,835
8855,1007,835
8856,1009,837
8857,1009,837
8858,1007,835
8859,1007,835
8860,1007,835
8861,1007,835
8862,1007,835
8863,1009,837
8864,1007,835
8865,1009,837
8866,1007,835
8867,1009,837
8868,1009,837
8869,1007,835
8870,1010,838
8871,1010,838
8872,1010,838
8873,1011,839
8874,1010,838
8875,1010,838
8876,1010,838
8877,1010,838
8878,1010,838
8879,1012,840
8880,1011,839
8881,1012,840
8882,1011,839
8883,1011,839
8884,1011,839
8885,1011,839
8886,1011,839
8887,1011,839
8888,1011,839
8889,1011,839
8890,1011,839
8891,1011,839
8892,1011,839
8893,1011,839
8894,1013,841
8895,1012,840
8896,1013,841
8897,1013,841
8898,1013,841
8899,1012,840
8900,1012,840
8901,1012,840
8902,1013,841
8903,1014,842
8904,1015,843
8905,1015,843
8906,1015,843
8907,1015,843
8908,1015,843
8909,1016,844
8910,1016,844
8911,1016,844
8912,1017,845
8913,1014,842
8914,1014,842
8915,1014,842
8916,1014,842
8917,1014,842
8918,1016,844
8919,1017,845
8920,1016,844
8921,1018,846
8922,1017,845
8923,1017,845
8924,1018,846
8925,1018,846
8926,1018,846
8927,1018,846
8928,1018,846
8929,1017,845
8930,1017,845
8931,1017,845
8932,1017,845
8933,1017,845
8934,1017,845
8935,1017,845
8936,1017,845
8937,1017,845
8938,1017,845
8939,1017,845
8940,1017,845
8941,1017,845
8942,1017,845
8943,1017,845
8944,1018,846
8945,1018,846
8946,1018,846
8947,1018,846
8948,1018,846
8949,1018,846
8950,1018,846
8951,1019,847
8952,1019,847
8953,1019,847
8954,1019,847
8955,1019,847
8956,1019,847
8957,1019,847
8958,1019,847
8959,1019,847
8960,1019,847
8961,1020,848
8962,1020,848
8963,1020,848
8964,1020,848
8965,1020,848
8966,1020,848
8967,1021,849
8968,1021,849
8969,1019,847
8970,1019,847
8971,370,296
8972,1022,850
8973,370,296
8974,1023,851
8975,1022,850
8976,1023,851
8977,370,296
8978,1022,850
8979,370,296
8980,1022,850
8981,370,296
8982,1023,851
8983,1022,850
8984,1023,851
8985,370,296
8986,370,296
8987,1023,851
8988,1023,851
8989,1022,850
8990,1024,852
8991,1025,853
8992,1024,852
8993,1024,852
8994,1025,853
8995,1025,853
8996,1025,853
8997,1025,853
8998,1024,852
8999,1025,853
9000,1024,852
9001,1024,852
9002,1024,852
9003,1024,852
9004,1024,852
9005,1024,852
9006,1024,852
9007,1024,852
9008,1024,852
9009,1024,852
9010,1024,852
9011,362,288
9012,363,289
9013,363,289
9014,363,289
9015,360,286
9016,364,290
9017,365,291
9018,369,295
9019,368,294
9020,368,294
9021,368,294
9022,373,299
9023,369,295
9024,369,295
9025,374,300
9026,369,295
9027,374,300
9028,374,300
9029,374,300
9030,374,300
9031,374,300
9032,374,300
9033,366,292
9034,366,292
9035,366,292
9036,366,292
9037,366,292
9038,366,292
9039,366,292
9040,366,292
9041,376,302
9042,384,309
9043,375,301
9044,799,657
9045,802,658;733
9046,799,657
9047,798,656
9048,801,658
9049,801,658
9050,800,657;734
9051,798,656
9052,798,656
9053,802,658;733
9054,799,657
9055,680,548;733
9056,1026,854
9057,1026,854
9058,1026,854
9059,1026,854
9060,1026,854
9061,1026,854
9062,1026,854
9063,1026,854
9064,1026,854
9065,1026,854
9066,1026,854
9067,1026,854
9068,1026,854
9069,1027,854;855
9070,1027,854;855
9071,1027,854;855
9072,1029,856
9073,1030,856;863
9074,1027,854;855
9075,1029,856
9076,1027,854;855
9077,1029,856
9078,1029,856
9079,1029,856
9080,1029,856
9081,1028,855
9082,1029,856
9083,1029,856
9084,1030,856;863
9085,1031,857
9086,1031,857
9087,1032,858
9088,1032,858
9089,1032,858
9090,1031,857
9091,1031,857
9092,1031,857
9093,227,176
9094,1032,858
9095,1032,858
9096,1032,858
9097,1032,858
9098,1032,858
9099,1031,857
9100,29,25
9101,27,23
9102,28,24
9103,227,176
9104,29,25
9105,1026,854
9106,1028,855
9107,1033,859
9108,1034,860
9109,1034,860
9110,1034,860
9111,1028,855
9112,63,55
9113,1033,859
9114,380,305
9115,382,307
9116,1033,859
9117,1033,859
9118,1033,859
9119,816,668
9120,816,668
9121,816,668
9122,816,668
9123,923,763
9124,923,763
9125,923,763
9126,923,763
9127,923,763
9128,923,763
9129,923,763
9130,39,33
9131,923,763
9132,923,763
9133,923,763
9134,39,33
9135,967,801
9136,1033,859
9137,161,120;801
9138,161,120;801
9139,967,801
9140,967,801
9141,967,801
9142,967,801
9143,1033,859
9144,967,801
9145,1033,859
9146,1033,859
9147,1033,859
9148,1033,859
9149,816,668
9150,816,668
9151,816,668
9152,816,668
9153,816,668
9154,816,668
9155,816,668
9156,816,668
9157,816,668
9158,816,668
9159,816,668
9160,386,311
9161,387,311;314
9162,389,313
9163,371,297
9164,386,311
9165,387,311;314
9166,389,313
9167,392,316
9168,389,313
9169,392,316
9170,231,179
9171,231,179
9172,233,181
9173,233,181
9174,233,181
9175,233,181
9176,231,179
9177,233,181
9178,233,181
9179,231,179
9180,233,181
9181,231,179
9182,233,181
9183,233,181
9184,398,321
9185,371,297
9186,371,297
9187,371,297
9188,371,297
9189,1035,861
9190,1036,862
9191,1035,861
9192,1036,862
9193,1036,862
9194,1029,856
9195,1035,861
9196,1036,862
9197,1037,863
9198,1029,856
9199,1037,863
9200,1036,862
9201,1037,863
9202,1035,861
9203,1038,864
9204,389,313
9205,1032,858
9206,1032,858
9207,389,313
9208,388,312
9209,388,312
9210,1036,862
9211,1031,857
9212,1032,858
9213,1038,864
9214,388,312
9215,1039,865
9216,1038,864
9217,1032,858
9218,1041,866
9219,1031,857
9220,1038,864
9221,1032,858
9222,1041,866
9223,1039,865
9224,1041,866
9225,1032,858
9226,387,311;314
9227,1036,862
9228,1036,862
9229,387,311;314
9230,1039,865
9231,1039,865
9232,1039,865
9233,806,660
9234,806,660
9235,1039,865
9236,1039,865
9237,1036,862
9238,806,660
9239,1039,865
9240,1042,867
9241,1039,865
9242,1039,865
9243,387,311;314
9244,1039,865
9245,1036,862
9246,1036,862
9247,1042,867
9248,1039,865
9249,1039,865
9250,806,660
9251,1036,862
9252,806,660
9253,1039,865
9254,1039,865
9255,1043,868
9256,1044,869
9257,1045,870
9258,1046,871
9259,1044,869
9260,1043,868
9261,1046,871
9262,1043,868
9263,1046,871
9264,1044,869
9265,1046,871
9266,1042,867
9267,1045,870
9268,1045,870
9269,1042,867
9270,1043,868
9271,1043,868
9272,1044,869
9273,1042,867
9274,1042,867
9275,1046,871
9276,1044,869
9277,1047,872
9278,1047,872
9279,1048,873
9280,1048,873
9281,1047,872
9282,1049,874
9283,1049,874
9284,1049,874
9285,1047,872
9286,1047,872
9287,1048,873
9288,1047,872
9289,1049,874
9290,1047,872
9291,1047,872
9292,1048,873
9293,1048,873
9294,814,666
9295,915,755
9296,236,184
9297,1050,875
9298,915,755
9299,915,755
9300,236,184
9301,236,184
9302,915,755
9303,236,184
9304,915,755
9305,1051,876
9306,1048,873
9307,236,184
9308,1051,876
9309,236,184
9310,1048,873
9311,1051,876
9312,1050,875
9313,1050,875
9314,1051,876
9315,236,184
9316,915,755
9317,877,717
9318,917,757
9319,917,757
9320,917,757
9321,917,757
9322,917,757
9323,712,575;576
9324,917,757
9325,712,575;576
9326,917,757
9327,917,757
9328,712,575;576
9329,712,575;576
9330,917,757
9331,917,757
9332,712,575;576
9333,917,757
9334,917,757
9335,808,662
9336,712,575;576
9337,807,661
9338,712,575;576
9339,807,661
9340,807,661
9341,13,10
9342,712,575;576
9343,807,661
9344,807,661
9345,13,10
9346,14,10;1025
9347,695,562
9348,695,562
9349,13,10
9350,380,305
9351,18,14
9352,380,305
9353,380,305
9354,382,307
9355,382,307
9356,382,307
9357,382,307
9358,380,305
9359,1052,877
9360,1053,878
9361,1053,878
9362,1053,878
9363,1053,878
9364,388,312
9365,387,311;314
9366,387,311;314
9367,388,312
9368,390,314
9369,1052,877
9370,388,312
9371,1053,878
9372,387,311;314
9373,1052,877
9374,388,312
9375,1052,877
9376,1053,878
9377,1053,878
9378,1052,877
9379,818,670
9380,815,667
9381,818,670
9382,818,670
9383,818,670
9384,818,670
9385,818,670
9386,818,670
9387,818,670
9388,818,670
9389,818,670
9390,818,670
9391,692,560
9392,691,559
9393,819,671
9394,819,671
9395,819,671
9396,819,671
9397,819,671
9398,819,671
9399,819,671
9400,930,769
9401,930,769
9402,930,769
9403,931,770
9404,930,769
9405,931,770
9406,931,770
9407,931,770
9408,930,769
9409,930,769
9410,930,769
9411,930,769
9412,930,769
9413,930,769
9414,930,769
9415,930,769
9416,930,769
9417,930,769
9418,1054,879
9419,1054,879
9420,1055,879;1156
9421,709,573
9422,1054,879
9423,709,573
9424,1054,879
9425,709,573
9426,709,573
9427,709,573
9428,709,573
9429,709,573
9430,1054,879
9431,1054,879
9432,1054,879
9433,709,573
9434,1054,879
9435,1054,879
9436,710,574
9437,709,573
9438,710,574
9439,710,574
9440,710,574
9441,709,573
9442,710,574
9443,321,249
9444,974,806;811
9445,970,804
9446,970,804
9447,970,804
9448,971,804;811
9449,970,804
9450,973,806
9451,973,806
9452,973,806
9453,972,805
9454,972,805
9455,972,805
9456,972,805
9457,973,806
9458,982,813
9459,233,181
9460,959,793
9461,966,800
9462,959,793
9463,959,793
9464,966,800
9465,966,800
9466,966,800
9467,966,800
9468,959,793
9469,966,800
9470,966,800
9471,966,800
9472,959,793
9473,959,793
9474,966,800
9475,966,800
9476,948,784
9477,948,784
9478,948,784
9479,948,784
9480,948,784
9481,948,784
9482,948,784
9483,948,784
9484,948,784
9485,948,784
9486,948,784
9487,948,784
9488,946,782
9489,948,784
9490,948,784
9491,948,784
9492,946,782
9493,945,781;782
9494,944,781
9495,944,781
9496,944,781
9497,945,781;782
9498,946,782
9499,946,782
9500,946,782
9501,946,782
9502,944,781
9503,946,782
9504,946,782
9505,946,782
9506,946,782
9507,944,781
9508,946,782
9509,944,781
9510,944,781
9511,28,24
9512,27,23
9513,984,814
9514,984,814
9515,984,814
9516,984,814
9517,985,815
9518,984,814
9519,984,814
9520,984,814
9521,985,815
9522,984,814
9523,984,814
9524,985,815
9525,985,815
9526,985,815
9527,985,815
9528,985,815
9529,985,815
9530,987,817
9531,987,817
9532,987,817
9533,987,817
9534,987,817
9535,987,817
9536,987,817
9537,987,817
9538,988,818
9539,987,817
9540,988,818
9541,987,817
9542,987,817
9543,987,817
9544,987,817
9545,987,817
9546,987,817
9547,988,818
9548,987,817
9549,987,817
9550,988,818
9551,988,818
9552,988,818
9553,988,818
9554,988,818
9555,988,818
9556,988,818
9557,988,818
9558,990,820
9559,990,820
9560,990,820
9561,990,820
9562,990,820
9563,990,820
9564,993,823
9565,993,823
9566,993,823
9567,993,823
9568,993,823
9569,996,826
9570,996,826
9571,996,826
9572,996,826
9573,996,826
9574,996,826
9575,994,824
9576,996,826
9577,994,824
9578,996,826
9579,996,826
9580,996,826
9581,996,826
9582,996,826
9583,994,824
9584,994,824
9585,994,824
9586,994,824
9587,994,824
9588,994,824
9589,994,824
9590,994,824
9591,994,824
9592,994,824
9593,994,824
9594,994,824
9595,994,824
9596,994,824
9597,994,824
9598,994,824
9599,1057,880
9600,38,32
9601,38,32
9602,1057,880
9603,1057,880
9604,1057,880
9605,40,34
9606,1058,881
9607,40,34
9608,1058,881
9609,1058,881
9610,40,34
9611,1002,832
9612,1002,832
9613,1002,832
9614,1002,832
9615,1002,832
9616,1002,832
9617,1002,832
9618,1002,832
9619,1003,832;837
9620,1002,832
9621,1002,832
9622,1002,832
9623,1002,832
9624,1002,832
9625,1002,832
9626,1002,832
9627,1004,833
9628,1004,833
9629,1004,833
9630,1004,833
9631,1004,833
9632,1004,833
9633,1004,833
9634,1004,833
9635,1004,833
9636,1004,833
9637,1004,833
9638,1005,833;848
9639,1004,833
9640,1004,833
9641,1004,833
9642,1004,833
9643,1020,848
9644,1004,833
9645,1020,848
9646,995,825
9647,995,825
9648,1020,848
9649,995,825
9650,995,825
9651,995,825
9652,995,825
9653,995,825
9654,995,825
9655,1020,848
9656,995,825
9657,997,827
9658,998,828
9659,998,828
9660,998,828
9661,998,828
9662,997,827
9663,998,828
9664,998,828
9665,998,828
9666,997,827
9667,998,828
9668,998,828
9669,998,828
9670,998,828
9671,997,827
9672,998,828
9673,998,828
9674,1000,830
9675,1000,830
9676,998,828
9677,1035,861
9678,1035,861
9679,1000,830
9680,1035,861
9681,1000,830
9682,1037,863
9683,1035,861
9684,998,828
9685,1035,861
9686,1035,861
9687,1035,861
9688,1000,830
9689,1000,830
9690,1000,830
9691,1000,830
9692,1000,830
9693,1000,830
9694,1000,830
9695,1000,830
9696,1000,830
9697,1000,830
9698,1000,830
9699,1000,830
9700,1000,830
9701,1000,830
9702,1020,848
9703,1020,848
9704,1029,856
9705,1020,848
9706,1029,856
9707,1020,848
9708,1020,848
9709,1020,848
9710,1020,848
9711,1037,863
9712,1029,856
9713,1020,848
9714,1029,856
9715,1037,863
9716,1036,862
9717,1032,858
9718,1039,865
9719,1031,857
9720,1031,857
9721,1036,862
9722,1039,865
9723,388,312
9724,1032,858
9725,1032,858
9726,1059,882
9727,1031,857
9728,1059,882
9729,1038,864
9730,1000,830
9731,1041,866
9732,387,311;314
9733,1020,848
9734,1021,849
9735,1038,864
9736,1038,864
9737,1021,849
9738,1000,830
9739,1059,882
9740,1038,864
9741,1021,849
9742,1041,866
9743,1020,848
9744,466,378
9745,466,378
9746,1021,849
9747,1021,849
9748,1021,849
9749,1021,849
9750,1021,849
9751,1021,849
9752,1021,849
9753,1021,849
9754,1021,849
9755,1021,849
9756,1021,849
9757,1021,849
9758,1021,849
9759,1059,882
9760,1021,849
9761,1059,882
9762,1059,882
9763,1059,882
9764,1059,882
9765,1059,882
9766,1059,882
9767,1059,882
9768,1059,882
9769,1059,882
9770,1059,882
9771,1059,882
9772,1059,882
9773,1059,882
9774,1010,838
9775,1010,838
9776,1010,838
9777,1010,838
9778,1010,838
9779,1010,838
9780,1010,838
9781,1012,840
9782,1010,838
9783,1010,838
9784,1010,838
9785,1010,838
9786,1012,840
9787,1012,840
9788,1010,838
9789,1012,840
9790,1012,840
9791,1011,839
9792,1012,840
9793,1011,839
9794,1011,839
9795,1012,840
9796,1012,840
9797,1011,839
9798,1012,840
9799,1011,839
9800,1012,840
9801,1012,840
9802,1012,840
9803,1012,840
9804,1012,840
9805,1059,882
9806,1059,882
9807,1059,882
9808,1011,839
9809,1011,839
9810,1059,882
9811,1059,882
9812,1059,882
9813,1060,883
9814,1061,884
9815,878,718
9816,878,718
9817,231,179
9818,878,718
9819,1060,883
9820,1060,883
9821,231,179
9822,982,813
9823,1061,884
9824,1062,885
9825,231,179
9826,1062,885
9827,1062,885
9828,1062,885
9829,1060,883
9830,1060,883
9831,982,813
9832,982,813
9833,1061,884
9834,982,813
9835,982,813
9836,1061,884
9837,982,813
9838,982,813
9839,1061,884
9840,1061,884
9841,1061,884
9842,366,292
9843,367,293
9844,367,293
9845,367,293
9846,367,293
9847,367,293
9848,367,293
9849,367,293
9850,368,294
9851,368,294
9852,152,112
9853,240,187
9854,240,187
9855,240,187
9856,240,187
9857,240,187
9858,240,187
9859,469,381
9860,469,381
9861,778,640
9862,778,640
9863,777,639
9864,778,640
9865,777,639
9866,777,639
9867,777,639
9868,777,639
9869,777,639
9870,777,639
9871,777,639
9872,777,639
9873,1063,886
9874,1063,886
9875,1063,886
9876,1063,886
9877,1063,886
9878,1063,886
9879,1063,886
9880,1063,886
9881,1063,886
9882,1063,886
9883,1063,886
9884,1063,886
9885,1063,886
9886,1063,886
9887,1063,886
9888,1063,886
9889,1063,886
9890,1063,886
9891,1063,886
9892,1063,886
9893,1063,886
9894,1063,886
9895,1063,886
9896,1063,886
9897,1064,887
9898,1064,887
9899,1064,887
9900,1064,887
9901,1064,887
9902,1064,887
9903,1064,887
9904,1064,887
9905,771,633
9906,771,633
9907,771,633
9908,707,571
9909,707,571
9910,707,571
9911,707,571
9912,707,571
9913,707,571
9914,707,571
9915,707,571
9916,707,571
9917,707,571
9918,708,572
9919,708,572
9920,708,572
9921,708,572
9922,708,572
9923,708,572
9924,709,573
9925,709,573
9926,710,574
9927,709,573
9928,710,574
9929,710,574
9930,18,14
9931,18,14
9932,18,14
9933,18,14
9934,18,14
9935,18,14
9936,18,14
9937,18,14
9938,712,575;576
9939,18,14
9940,712,575;576
9941,712,575;576
9942,712,575;576
9943,712,575;576
9944,712,575;576
9945,712,575;576
9946,712,575;576
9947,712,575;576
9948,712,575;576
9949,101,78;79
9950,101,78;79
9951,100,78
9952,101,78;79
9953,1065,888
9954,1065,888
9955,1065,888
9956,1065,888
9957,1065,888
9958,293,228;889
9959,291,228
9960,1066,889
9961,1066,889
9962,1065,888
9963,295,229;889
9964,1066,889
9965,1067,890
9966,1067,890
9967,98,77
9968,296,230
9969,99,77;79
9970,296,230
9971,98,77
9972,98,77
9973,98,77
9974,98,77
9975,98,77
9976,848,696
9977,429,347
9978,429,347
9979,429,347
9980,102,79;358
9981,102,79;358
9982,102,79;358
9983,442,358
9984,442,358
9985,102,79;358
9986,1068,891
9987,1068,891
9988,1068,891
9989,1068,891
9990,1068,891
9991,1068,891
9992,1068,891
9993,1068,891
9994,1068,891
9995,1068,891
9996,1068,891
9997,1068,891
9998,460,375
9999,460,375
10000,460,375
10001,460,375
10002,460,375
10003,460,375
10004,441,357
10005,102,79;358
10006,441,357
10007,102,79;358
10008,647,517
10009,647,517
10010,647,517
10011,647,517
10012,647,517
10013,647,517
10014,216,165;516
10015,215,165
10016,444,360
10017,444,360
10018,448,364
10019,776,638
10020,776,638
10021,776,638
10022,776,638
10023,776,638
10024,776,638
10025,1069,892
10026,1069,892
10027,642,515
10028,643,515;967
10029,1069,892
10030,642,515
10031,1069,892
10032,1069,892
10033,642,515
10034,642,515
10035,642,515
10036,854,701
10037,854,701
10038,854,701
10039,854,701
10040,854,701
10041,854,701
10042,858,705
10043,858,705
10044,858,705
10045,858,705
10046,856,703
10047,856,703
10048,858,705
10049,856,703
10050,856,703
10051,856,703
10052,856,703
10053,856,703
10054,856,703
10055,864,708
10056,865,708;985
10057,864,708
10058,864,708
10059,641,514
10060,641,514
10061,641,514
10062,641,514
10063,641,514
10064,750,612
10065,747,609
10066,747,609
10067,747,609
10068,747,609
10069,750,612
10070,750,612
10071,750,612
10072,750,612
10073,750,612
10074,869,711
10075,869,711
10076,750,612
10077,750,612
10078,869,711
10079,750,612
10080,750,612
10081,750,612
10082,750,612
10083,869,711
10084,750,612
10085,750,612
10086,750,612
10087,870,712
10088,869,711
10089,870,712
10090,869,711
10091,870,712
10092,869,711
10093,788,650
10094,788,650
10095,788,650
10096,788,650
10097,788,650
10098,788,650
10099,788,650
10100,871,713
10101,872,713;714
10102,873,714
10103,871,713
10104,1070,893
10105,1070,893
10106,1071,894
10107,1070,893
10108,1070,893
10109,1070,893
10110,1072,895
10111,1071,894
10112,1073,896
10113,1073,896
10114,1073,896
10115,1073,896
10116,1072,895
10117,1073,896
10118,1072,895
10119,1073,896
10120,1071,894
10121,1071,894
10122,1073,896
10123,1071,894
10124,1073,896
10125,503,409
10126,502,408
10127,738,599
10128,738,599
10129,738,599
10130,738,599
10131,738,599
10132,738,599
10133,171,130
10134,172,131
10135,263,207
10136,172,131
10137,262,206
10138,264,208
10139,264,208
10140,264,208
10141,264,208
10142,264,208
10143,264,208
10144,264,208
10145,264,208
10146,264,208
10147,1074,897
10148,1074,897
10149,1075,898
10150,1075,898
10151,1075,898
10152,1075,898
10153,1074,897
10154,1075,898
10155,1075,898
10156,1076,899
10157,741,603
10158,741,603
10159,741,603
10160,1076,899
10161,1076,899
10162,1076,899
10163,1076,899
10164,741,603
10165,1074,897
10166,741,603
10167,741,603
10168,741,603
10169,1076,899
10170,1076,899
10171,741,603
10172,741,603
10173,1076,899
10174,1076,899
10175,741,603
10176,1076,899
10177,1074,897
10178,1074,897
10179,1076,899
10180,1074,897
10181,741,603
10182,1076,899
10183,1076,899
10184,741,603
10185,1076,899
10186,1074,897
10187,741,603
10188,741,603
10189,1076,899
10190,1074,897
10191,1074,897
10192,1076,899
10193,1074,897
10194,669,539
10195,682,550
10196,682,550
10197,682,550
10198,682,550
10199,682,550
10200,682,550
10201,1077,900
10202,1077,900
10203,1078,901
10204,1078,901
10205,1078,901
10206,1078,901
10207,1078,901
10208,1078,901
10209,1078,901
10210,214,164
10211,214,164
10212,214,164
10213,214,164
10214,772,634
10215,772,634
10216,1079,902
10217,1079,902
10218,772,634
10219,772,634
10220,772,634
10221,772,634
10222,721,584
10223,721,584
10224,1080,903
10225,1080,903
10226,1080,903
10227,1080,903
10228,1080,903
10229,1080,903
10230,1080,903
10231,1080,903
10232,1080,903
10233,1080,903
10234,1080,903
10235,1080,903
10236,1080,903
10237,1080,903
10238,331,259
10239,719,582
10240,719,582
10241,333,261
10242,333,261
10243,333,261
10244,337,265
10245,337,265
10246,339,267
10247,337,265
10248,329,257
10249,329,257
10250,332,260
10251,259,204
10252,259,204
10253,300,234
10254,300,234
10255,300,234
10256,300,234
10257,672,542
10258,672,542
10259,305,238
10260,672,542
10261,670,540
10262,670,540
10263,670,540
10264,670,540
10265,670,540
10266,1081,904
10267,1082,905
10268,1083,906
10269,1082,905
10270,1082,905
10271,1081,904
10272,1081,904
10273,1083,906
10274,1083,906
10275,178,136
10276,178,136
10277,1084,907
10278,1084,907
10279,1084,907
10280,650,520
10281,1084,907
10282,1084,907
10283,566,467
10284,566,467
10285,567,468
10286,567,468
10287,569,469
10288,570,469;479
10289,565,466
10290,888,728
10291,888,728
10292,539,443
10293,539,443
10294,539,443
10295,541,445
10296,541,445
10297,541,445
10298,544,448
10299,540,444
10300,540,444
10301,533,437
10302,532,436
10303,537,441
10304,537,441
10305,536,440
10306,537,441
10307,536,440
10308,536,440
10309,536,440
10310,536,440
10311,536,440
10312,537,441
10313,537,441
10314,537,441
10315,652,522
10316,536,440
10317,536,440
10318,653,523
10319,653,523
10320,655,525
10321,655,525
10322,655,525
10323,653,523
10324,655,525
10325,655,525
10326,655,525
10327,654,524
10328,1085,908
10329,1085,908
10330,1085,908
10331,672,542
10332,672,542
10333,672,542
10334,672,542
10335,672,542
10336,672,542
10337,672,542
10338,1086,909
10339,1087,910
10340,1087,910
10341,1087,910
10342,1086,909
10343,1086,909
10344,1087,910
10345,1086,909
10346,1086,909
10347,1087,910
10348,1086,909
10349,1087,910
10350,765,627
10351,767,629
10352,767,629
10353,847,695
10354,765,627
10355,902,742
10356,846,694
10357,765,627
10358,765,627
10359,846,694
10360,847,695
10361,765,627
10362,767,629
10363,846,694
10364,767,629
10365,902,742
10366,902,742
10367,765,627
10368,847,695
10369,902,742
10370,900,740
10371,901,741
10372,900,740
10373,900,740
10374,900,740
10375,531,435
10376,531,435
10377,531,435
10378,531,435
10379,531,435
10380,1087,910
10381,531,435
10382,1087,910
10383,1087,910
10384,1087,910
10385,1087,910
10386,530,434
10387,530,434
10388,662,532
10389,665,535
10390,531,435
10391,662,532
10392,662,532
10393,665,535
10394,662,532
10395,665,535
10396,666,536
10397,531,435
10398,663,533
10399,663,533
10400,664,534
10401,304,237
10402,304,237
10403,664,534
10404,664,534
10405,304,237
10406,304,237
10407,548,452
10408,549,453
10409,549,453
10410,1088,911
10411,1088,911
10412,1088,911
10413,1088,911
10414,1088,911
10415,1088,911
10416,1088,911
10417,763,625
10418,1088,911
10419,763,625
10420,763,625
10421,1088,911
10422,1089,912
10423,1088,911
10424,1088,911
10425,884,724
10426,883,723
10427,884,724
10428,883,723
10429,883,723
10430,883,723
10431,884,724
10432,884,724
10433,884,724
10434,885,725
10435,884,724
10436,885,725
10437,885,725
10438,885,725
10439,885,725
10440,885,725
10441,884,724
10442,885,725
10443,761,623
10444,761,623
10445,504,410
10446,504,410
10447,761,623
10448,504,410
10449,883,723
10450,883,723
10451,883,723
10452,884,724
10453,883,723
10454,883,723
10455,884,724
10456,884,724
10457,884,724
10458,883,723
10459,192,147
10460,497,403
10461,497,403
10462,497,403
10463,497,403
10464,497,403
10465,582,480
10466,585,483
10467,582,480
10468,585,483
10469,583,481
10470,328,256
10471,332,260
10472,328,256
10473,328,256
10474,328,256
10475,328,256
10476,328,256
10477,332,260
10478,768,630
10479,768,630
10480,768,630
10481,768,630
10482,768,630
10483,768,630
10484,768,630
10485,662,532
10486,663,533
10487,662,532
10488,534,438
10489,1090,913
10490,1090,913
10491,1090,913
10492,1090,913
10493,537,441
10494,532,436
10495,585,483
10496,585,483
10497,585,483
10498,532,436
10499,670,540
10500,670,540
10501,674,544
10502,674,544
10503,673,543
10504,674,544
10505,662,532
10506,530,434
10507,665,535
10508,670,540
10509,670,540
10510,585,483
10511,203,156
10512,665,535
10513,585,483
10514,481,390
10515,481,390
10516,481,390
10517,481,390
10518,481,390
10519,481,390
10520,481,390
10521,127,96
10522,127,96
10523,127,96
10524,127,96
10525,127,96
10526,1091,914
10527,127,96
10528,127,96
10529,1091,914
10530,52,45
10531,56,48
10532,56,48
10533,90,72
10534,90,72
10535,90,72
10536,439,355
10537,87,69
10538,647,517
10539,90,72
10540,87,69
10541,445,361
10542,58,50
10543,58,50
10544,58,50
10545,58,50
10546,58,50
10547,445,361
10548,445,361
10549,58,50
10550,58,50
10551,58,50
10552,1092,915
10553,58,50
10554,58,50
10555,1092,915
10556,1092,915
10557,1092,915
10558,1092,915
10559,1092,915
10560,852,700
10561,852,700
10562,641,514
10563,436,352
10564,292,228;230
10565,641,514
10566,868,710
10567,868,710
10568,436,352
10569,850,698
10570,641,514
10571,641,514
10572,869,711
10573,869,711
10574,771,633
10575,771,633
10576,1064,887
10577,1064,887
10578,152,112
10579,1064,887
10580,152,112
10581,779,641
10582,239,186
10583,779,641
10584,779,641
10585,779,641
10586,1093,916
10587,1094,917
10588,1093,916
10589,1095,918
10590,1095,918
10591,1097,919
10592,1094,917
10593,1094,917
10594,1093,916
10595,1098,920
10596,1098,920
10597,480,389
10598,480,389
10599,1097,919
10600,143,108
10601,1097,919
10602,1098,920
10603,480,389
10604,480,389
10605,148,110;1079
10606,146,110
10607,1099,921
10608,780,642
10609,1099,921
10610,243,190
10611,1100,922
10612,9,6
10613,1100,922
10614,1100,922
10615,1100,922
10616,1100,922
10617,1100,922
10618,1101,923
10619,1102,924
10620,1100,922
10621,1101,923
10622,9,6
10623,1100,922
10624,1103,925
10625,1103,925
10626,1102,924
10627,1102,924
10628,1104,926
10629,1102,924
10630,1104,926
10631,821,673
10632,586,484
10633,821,673
10634,1105,927
10635,1105,927
10636,1105,927
10637,1105,927
10638,1105,927
10639,588,484;1083
10640,1106,928
10641,1106,928
10642,822,673;928
10643,1106,928
10644,1106,928
10645,1106,928
10646,1106,928
10647,1106,928
10648,1106,928
10649,1106,928
10650,1106,928
10651,1106,928
10652,1106,928
10653,1107,929
10654,1107,929
10655,1106,928
10656,1107,929
10657,1107,929
10658,348,276
10659,348,276
10660,348,276
10661,181,139
10662,744,606
10663,726,589
10664,744,606
10665,744,606
10666,726,589
10667,744,606
10668,744,606
10669,1108,930
10670,1108,930
10671,1108,930
10672,672,542
10673,772,634
10674,781,643
10675,772,634
10676,783,645
10677,785,647
10678,1109,931
10679,417,336
10680,417,336
10681,415,335
10682,419,337
10683,1110,932
10684,1110,932
10685,1110,932
10686,416,335;933
10687,421,339
10688,1111,933
10689,1110,932
10690,1111,933
10691,1111,933
10692,1112,934
10693,421,339
10694,1110,932
10695,421,339
10696,415,335
10697,1110,932
10698,1111,933
10699,420,338
10700,1110,932
10701,1112,934
10702,1112,934
10703,415,335
10704,415,335
10705,1111,933
10706,415,335
10707,420,338
10708,421,339
10709,415,335
10710,1112,934
10711,415,335
10712,421,339
10713,415,335
10714,420,338
10715,1110,932
10716,1113,935
10717,1112,934
10718,1112,934
10719,1113,935
10720,1113,935
10721,1113,935
10722,2,2
10723,1114,936
10724,1114,936
10725,1114,936
10726,1114,936
10727,1114,936
10728,1114,936
10729,1114,936
10730,1114,936
10731,1114,936
10732,1114,936
10733,1114,936
10734,1114,936
10735,1114,936
10736,1114,936
10737,1114,936
10738,1114,936
10739,751,613
10740,751,613
10741,751,613
10742,1115,937
10743,1115,937
10744,1115,937
10745,1116,938
10746,1116,938
10747,1116,938
10748,1116,938
10749,1117,939
10750,1117,939
10751,1117,939
10752,1117,939
10753,1118,940
10754,1118,940
10755,1118,940
10756,1118,940
10757,1119,941
10758,1119,941
10759,1119,941
10760,1119,941
10761,1119,941
10762,1119,941
10763,1119,941
10764,1119,941
10765,1120,942
10766,1120,942
10767,1120,942
10768,1120,942
10769,1121,943
10770,1121,943
10771,1121,943
10772,1121,943
10773,1121,943
10774,1121,943
10775,1121,943
10776,1121,943
10777,1121,943
10778,1122,944
10779,1122,944
10780,1122,944
10781,1122,944
10782,1122,944
10783,1122,944
10784,1122,944
10785,1123,945
10786,1122,944
10787,1123,945
10788,1123,945
10789,1123,945
10790,1123,945
10791,1123,945
10792,1124,946
10793,1123,945
10794,1123,945
10795,1124,946
10796,1124,946
10797,1124,946
10798,1124,946
10799,1125,947
10800,1125,947
10801,1125,947
10802,1125,947
10803,1125,947
10804,1125,947
10805,1126,948
10806,1125,947
10807,1125,947
10808,1126,948
10809,1125,947
10810,1126,948
10811,1127,949
10812,1126,948
10813,1127,949
10814,1127,949
10815,1127,949
10816,1127,949
10817,1126,948
10818,1127,949
10819,1127,949
10820,1127,949
10821,1127,949
10822,1127,949
10823,1126,948
10824,1127,949
10825,686,554
10826,686,554
10827,686,554
10828,1128,950
10829,1128,950
10830,686,554
10831,1128,950
10832,1128,950
10833,1128,950
10834,1128,950
10835,1128,950
10836,1128,950
10837,1128,950
10838,1128,950
10839,1128,950
10840,1128,950
10841,1128,950
10842,769,631
10843,769,631
10844,769,631
10845,769,631
10846,687,555
10847,687,555
10848,1109,931
10849,1109,931
10850,1109,931
10851,1109,931
10852,1129,951
10853,1109,931
10854,1109,931
10855,1129,951
10856,1129,951
10857,1109,931
10858,1109,931
10859,1129,951
10860,1129,951
10861,1129,951
10862,1129,951
10863,1129,951
10864,1129,951
10865,1129,951
10866,1129,951
10867,1,1
10868,1,1
10869,1,1
10870,1,1
10871,1129,951
10872,1,1
10873,1,1
10874,1,1
10875,1,1
10876,1,1
10877,1130,952
10878,1130,952
10879,1130,952
10880,700,566
10881,1130,952
10882,1130,952
10883,1130,952
10884,700,566
10885,1130,952
10886,700,566
10887,700,566
10888,700,566
10889,700,566
10890,700,566
10891,1131,953
10892,1131,953
10893,1131,953
10894,1132,954
10895,1132,954
10896,1132,954
10897,1132,954
10898,1132,954
10899,1132,954
10900,1132,954
10901,1132,954
10902,1132,954
10903,103,80;972
10904,435,351
10905,104,80;973
10906,97,76;80
10907,140,106;432
10908,130,99
10909,130,99
10910,130,99
10911,1133,955
10912,1133,955
10913,1133,955
10914,1133,955
10915,1133,955
10916,1134,956
10917,1134,956
10918,1134,956
10919,1134,956
10920,1134,956
10921,1134,956
10922,649,519
10923,649,519
10924,648,518
10925,648,518
10926,100,78
10927,100,78
10928,852,700
10929,852,700
10930,852,700
10931,853,700;980
10932,852,700
10933,852,700
10934,852,700
10935,438,354
10936,444,360
10937,438,354
10938,445,361
10939,438,354
10940,855,702
10941,855,702
10942,858,705
10943,868,710
10944,868,710
10945,868,710
10946,641,514
10947,1135,957
10948,1136,958
10949,1136,958
10950,1137,959
10951,1135,957
10952,1135,957
10953,1090,913
10954,1137,959
10955,1078,901
10956,1090,913
10957,1137,959
10958,1137,959
10959,1080,903
10960,1108,930
10961,1108,930
10962,1080,903
10963,1108,930
10964,678,547
10965,533,437
10966,538,442
10967,533,437
10968,533,437
10969,62,54
10970,62,54
10971,637,510
10972,1138,960
10973,1138,960
10974,670,540
10975,670,540
10976,671,541
10977,524,427;541
10978,671,541
10979,1138,960
10980,671,541
10981,671,541
10982,1138,960
10983,1090,913
10984,1090,913
10985,1139,961
10986,1139,961
10987,1139,961
10988,1139,961
10989,1139,961
10990,1139,961
10991,1137,959
10992,1140,962
10993,1140,962
10994,1140,962
10995,1141,963
10996,1142,964
10997,1142,964
10998,1137,959
10999,1137,959
11000,1137,959
11001,1143,965
11002,1136,958
11003,1143,965
11004,1136,958
11005,1083,906
11006,1143,965
11007,1135,957
11008,1141,963
11009,1136,958
11010,1083,906
11011,1135,957
11012,105,81
11013,105,81
11014,657,527
11015,658,528
11016,659,529
11017,658,528
11018,658,528
11019,659,529
11020,658,528
11021,247,194
11022,248,195
11023,249,196
11024,338,266
11025,332,260
11026,73,61;1283
11027,334,262
11028,334,262
11029,339,267
11030,249,196
11031,280,222
11032,338,266
11033,339,267
11034,70,61
11035,73,61;1283
11036,1089,912
11037,1089,912
11038,1088,911
11039,132,101
11040,132,101
11041,127,96
11042,127,96
11043,132,101
11044,127,96
11045,132,101
11046,132,101
11047,126,95
11048,127,96
11049,130,99
11050,130,99
11051,805,659;734
11052,1137,959
11053,1137,959
11054,1137,959
11055,274,217
11056,719,582
11057,719,582
11058,274,217
11059,171,130
11060,263,207
11061,262,206
11062,324,252
11063,249,196
11064,249,196
11065,249,196
11066,333,261
11067,331,259
11068,331,259
11069,335,263
11070,337,265
11071,565,466
11072,566,467
11073,572,471
11074,571,470
11075,571,470
11076,572,471
11077,567,468
11078,580,478
11079,580,478
11080,671,541
11081,671,541
11082,1089,912
11083,225,174
11084,1089,912
11085,671,541
11086,225,174
11087,1089,912
11088,1088,911
11089,1089,912
11090,1088,911
11091,672,542
11092,1088,911
11093,672,542
11094,678,547
11095,1144,966
11096,673,543
11097,674,544
11098,676,546
11099,330,258
11100,249,196
11101,332,260
11102,555,459
11103,551,455
11104,556,460
11105,556,460
11106,556,460
11107,663,533
11108,662,532
11109,663,533
11110,304,237
11111,664,534
11112,95,75
11113,95,75
11114,87,69
11115,87,69
11116,87,69
11117,86,68
11118,88,70
11119,88,70
11120,88,70
11121,88,70
11122,88,70
11123,182,140
11124,444,360
11125,438,354
11126,438,354
11127,438,354
11128,445,361
11129,1145,967
11130,1145,967
11131,1145,967
11132,1146,968
11133,1146,968
11134,1069,892
11135,1146,968
11136,1146,968
11137,646,516;969
11138,1069,892
11139,1069,892
11140,1069,892
11141,1146,968
11142,1146,968
11143,646,516;969
11144,870,712
11145,870,712
11146,870,712
11147,870,712
11148,1147,969
11149,870,712
11150,870,712
11151,870,712
11152,646,516;969
11153,1147,969
11154,320,248
11155,324,252
11156,500,406
11157,500,406
11158,500,406
11159,533,437
11160,500,406
11161,500,406
11162,500,406
11163,500,406
11164,253,200
11165,1088,911
11166,253,200
11167,1108,930
11168,1108,930
11169,1108,930
11170,1108,930
11171,1108,930
11172,1108,930
11173,1108,930
11174,1108,930
11175,672,542
11176,762,624
11177,764,626
11178,764,626
11179,766,628
11180,764,626
11181,766,628
11182,764,626
11183,764,626
11184,766,628
11185,427,345
11186,1148,970
11187,1148,970
11188,1148,970
11189,427,345
11190,1133,955
11191,1133,955
11192,1133,955
11193,1133,955
11194,426,344
11195,426,344
11196,426,344
11197,426,344
11198,426,344
11199,1149,971
11200,1149,971
11201,673,543
11202,1149,971
11203,1149,971
11204,1149,971
11205,1149,971
11206,673,543
11207,764,626
11208,1149,971
11209,1149,971
11210,763,625
11211,673,543
11212,766,628
11213,1133,955
11214,1133,955
11215,766,628
11216,81,65
11217,426,344
11218,426,344
11219,1149,971
11220,1149,971
11221,1149,971
11222,1149,971
11223,1148,970
11224,1148,970
11225,1148,970
11226,1148,970
11227,1148,970
11228,1148,970
11229,1149,971
11230,1149,971
11231,1149,971
11232,635,508
11233,635,508
11234,635,508
11235,635,508
11236,91,73
11237,91,73
11238,91,73
11239,91,73
11240,91,73
11241,80,64
11242,83,66
11243,83,66
11244,83,66
11245,83,66
11246,83,66
11247,94,74;384;508
11248,93,74;384
11249,92,74
11250,92,74
11251,92,74
11252,59,51
11253,59,51
11254,59,51
11255,59,51
11256,59,51
11257,278,221
11258,92,74
11259,93,74;384
11260,114,88
11261,114,88
11262,288,227
11263,1091,914
11264,1091,914
11265,64,56
11266,1091,914
11267,1091,914
11268,1091,914
11269,1091,914
11270,64,56
11271,575,473
11272,580,478
11273,634,507
11274,634,507
11275,634,507
11276,634,507
11277,131,100
11278,131,100
11279,131,100
11280,1150,972
11281,1150,972
11282,1150,972
11283,1151,973
11284,1151,973
11285,1151,973
11286,1151,973
11287,1151,973
11288,1151,973
11289,105,81
11290,105,81
11291,638,511
11292,638,511
11293,638,511
11294,638,511
11295,637,510
11296,107,83
11297,637,510
11298,107,83
11299,107,83
11300,637,510
11301,108,84
11302,108,84
11303,109,84;960
11304,108,84
11305,1152,974
11306,1152,974
11307,1152,974
11308,181,139
11309,138,105
11310,138,105
11311,138,105
11312,138,105
11313,138,105
11314,125,94
11315,120,92
11316,1150,972
11317,1150,972
11318,1150,972
11319,1149,971
11320,566,467
11321,434,350
11322,434,350
11323,434,350
11324,434,350
11325,434,350
11326,434,350
11327,124,93;350
11328,807,661
11329,807,661
11330,123,93;349
11331,138,105
11332,486,394
11333,486,394
11334,486,394
11335,676,546
11336,753,615
11337,675,545
11338,753,615
11339,753,615
11340,675,545
11341,675,545
11342,754,616
11343,754,616
11344,754,616
11345,754,616
11346,95,75
11347,95,75
11348,95,75
11349,86,68
11350,87,69
11351,87,69
11352,87,69
11353,88,70
11354,88,70
11355,88,70
11356,88,70
11357,88,70
11358,88,70
11359,88,70
11360,1153,975
11361,1153,975
11362,1153,975
11363,1153,975
11364,1153,975
11365,1153,975
11366,90,72
11367,90,72
11368,90,72
11369,89,71
11370,90,72
11371,90,72
11372,89,71
11373,90,72
11374,90,72
11375,90,72
11376,90,72
11377,90,72
11378,90,72
11379,89,71
11380,89,71
11381,1154,976
11382,1154,976
11383,1154,976
11384,1154,976
11385,1154,976
11386,58,50
11387,58,50
11388,58,50
11389,58,50
11390,58,50
11391,1092,915
11392,58,50
11393,1092,915
11394,1092,915
11395,1092,915
11396,1092,915
11397,868,710
11398,868,710
11399,869,711
11400,750,612
11401,747,609
11402,747,609
11403,747,609
11404,747,609
11405,747,609
11406,443,359
11407,443,359
11408,443,359
11409,443,359
11410,443,359
11411,443,359
11412,443,359
11413,443,359
11414,443,359
11415,443,359
11416,649,519
11417,649,519
11418,649,519
11419,648,518
11420,648,518
11421,848,696
11422,848,696
11423,848,696
11424,848,696
11425,1155,977
11426,1155,977
11427,1155,977
11428,1155,977
11429,1155,977
11430,1156,978
11431,1156,978
11432,1156,978
11433,1156,978
11434,1156,978
11435,1156,978
11436,1156,978
11437,1156,978
11438,1156,978
11439,1156,978
11440,1156,978
11441,1156,978
11442,1157,979
11443,849,697
11444,1157,979
11445,1157,979
11446,1157,979
11447,437,353
11448,1157,979
11449,437,353
11450,1156,978
11451,437,353
11452,437,353
11453,437,353
11454,437,353
11455,437,353
11456,437,353
11457,1157,979
11458,1157,979
11459,849,697
11460,437,353
11461,849,697
11462,437,353
11463,850,698
11464,850,698
11465,850,698
11466,850,698
11467,850,698
11468,851,699
11469,851,699
11470,851,699
11471,851,699
11472,851,699
11473,851,699
11474,853,700;980
11475,852,700
11476,527,430
11477,527,430
11478,527,430
11479,1158,980
11480,460,375
11481,1158,980
11482,1159,981
11483,460,375
11484,1159,981
11485,460,375
11486,460,375
11487,1159,981
11488,460,375
11489,1159,981
11490,1159,981
11491,1159,981
11492,1159,981
11493,1159,981
11494,441,357
11495,441,357
11496,647,517
11497,647,517
11498,438,354
11499,438,354
11500,446,362
11501,854,701
11502,854,701
11503,854,701
11504,854,701
11505,855,702
11506,855,702
11507,855,702
11508,855,702
11509,858,705
11510,858,705
11511,858,705
11512,1160,982
11513,1160,982
11514,1160,982
11515,1160,982
11516,1160,982
11517,859,706
11518,859,706
11519,1161,983
11520,1161,983
11521,1161,983
11522,1161,983
11523,859,706
11524,1161,983
11525,859,706
11526,859,706
11527,861,707
11528,1162,984
11529,1163,984;985
11530,863,707;985
11531,861,707
11532,861,707
11533,1162,984
11534,861,707
11535,861,707
11536,1162,984
11537,1162,984
11538,1163,984;985
11539,861,707
11540,857,704
11541,857,704
11542,857,704
11543,867,709;983
11544,857,704
11545,1164,985
11546,865,708;985
11547,1164,985
11548,865,708;985
11549,1164,985
11550,1164,985
11551,437,353
11552,437,353
11553,704,569
11554,413,334
11555,704,569
11556,704,569
11557,181,139
11558,257,203
11559,257,203
11560,968,802
11561,968,802
11562,968,802
11563,968,802
11564,968,802
11565,946,782
11566,1165,986
11567,1165,986
11568,1165,986
11569,1166,986;1074
11570,1165,986
11571,1165,986
11572,1165,986
11573,1165,986
11574,1165,986
11575,1166,986;1074
11576,1165,986
11577,1165,986
11578,1166,986;1074
11579,1165,986
11580,1165,986
11581,1165,986
11582,1167,987
11583,1167,987
11584,1093,916
11585,1093,916
11586,1093,916
11587,1093,916
11588,1093,916
11589,1096,918;988
11590,1093,916
11591,1169,988
11592,143,108
11593,143,108
11594,143,108
11595,143,108
11596,1169,988
11597,1169,988
11598,1169,988
11599,1167,987
11600,1169,988
11601,1096,918;988
11602,469,381
11603,100,78
11604,780,642
11605,780,642
11606,780,642
11607,518,423
11608,780,642
11609,518,423
11610,780,642
11611,780,642
11612,1099,921
11613,1099,921
11614,529,433
11615,1099,921
11616,529,433
11617,529,433
11618,1101,923
11619,1101,923
11620,1101,923
11621,1101,923
11622,1101,923
11623,1170,989
11624,1101,923
11625,1101,923
11626,1170,989
11627,1101,923
11628,1170,989
11629,1170,989
11630,1170,989
11631,1170,989
11632,1170,989
11633,1170,989
11634,1101,923
11635,1170,989
11636,1101,923
11637,1101,923
11638,1170,989
11639,1101,923
11640,1170,989
11641,1101,923
11642,1101,923
11643,1099,921
11644,1099,921
11645,1099,921
11646,1099,921
11647,1099,921
11648,1099,921
11649,1099,921
11650,1099,921
11651,1099,921
11652,1171,990
11653,1171,990
11654,1099,921
11655,1171,990
11656,1169,988
11657,590,485;488
11658,589,485
11659,589,485
11660,589,485
11661,591,485;489
11662,595,489
11663,595,489
11664,595,489
11665,595,489
11666,1172,991
11667,1172,991
11668,1172,991
11669,1172,991
11670,1173,992
11671,1173,992
11672,1173,992
11673,1174,993
11674,1174,993
11675,1174,993
11676,1174,993
11677,12,9
11678,12,9
11679,12,9
11680,12,9
11681,12,9
11682,11,8
11683,11,8
11684,823,674
11685,11,8
11686,823,674
11687,823,674
11688,823,674
11689,823,674
11690,823,674
11691,823,674
11692,823,674
11693,823,674
11694,838,687
11695,827,677
11696,838,687
11697,838,687
11698,838,687
11699,830,680
11700,468,380
11701,468,380
11702,468,380
11703,468,380
11704,843,691
11705,843,691
11706,843,691
11707,843,691
11708,843,691
11709,627,501;505
11710,632,505
11711,843,691
11712,632,505
11713,843,691
11714,628,501;691
11715,1175,994
11716,1175,994
11717,1176,994;1059
11718,582,480
11719,387,311;314
11720,386,311
11721,390,314
11722,389,313
11723,389,313
11724,388,312
11725,388,312
11726,392,316
11727,395,318
11728,393,317
11729,397,320
11730,393,317
11731,397,320
11732,394,317;318
11733,397,320
11734,395,318
11735,397,320
11736,393,317
11737,393,317
11738,411,332
11739,400,323
11740,411,332
11741,411,332
11742,411,332
11743,400,323
11744,411,332
11745,400,323
11746,400,323
11747,411,332
11748,507,413
11749,507,413
11750,507,413
11751,507,413
11752,507,413
11753,507,413
11754,485,393
11755,485,393
11756,796,654
11757,796,654
11758,485,393
11759,889,729
11760,889,729
11761,889,729
11762,889,729
11763,889,729
11764,889,729
11765,889,729
11766,889,729
11767,763,625
11768,763,625
11769,657,527
11770,657,527
11771,657,527
11772,657,527
11773,656,526
11774,656,526
11775,656,526
11776,658,528
11777,658,528
11778,658,528
11779,1177,995
11780,59,51
11781,984,814
11782,984,814
11783,984,814
11784,990,820
11785,984,814
11786,1006,834
11787,1006,834
11788,1062,885
11789,1062,885
11790,1062,885
11791,878,718
11792,878,718
11793,1062,885
11794,997,827
11795,1006,834
11796,1006,834
11797,1006,834
11798,990,820
11799,272,215
11800,272,215
11801,324,252
11802,652,522
11803,652,522
11804,1083,906
11805,1083,906
11806,1083,906
11807,1083,906
11808,1083,906
11809,1083,906
11810,1083,906
11811,682,550
11812,176,134
11813,650,520
11814,249,196
11815,650,520
11816,247,194
11817,247,194
11818,249,196
11819,671,541
11820,671,541
11821,176,134
11822,670,540
11823,524,427;541
11824,338,266
11825,336,264
11826,1178,996
11827,635,508
11828,635,508
11829,97,76;80
11830,96,76
11831,97,76;80
11832,103,80;972
11833,104,80;973
11834,1150,972
11835,103,80;972
11836,26,22
11837,848,696
11838,848,696
11839,848,696
11840,1157,979
11841,1157,979
11842,1157,979
11843,1157,979
11844,1155,977
11845,635,508
11846,635,508
11847,1155,977
11848,1155,977
11849,635,508
11850,635,508
11851,635,508
11852,1157,979
11853,1157,979
11854,1157,979
11855,477,387;508
11856,635,508
11857,635,508
11858,1157,979
11859,788,650
11860,852,700
11861,788,650
11862,852,700
11863,852,700
11864,852,700
11865,852,700
11866,527,430
11867,527,430
11868,527,430
11869,527,430
11870,1158,980
11871,1158,980
11872,1158,980
11873,1158,980
11874,460,375
11875,852,700
11876,850,698
11877,855,702
11878,855,702
11879,855,702
11880,855,702
11881,855,702
11882,858,705
11883,858,705
11884,1160,982
11885,1160,982
11886,1160,982
11887,1160,982
11888,1160,982
11889,1160,982
11890,859,706
11891,859,706
11892,860,706;709
11893,859,706
11894,441,357
11895,441,357
11896,647,517
11897,439,355
11898,153,113
11899,488,396
11900,153,113
11901,153,113
11902,153,113
11903,153,113
11904,153,113
11905,594,488
11906,594,488
11907,594,488
11908,594,488
11909,594,488
11910,594,488
11911,594,488
11912,153,113
11913,153,113
11914,594,488
11915,594,488
11916,153,113
11917,153,113
11918,153,113
11919,153,113
11920,153,113
11921,594,488
11922,382,307
11923,382,307
11924,382,307
11925,371,297
11926,371,297
11927,371,297
11928,225,174
11929,671,541
11930,225,174
11931,225,174
11932,538,442
11933,683,551
11934,682,550
11935,100,78
11936,447,363
11937,1147,969
11938,1147,969
11939,101,78;79
11940,644,515;969
11941,645,516;967
11942,12,9
11943,12,9
11944,379,304;305
11945,380,305
11946,378,304
11947,354,282
11948,354,282
11949,354,282
11950,1179,997
11951,354,282
11952,1179,997
11953,1179,997
11954,1179,997
11955,1180,998
11956,354,282
11957,354,282
11958,1179,997
11959,354,282
11960,1179,997
11961,1179,997
11962,1180,998
11963,354,282
11964,1179,997
11965,1179,997
11966,1179,997
11967,1179,997
11968,1180,998
11969,1180,998
11970,1180,998
11971,393,317
11972,13,10
11973,13,10
11974,227,176
11975,227,176
11976,227,176
11977,229,177
11978,229,177
11979,229,177
11980,234,182
11981,23,19
11982,453,369
11983,491,399
11984,274,217
11985,274,217
11986,274,217
11987,306,239
11988,305,238
11989,272,215
11990,305,238
11991,317,246
11992,317,246
11993,317,246
11994,315,245
11995,315,245
11996,317,246
11997,306,239
11998,306,239
11999,272,215
12000,298,232
12001,315,245
12002,315,245
12003,740,601
12004,315,245
12005,740,601
12006,308,240
12007,740,601
12008,1181,999
12009,1181,999
12010,1181,999
12011,1181,999
12012,1181,999
12013,1181,999
12014,1181,999
12015,1181,999
12016,1182,1000
12017,1182,1000
12018,1181,999
12019,1181,999
12020,1182,1000
12021,1181,999
12022,1181,999
12023,1182,1000
12024,1181,999
12025,1181,999
12026,1181,999
12027,1181,999
12028,272,215
12029,1182,1000
12030,317,246
12031,1182,1000
12032,1182,1000
12033,1182,1000
12034,1182,1000
12035,1182,1000
12036,1182,1000
12037,1182,1000
12038,1182,1000
12039,1182,1000
12040,1182,1000
12041,1182,1000
12042,317,246
12043,318,246;424
12044,317,246
12045,318,246;424
12046,265,209
12047,325,253
12048,326,254
12049,327,255
12050,327,255
12051,326,254
12052,276,219
12053,327,255
12054,327,255
12055,327,255
12056,327,255
12057,327,255
12058,327,255
12059,326,254
12060,327,255
12061,327,255
12062,327,255
12063,327,255
12064,326,254
12065,327,255
12066,654,524
12067,652,522
12068,652,522
12069,181,139
12070,179,137
12071,659,529
12072,659,529
12073,659,529
12074,659,529
12075,658,528
12076,652,522
12077,530,434
12078,530,434
12079,663,533
12080,663,533
12081,663,533
12082,552,456
12083,552,456
12084,583,481
12085,583,481
12086,583,481
12087,23,19
12088,23,19
12089,1138,960
12090,1138,960
12091,1138,960
12092,484,392
12093,484,392
12094,484,392
12095,109,84;960
12096,1138,960
12097,1183,1001
12098,1183,1001
12099,1183,1001
12100,1183,1001
12101,1183,1001
12102,1183,1001
12103,1183,1001
12104,1183,1001
12105,1183,1001
12106,1183,1001
12107,1183,1001
12108,154,114
12109,490,398
12110,490,398
12111,154,114
12112,489,397
12113,489,397
12114,489,397
12115,490,398
12116,490,398
12117,489,397
12118,490,398
12119,496,402
12120,496,402
12121,496,402
12122,495,401;602
12123,739,600
12124,739,600
12125,223,172
12126,222,171
12127,496,402
12128,496,402
12129,494,401
12130,464,377
12131,739,600
12132,489,397
12133,489,397
12134,222,171
12135,448,364
12136,447,363
12137,223,172
12138,220,169
12139,739,600
12140,222,171
12141,731,594
12142,731,594
12143,731,594
12144,731,594
12145,732,595
12146,732,595
12147,732,595
12148,730,593
12149,730,593
12150,730,593
12151,730,593
12152,489,397
12153,496,402
12154,489,397
12155,739,600
12156,223,172
12157,226,175
12158,226,175
12159,730,593
12160,732,595
12161,732,595
12162,719,582
12163,348,276
12164,348,276
12165,743,605
12166,743,605
12167,348,276
12168,743,605
12169,731,594
12170,730,593
12171,730,593
12172,731,594
12173,732,595
12174,732,595
12175,732,595
12176,732,595
12177,348,276
12178,348,276
12179,719,582
12180,719,582
12181,740,601
12182,463,376
12183,463,376
12184,463,376
12185,743,605
12186,731,594
12187,732,595
12188,730,593
12189,732,595
12190,730,593
12191,740,601
12192,718,581
12193,463,376
12194,718,581
12195,501,407
12196,500,406
12197,503,409
12198,348,276
12199,348,276
12200,740,601
12201,463,376
12202,719,582
12203,740,601
12204,738,599
12205,503,409
12206,502,408
12207,502,408
12208,738,599
12209,738,599
12210,503,409
12211,503,409
12212,1184,1002
12213,738,599
12214,1184,1002
12215,1184,1002
12216,1184,1002
12217,1184,1002
12218,1184,1002
12219,1184,1002
12220,1184,1002
12221,738,599
12222,502,408
12223,1184,1002
12224,1184,1002
12225,1184,1002
12226,1184,1002
12227,738,599
12228,1184,1002
12229,1185,1003
12230,1184,1002
12231,1185,1003
12232,1185,1003
12233,1185,1003
12234,1185,1003
12235,451,367
12236,724,587
12237,451,367
12238,450,366
12239,451,367
12240,724,587
12241,725,588
12242,725,588
12243,450,366
12244,353,281
12245,353,281
12246,353,281
12247,1184,1002
12248,1184,1002
12249,1185,1003
12250,1185,1003
12251,1184,1002
12252,1184,1002
12253,1185,1003
12254,1185,1003
12255,451,367
12256,1185,1003
12257,1185,1003
12258,450,366
12259,428,346
12260,299,233
12261,299,233
12262,112,87
12263,112,87
12264,118,90
12265,118,90
12266,118,90
12267,299,233
12268,114,88
12269,114,88
12270,299,233
12271,112,87
12272,112,87
12273,288,227
12274,118,90
12275,4,3
12276,114,88
12277,472,384
12278,112,87
12279,118,90
12280,118,90
12281,114,88
12282,114,88
12283,118,90
12284,112,87
12285,118,90
12286,118,90
12287,476,387
12288,1178,996
12289,1178,996
12290,1178,996
12291,478,387;996
12292,478,387;996
12293,1178,996
12294,1178,996
12295,1178,996
12296,478,387;996
12297,1186,1004
12298,1187,1005
12299,1187,1005
12300,1186,1004
12301,1187,1005
12302,1186,1004
12303,1187,1005
12304,93,74;384
12305,1187,1005
12306,92,74
12307,1186,1004
12308,1186,1004
12309,1187,1005
12310,1186,1004
12311,1187,1005
12312,1187,1005
12313,1187,1005
12314,1186,1004
12315,1186,1004
12316,1187,1005
12317,1186,1004
12318,1186,1004
12319,1186,1004
12320,1186,1004
12321,84,67
12322,478,387;996
12323,1178,996
12324,1178,996
12325,1178,996
12326,1178,996
12327,1178,996
12328,1186,1004
12329,1178,996
12330,1187,1005
12331,1178,996
12332,1178,996
12333,1178,996
12334,1187,1005
12335,633,506
12336,1178,996
12337,93,74;384
12338,92,74
12339,1178,996
12340,634,507
12341,634,507
12342,91,73
12343,91,73
12344,91,73
12345,80,64
12346,1178,996
12347,478,387;996
12348,1178,996
12349,478,387;996
12350,1187,1005
12351,1187,1005
12352,1187,1005
12353,1187,1005
12354,1186,1004
12355,83,66
12356,1186,1004
12357,83,66
12358,60,52
12359,83,66
12360,91,73
12361,83,66
12362,60,52
12363,1188,1006
12364,1091,914
12365,1091,914
12366,1091,914
12367,59,51
12368,59,51
12369,1091,914
12370,1091,914
12371,1091,914
12372,430,348
12373,59,51
12374,1189,1006;1007
12375,59,51
12376,1188,1006
12377,1188,1006
12378,64,56
12379,65,57
12380,1190,1007
12381,430,348
12382,65,57
12383,1190,1007
12384,64,56
12385,430,348
12386,65,57
12387,1190,1007
12388,1189,1006;1007
12389,65,57
12390,61,53
12391,1190,1007
12392,61,53
12393,66,58
12394,720,583
12395,724,587
12396,725,588
12397,725,588
12398,720,583
12399,724,587
12400,1178,996
12401,1187,1005
12402,92,74
12403,1187,1005
12404,1178,996
12405,1187,1005
12406,93,74;384
12407,1187,1005
12408,91,73
12409,93,74;384
12410,83,66
12411,91,73
12412,93,74;384
12413,83,66
12414,633,506
12415,59,51
12416,91,73
12417,633,506
12418,92,74
12419,432,348;1006
12420,1188,1006
12421,1188,1006
12422,633,506
12423,83,66
12424,60,52
12425,1190,1007
12426,1189,1006;1007
12427,1188,1006
12428,1190,1007
12429,1190,1007
12430,1190,1007
12431,64,56
12432,59,51
12433,65,57
12434,64,56
12435,1091,914
12436,1091,914
12437,59,51
12438,59,51
12439,382,307
12440,382,307
12441,64,56
12442,382,307
12443,1091,914
12444,65,57
12445,1091,914
12446,1190,1007
12447,1188,1006
12448,60,52
12449,61,53
12450,1190,1007
12451,1190,1007
12452,1188,1006
12453,1190,1007
12454,60,52
12455,1190,1007
12456,430,348
12457,430,348
12458,65,57
12459,61,53
12460,65,57
12461,382,307
12462,724,587
12463,724,587
12464,723,586
12465,720,583
12466,405,326;329
12467,404,326
12468,404,326
12469,404,326
12470,404,326
12471,410,331
12472,409,330
12473,409,330
12474,409,330
12475,409,330
12476,409,330
12477,1191,1008
12478,1191,1008
12479,1191,1008
12480,1191,1008
12481,1191,1008
12482,1191,1008
12483,1046,871
12484,1192,1009
12485,1192,1009
12486,1192,1009
12487,1192,1009
12488,1046,871
12489,1192,1009
12490,1046,871
12491,1046,871
12492,814,666
12493,1192,1009
12494,813,665
12495,813,665
12496,814,666
12497,813,665
12498,814,666
12499,813,665
12500,813,665
12501,1193,1010
12502,1193,1010
12503,1193,1010
12504,1193,1010
12505,1193,1010
12506,1193,1010
12507,1050,875
12508,1050,875
12509,1050,875
12510,806,660
12511,1048,873
12512,1050,875
12513,1048,873
12514,806,660
12515,806,660
12516,1050,875
12517,1050,875
12518,1050,875
12519,1048,873
12520,1048,873
12521,1048,873
12522,1043,868
12523,1048,873
12524,1051,876
12525,1043,868
12526,1051,876
12527,1051,876
12528,1051,876
12529,1043,868
12530,1042,867
12531,1042,867
12532,1044,869
12533,1042,867
12534,1042,867
12535,1044,869
12536,1044,869
12537,1047,872
12538,1044,869
12539,1047,872
12540,1049,874
12541,1047,872
12542,1049,874
12543,1049,874
12544,1049,874
12545,1049,874
12546,1049,874
12547,1049,874
12548,1049,874
12549,1194,1011
12550,1194,1011
12551,1194,1011
12552,1194,1011
12553,1194,1011
12554,1194,1011
12555,1195,1012
12556,1195,1012
12557,1195,1012
12558,1195,1012
12559,1195,1012
12560,814,666
12561,813,665
12562,813,665
12563,813,665
12564,814,666
12565,813,665
12566,814,666
12567,813,665
12568,1196,1013
12569,1196,1013
12570,1196,1013
12571,1196,1013
12572,1197,1014
12573,1197,1014
12574,1198,1015
12575,1197,1014
12576,1196,1013
12577,1197,1014
12578,1197,1014
12579,877,717
12580,877,717
12581,877,717
12582,877,717
12583,877,717
12584,1048,873
12585,806,660
12586,1050,875
12587,1048,873
12588,1050,875
12589,1050,875
12590,806,660
12591,1043,868
12592,1043,868
12593,1043,868
12594,1049,874
12595,1043,868
12596,1048,873
12597,1049,874
12598,1043,868
12599,1049,874
12600,1049,874
12601,1049,874
12602,1199,1016
12603,1199,1016
12604,1199,1016
12605,1199,1016
12606,1200,1017
12607,1199,1016
12608,1199,1016
12609,1199,1016
12610,1200,1017
12611,1199,1016
12612,1200,1017
12613,1200,1017
12614,1200,1017
12615,1200,1017
12616,812,664;1018
12617,1201,1018
12618,812,664;1018
12619,1201,1018
12620,1201,1018
12621,812,664;1018
12622,1201,1018
12623,812,664;1018
12624,1201,1018
12625,812,664;1018
12626,820,672
12627,812,664;1018
12628,820,672
12629,812,664;1018
12630,812,664;1018
12631,811,664
12632,1201,1018
12633,811,664
12634,1201,1018
12635,811,664
12636,697,564
12637,698,564;671
12638,702,568
12639,702,568
12640,701,567
12641,701,567
12642,807,661
12643,807,661
12644,807,661
12645,1202,1019
12646,1203,1020
12647,1202,1019
12648,1202,1019
12649,1202,1019
12650,1202,1019
12651,1203,1020
12652,1203,1020
12653,1203,1020
12654,1203,1020
12655,1203,1020
12656,1202,1019
12657,1203,1020
12658,1204,1021
12659,1204,1021
12660,1204,1021
12661,1204,1021
12662,1204,1021
12663,1204,1021
12664,1204,1021
12665,1204,1021
12666,1204,1021
12667,1204,1021
12668,1204,1021
12669,1204,1021
12670,1204,1021
12671,1204,1021
12672,1204,1021
12673,708,572
12674,707,571
12675,710,574
12676,709,573
12677,708,572
12678,710,574
12679,710,574
12680,1205,1022
12681,1205,1022
12682,1205,1022
12683,1205,1022
12684,1205,1022
12685,1207,1023
12686,1207,1023
12687,1207,1023
12688,1207,1023
12689,1207,1023
12690,1207,1023
12691,1207,1023
12692,1207,1023
12693,1207,1023
12694,1207,1023
12695,1207,1023
12696,710,574
12697,710,574
12698,710,574
12699,710,574
12700,710,574
12701,708,572
12702,708,572
12703,717,580
12704,717,580
12705,717,580
12706,1208,1024
12707,717,580
12708,717,580
12709,717,580
12710,1208,1024
12711,1208,1024
12712,1208,1024
12713,1208,1024
12714,1208,1024
12715,1208,1024
12716,1208,1024
12717,1208,1024
12718,413,334
12719,415,335
12720,415,335
12721,415,335
12722,421,339
12723,421,339
12724,421,339
12725,421,339
12726,421,339
12727,421,339
12728,421,339
12729,421,339
12730,420,338
12731,421,339
12732,420,338
12733,421,339
12734,13,10
12735,13,10
12736,13,10
12737,13,10
12738,13,10
12739,712,575;576
12740,712,575;576
12741,1209,1025
12742,1209,1025
12743,1209,1025
12744,1209,1025
12745,1209,1025
12746,1209,1025
12747,712,575;576
12748,712,575;576
12749,1210,1026
12750,1210,1026
12751,1209,1025
12752,1210,1026
12753,1209,1025
12754,1210,1026
12755,714,577
12756,1210,1026
12757,714,577
12758,714,577
12759,714,577
12760,714,577
12761,714,577
12762,714,577
12763,1211,1027
12764,1211,1027
12765,1211,1027
12766,1211,1027
12767,1212,1028
12768,1212,1028
12769,1212,1028
12770,1212,1028
12771,1212,1028
12772,1212,1028
12773,1213,1029
12774,1213,1029
12775,1213,1029
12776,1213,1029
12777,1214,1030
12778,1214,1030
12779,1214,1030
12780,1213,1029
12781,1214,1030
12782,1214,1030
12783,1214,1030
12784,1214,1030
12785,1215,1031
12786,1215,1031
12787,1215,1031
12788,1216,1032
12789,1216,1032
12790,1215,1031
12791,1216,1032
12792,1215,1031
12793,1217,1033
12794,1217,1033
12795,1217,1033
12796,1177,995
12797,1177,995
12798,1217,1033
12799,1218,1034
12800,1177,995
12801,1177,995
12802,1217,1033
12803,1177,995
12804,1218,1034
12805,1218,1034
12806,1218,1034
12807,1219,1035
12808,1219,1035
12809,1220,1036
12810,1219,1035
12811,1218,1034
12812,1220,1036
12813,1220,1036
12814,1220,1036
12815,1220,1036
12816,1220,1036
12817,1218,1034
12818,1220,1036
12819,1219,1035
12820,1219,1035
12821,1219,1035
12822,1221,1037
12823,1221,1037
12824,1221,1037
12825,1221,1037
12826,1221,1037
12827,1221,1037
12828,1221,1037
12829,1221,1037
12830,1221,1037
12831,1221,1037
12832,1221,1037
12833,1221,1037
12834,1221,1037
12835,1222,1038
12836,1222,1038
12837,1222,1038
12838,1222,1038
12839,1222,1038
12840,1128,950
12841,686,554
12842,1128,950
12843,686,554
12844,686,554
12845,686,554
12846,686,554
12847,1114,936
12848,1057,880
12849,1057,880
12850,1057,880
12851,1057,880
12852,1223,1039
12853,1223,1039
12854,1223,1039
12855,1057,880
12856,1223,1039
12857,1223,1039
12858,1223,1039
12859,1223,1039
12860,1125,947
12861,1125,947
12862,1126,948
12863,1125,947
12864,1126,948
12865,34,30
12866,1127,949
12867,1224,1040
12868,1224,1040
12869,1224,1040
12870,1224,1040
12871,1224,1040
12872,1225,1041
12873,1224,1040
12874,1224,1040
12875,1225,1041
12876,1225,1041
12877,1225,1041
12878,1225,1041
12879,1225,1041
12880,1225,1041
12881,1225,1041
12882,1225,1041
12883,1226,1041;1043
12884,1225,1041
12885,1225,1041
12886,1227,1042
12887,1227,1042
12888,1229,1043;1180
12889,1230,1044
12890,1227,1042
12891,1225,1041
12892,1227,1042
12893,1225,1041
12894,1227,1042
12895,1225,1041
12896,35,30;1043
12897,1227,1042
12898,1230,1044
12899,1230,1044
12900,1230,1044
12901,1230,1044
12902,1230,1044
12903,1230,1044
12904,1230,1044
12905,1230,1044
12906,1122,944
12907,1122,944
12908,1122,944
12909,1122,944
12910,1122,944
12911,1122,944
12912,1122,944
12913,1122,944
12914,1122,944
12915,1123,945
12916,1123,945
12917,1124,946
12918,1124,946
12919,1124,946
12920,1124,946
12921,1124,946
12922,1124,946
12923,1122,944
12924,1122,944
12925,1122,944
12926,497,403
12927,120,92
12928,120,92
12929,120,92
12930,649,519
12931,125,94
12932,649,519
12933,108,84
12934,89,71
12935,89,71
12936,86,68
12937,95,75
12938,95,75
12939,108,84
12940,108,84
12941,108,84
12942,108,84
12943,108,84
12944,108,84
12945,638,511
12946,638,511
12947,638,511
12948,638,511
12949,638,511
12950,638,511
12951,640,513
12952,640,513
12953,640,513
12954,640,513
12955,640,513
12956,640,513
12957,640,513
12958,640,513
12959,640,513
12960,640,513
12961,640,513
12962,58,50
12963,91,73
12964,89,71
12965,89,71
12966,89,71
12967,86,68
12968,90,72
12969,88,70
12970,88,70
12971,86,68
12972,95,75
12973,95,75
12974,95,75
12975,680,548;733
12976,892,732
12977,892,732
12978,804,659;732
12979,652,522
12980,1231,1045
12981,1231,1045
12982,1231,1045
12983,1231,1045
12984,1231,1045
12985,1231,1045
12986,1231,1045
12987,1231,1045
12988,1231,1045
12989,1231,1045
12990,1231,1045
12991,1231,1045
12992,1231,1045
12993,1231,1045
12994,1231,1045
12995,333,261
12996,333,261
12997,333,261
12998,333,261
12999,333,261
13000,333,261
13001,333,261
13002,1232,1046
13003,1232,1046
13004,1232,1046
13005,1232,1046
13006,1232,1046
13007,1232,1046
13008,1232,1046
13009,1232,1046
13010,1232,1046
13011,1232,1046
13012,1232,1046
13013,1232,1046
13014,1232,1046
13015,1232,1046
13016,870,712
13017,870,712
13018,649,519
13019,649,519
13020,854,701
13021,854,701
13022,854,701
13023,855,702
13024,81,65
13025,877,717
13026,1046,871
13027,83,66
13028,1045,870
13029,1045,870
13030,1045,870
13031,1046,871
13032,1046,871
13033,1045,870
13034,1045,870
13035,1050,875
13036,469,381
13037,877,717
13038,91,73
13039,496,402
13040,496,402
13041,739,600
13042,739,600
13043,739,600
13044,220,169
13045,224,173
13046,731,594
13047,731,594
13048,730,593
13049,732,595
13050,744,606
13051,744,606
13052,744,606
13053,744,606
13054,744,606
13055,1233,1047
13056,1233,1047
13057,1233,1047
13058,1233,1047
13059,1233,1047
13060,1233,1047
13061,1233,1047
13062,1233,1047
13063,1233,1047
13064,1233,1047
13065,1233,1047
13066,726,589
13067,726,589
13068,827,677
13069,248,195
13070,247,194
13071,1234,1048
13072,1234,1048
13073,1234,1048
13074,1235,1048;1277
13075,1168,987;1074
13076,1167,987
13077,1236,1049
13078,1237,1050
13079,1236,1049
13080,1236,1049
13081,1236,1049
13082,1237,1050
13083,1236,1049
13084,776,638
13085,1236,1049
13086,1236,1049
13087,776,638
13088,776,638
13089,1237,1050
13090,1237,1050
13091,775,637
13092,1238,1051
13093,775,637
13094,1239,1052
13095,1239,1052
13096,1240,1053
13097,1238,1051
13098,1240,1053
13099,1240,1053
13100,1238,1051
13101,1239,1052
13102,775,637
13103,1237,1050
13104,1239,1052
13105,1240,1053
13106,1239,1052
13107,1238,1051
13108,1239,1052
13109,1239,1052
13110,1240,1053
13111,1238,1051
13112,775,637
13113,1239,1052
13114,1238,1051
13115,775,637
13116,775,637
13117,776,638
13118,372,298
13119,775,637
13120,775,637
13121,776,638
13122,775,637
13123,776,638
13124,776,638
13125,372,298
13126,776,638
13127,390,314
13128,386,311
13129,389,313
13130,381,306
13131,381,306
13132,381,306
13133,383,308
13134,389,313
13135,383,308
13136,389,313
13137,383,308
13138,383,308
13139,157,117
13140,157,117
13141,157,117
13142,157,117
13143,157,117
13144,157,117
13145,157,117
13146,157,117
13147,157,117
13148,157,117
13149,157,117
13150,157,117
13151,12,9
13152,11,8
13153,11,8
13154,11,8
13155,823,674
13156,33,29
13157,407,328
13158,407,328
13159,407,328
13160,407,328
13161,407,328
13162,407,328
13163,407,328
13164,407,328
13165,407,328
13166,1167,987
13167,1167,987
13168,835,684
13169,835,684
13170,835,684
13171,835,684
13172,835,684
13173,835,684
13174,835,684
13175,835,684
13176,835,684
13177,835,684
13178,835,684
13179,835,684
13180,835,684
13181,835,684
13182,835,684
13183,838,687
13184,838,687
13185,838,687
13186,838,687
13187,838,687
13188,838,687
13189,838,687
13190,838,687
13191,838,687
13192,838,687
13193,838,687
13194,838,687
13195,838,687
13196,838,687
13197,838,687
13198,838,687
13199,838,687
13200,838,687
13201,838,687
13202,823,674
13203,1239,1052
13204,1240,1053
13205,1240,1053
13206,837,686
13207,837,686
13208,837,686
13209,837,686
13210,837,686
13211,837,686
13212,837,686
13213,837,686
13214,837,686
13215,837,686
13216,837,686
13217,828,678
13218,828,678
13219,828,678
13220,828,678
13221,828,678
13222,828,678
13223,828,678
13224,490,398
13225,829,679
13226,829,679
13227,829,679
13228,829,679
13229,829,679
13230,829,679
13231,829,679
13232,829,679
13233,829,679
13234,829,679
13235,731,594
13236,1238,1051
13237,1238,1051
13238,1238,1051
13239,1238,1051
13240,732,595
13241,157,117
13242,1238,1051
13243,1238,1051
13244,480,389
13245,1097,919
13246,1097,919
13247,1170,989
13248,830,680
13249,830,680
13250,841,690
13251,830,680
13252,841,690
13253,842,690;1056
13254,844,692
13255,844,692
13256,844,692
13257,829,679
13258,829,679
13259,829,679
13260,829,679
13261,632,505
13262,632,505
13263,1241,1054
13264,1242,1055
13265,1242,1055
13266,599,490;1055
13267,1242,1055
13268,599,490;1055
13269,1241,1054
13270,1242,1055
13271,1242,1055
13272,1242,1055
13273,1242,1055
13274,599,490;1055
13275,1242,1055
13276,1242,1055
13277,838,687
13278,831,680;1056
13279,1243,1056
13280,1243,1056
13281,1243,1056
13282,1243,1056
13283,842,690;1056
13284,843,691
13285,632,505
13286,632,505
13287,631,504
13288,631,504
13289,1239,1052
13290,471,383
13291,471,383
13292,377,303
13293,377,303
13294,378,304
13295,378,304
13296,378,304
13297,378,304
13298,42,35
13299,895,735
13300,670,540
13301,670,540
13302,540,444
13303,544,448
13304,546,450
13305,567,468
13306,336,264
13307,336,264
13308,336,264
13309,336,264
13310,336,264
13311,336,264
13312,1122,944
13313,1122,944
13314,1244,1057
13315,1244,1057
13316,1244,1057
13317,1244,1057
13318,1244,1057
13319,1105,927
13320,1105,927
13321,1105,927
13322,1105,927
13323,389,313
13324,389,313
13325,391,315
13326,389,313
13327,391,315
13328,389,313
13329,389,313
13330,388,312
13331,1203,1020
13332,1203,1020
13333,1203,1020
13334,1203,1020
13335,1203,1020
13336,1203,1020
13337,1202,1019
13338,1245,1058
13339,1202,1019
13340,1202,1019
13341,1245,1058
13342,1202,1019
13343,1202,1019
13344,1245,1058
13345,1245,1058
13346,1245,1058
13347,878,718
13348,878,718
13349,1245,1058
13350,648,518
13351,649,519
13352,648,518
13353,648,518
13354,848,696
13355,848,696
13356,1155,977
13357,1155,977
13358,1155,977
13359,1155,977
13360,851,699
13361,851,699
13362,850,698
13363,850,698
13364,850,698
13365,850,698
13366,486,394
13367,486,394
13368,95,75
13369,86,68
13370,87,69
13371,87,69
13372,87,69
13373,88,70
13374,1153,975
13375,1153,975
13376,1153,975
13377,1153,975
13378,1153,975
13379,1153,975
13380,89,71
13381,89,71
13382,1154,976
13383,89,71
13384,1154,976
13385,1154,976
13386,1154,976
13387,245,192
13388,1156,978
13389,1156,978
13390,1156,978
13391,1156,978
13392,10,7
13393,10,7
13394,10,7
13395,10,7
13396,10,7
13397,10,7
13398,10,7
13399,10,7
13400,10,7
13401,10,7
13402,10,7
13403,657,527
13404,657,527
13405,1180,998
13406,1180,998
13407,354,282
13408,354,282
13409,1180,998
13410,1180,998
13411,1179,997
13412,1179,997
13413,1179,997
13414,354,282
13415,1175,994
13416,1175,994
13417,1175,994
13418,1175,994
13419,1175,994
13420,1175,994
13421,1175,994
13422,1246,1059
13423,1176,994;1059
13424,651,521
13425,179,137
13426,651,521
13427,715,578
13428,715,578
13429,715,578
13430,715,578
13431,199,152
13432,199,152
13433,199,152
13434,199,152
13435,199,152
13436,199,152
13437,772,634
13438,199,152
13439,199,152
13440,199,152
13441,199,152
13442,199,152
13443,772,634
13444,772,634
13445,1079,902
13446,1079,902
13447,772,634
13448,1079,902
13449,1079,902
13450,1079,902
13451,1079,902
13452,1079,902
13453,1079,902
13454,1079,902
13455,1079,902
13456,1079,902
13457,1079,902
13458,1079,902
13459,1079,902
13460,274,217
13461,274,217
13462,274,217
13463,259,204
13464,682,550
13465,1247,1060
13466,1247,1060
13467,1248,1061
13468,1248,1061
13469,1248,1061
13470,1248,1061
13471,1248,1061
13472,1248,1061
13473,181,139
13474,1138,960
13475,1138,960
13476,1138,960
13477,178,136
13478,637,510
13479,1138,960
13480,1138,960
13481,1138,960
13482,1138,960
13483,1138,960
13484,1138,960
13485,1138,960
13486,1138,960
13487,651,521
13488,654,524
13489,651,521
13490,655,525
13491,1249,1062
13492,1249,1062
13493,1249,1062
13494,1249,1062
13495,1250,1063
13496,1250,1063
13497,1250,1063
13498,1251,1064
13499,1251,1064
13500,1251,1064
13501,1251,1064
13502,1249,1062
13503,1251,1064
13504,1249,1062
13505,1251,1064
13506,1249,1062
13507,1250,1063
13508,1250,1063
13509,1250,1063
13510,1250,1063
13511,1250,1063
13512,1250,1063
13513,1085,908
13514,1250,1063
13515,1085,908
13516,1250,1063
13517,1250,1063
13518,1250,1063
13519,1085,908
13520,1085,908
13521,1085,908
13522,1085,908
13523,1090,913
13524,1090,913
13525,1090,913
13526,1090,913
13527,1139,961
13528,1139,961
13529,1078,901
13530,1139,961
13531,1078,901
13532,1078,901
13533,1078,901
13534,1078,901
13535,1078,901
13536,1139,961
13537,1078,901
13538,1078,901
13539,1140,962
13540,1137,959
13541,1140,962
13542,1137,959
13543,1140,962
13544,1140,962
13545,1142,964
13546,1142,964
13547,1142,964
13548,1142,964
13549,1142,964
13550,1142,964
13551,1142,964
13552,1142,964
13553,1142,964
13554,1142,964
13555,1142,964
13556,1142,964
13557,1252,1065
13558,1252,1065
13559,1252,1065
13560,1252,1065
13561,1252,1065
13562,1252,1065
13563,1252,1065
13564,1252,1065
13565,1252,1065
13566,1252,1065
13567,1252,1065
13568,1252,1065
13569,1252,1065
13570,1253,1066
13571,1253,1066
13572,1253,1066
13573,1253,1066
13574,1253,1066
13575,1253,1066
13576,1081,904
13577,1081,904
13578,1081,904
13579,1081,904
13580,1081,904
13581,1081,904
13582,1081,904
13583,1081,904
13584,1081,904
13585,1081,904
13586,1081,904
13587,1081,904
13588,1136,958
13589,1141,963
13590,1141,963
13591,1141,963
13592,1136,958
13593,1141,963
13594,1136,958
13595,1141,963
13596,1136,958
13597,1136,958
13598,1136,958
13599,1136,958
13600,1082,905
13601,1136,958
13602,1136,958
13603,1082,905
13604,1082,905
13605,1082,905
13606,1082,905
13607,1082,905
13608,1082,905
13609,1082,905
13610,1143,965
13611,1143,965
13612,1143,965
13613,1143,965
13614,1143,965
13615,1143,965
13616,1135,957
13617,1135,957
13618,1135,957
13619,1083,906
13620,1135,957
13621,1135,957
13622,1135,957
13623,1135,957
13624,1254,1067
13625,1254,1067
13626,1254,1067
13627,1254,1067
13628,1254,1067
13629,1254,1067
13630,1083,906
13631,1254,1067
13632,1254,1067
13633,1254,1067
13634,1254,1067
13635,1254,1067
13636,1254,1067
13637,1254,1067
13638,1084,907
13639,1083,906
13640,1084,907
13641,1084,907
13642,1084,907
13643,105,81
13644,638,511
13645,638,511
13646,638,511
13647,105,81
13648,431,348;914
13649,1091,914
13650,1091,914
13651,65,57
13652,65,57
13653,60,52
13654,1188,1006
13655,1188,1006
13656,583,481
13657,583,481
13658,583,481
13659,584,482
13660,583,481
13661,199,152
13662,199,152
13663,772,634
13664,772,634
13665,781,643
13666,781,643
13667,781,643
13668,781,643
13669,781,643
13670,784,646
13671,784,646
13672,783,645
13673,783,645
13674,783,645
13675,784,646
13676,782,644
13677,782,644
13678,782,644
13679,782,644
13680,783,645
13681,782,644
13682,783,645
13683,782,644
13684,782,644
13685,782,644
13686,785,647
13687,785,647
13688,785,647
13689,785,647
13690,785,647
13691,785,647
13692,785,647
13693,785,647
13694,785,647
13695,785,647
13696,785,647
13697,785,647
13698,1255,1068
13699,1255,1068
13700,1255,1068
13701,1255,1068
13702,1255,1068
13703,1255,1068
13704,1255,1068
13705,1255,1068
13706,1255,1068
13707,1255,1068
13708,1255,1068
13709,1255,1068
13710,1255,1068
13711,1255,1068
13712,1255,1068
13713,1255,1068
13714,65,57
13715,1255,1068
13716,551,455
13717,551,455
13718,551,455
13719,551,455
13720,551,455
13721,554,458
13722,551,455
13723,554,458
13724,555,459
13725,557,460;463
13726,563,464
13727,563,464
13728,563,464
13729,675,545
13730,753,615
13731,675,545
13732,753,615
13733,675,545
13734,753,615
13735,754,616
13736,754,616
13737,754,616
13738,754,616
13739,754,616
13740,754,616
13741,754,616
13742,567,468
13743,566,467
13744,754,616
13745,754,616
13746,569,469
13747,569,469
13748,571,470
13749,565,466
13750,571,470
13751,571,470
13752,565,466
13753,565,466
13754,573,472
13755,573,472
13756,573,472
13757,572,471
13758,576,474
13759,576,474
13760,576,474
13761,576,474
13762,530,434
13763,544,448
13764,1144,966
13765,675,545
13766,784,646
13767,784,646
13768,652,522
13769,653,523
13770,1144,966
13771,1144,966
13772,1144,966
13773,1144,966
13774,674,544
13775,783,645
13776,781,643
13777,663,533
13778,663,533
13779,1144,966
13780,1144,966
13781,1144,966
13782,1144,966
13783,71,61;966
13784,71,61;966
13785,71,61;966
13786,71,61;966
13787,1256,1069
13788,1256,1069
13789,1256,1069
13790,1256,1069
13791,1256,1069
13792,1256,1069
13793,304,237
13794,1066,889
13795,1066,889
13796,1066,889
13797,1066,889
13798,296,230
13799,1066,889
13800,282,224
13801,282,224
13802,283,225
13803,283,225
13804,283,225
13805,283,225
13806,283,225
13807,285,226
13808,285,226
13809,285,226
13810,285,226
13811,286,226;229
13812,285,226
13813,285,226
13814,287,226;231
13815,285,226
13816,287,226;231
13817,304,237
13818,664,534
13819,666,536
13820,665,535
13821,304,237
13822,666,536
13823,665,535
13824,664,534
13825,665,535
13826,577,475
13827,578,476
13828,577,475
13829,580,478
13830,580,478
13831,579,477
13832,579,477
13833,580,478
13834,581,479
13835,581,479
13836,581,479
13837,581,479
13838,581,479
13839,581,479
13840,581,479
13841,316,245;424
13842,249,196
13843,249,196
13844,248,195
13845,250,197
13846,328,256
13847,330,258
13848,330,258
13849,329,257
13850,332,260
13851,330,258
13852,255,201;257
13853,331,259
13854,331,259
13855,331,259
13856,334,262
13857,334,262
13858,334,262
13859,334,262
13860,335,263
13861,335,263
13862,335,263
13863,336,264
13864,335,263
13865,335,263
13866,335,263
13867,336,264
13868,336,264
13869,337,265
13870,337,265
13871,337,265
13872,338,266
13873,338,266
13874,338,266
13875,338,266
13876,1257,1070
13877,339,267
13878,1257,1070
13879,1257,1070
13880,339,267
13881,1257,1070
13882,339,267
13883,339,267
13884,1257,1070
13885,1257,1070
13886,540,444
13887,541,445
13888,539,443
13889,539,443
13890,541,445
13891,541,445
13892,542,446
13893,542,446
13894,543,447
13895,1251,1064
13896,1085,908
13897,1078,901
13898,1078,901
13899,1251,1064
13900,1085,908
13901,1085,908
13902,1251,1064
13903,1251,1064
13904,650,520
13905,1251,1064
13906,1251,1064
13907,1251,1064
13908,547,451
13909,546,450
13910,545,449
13911,545,449
13912,547,451
13913,547,451
13914,547,451
13915,547,451
13916,549,453
13917,549,453
13918,550,454
13919,550,454
13920,550,454
13921,550,454
13922,4,3
13923,1258,1071
13924,1231,1045
13925,1258,1071
13926,1258,1071
13927,1258,1071
13928,1258,1071
13929,683,551
13930,664,534
13931,664,534
13932,657,527
13933,333,261
13934,1256,1069
13935,1256,1069
13936,1256,1069
13937,1256,1069
13938,1256,1069
13939,1256,1069
13940,1256,1069
13941,285,226
13942,287,226;231
13943,753,615
13944,753,615
13945,753,615
13946,1162,984
13947,850,698
13948,1162,984
13949,1162,984
13950,1162,984
13951,1162,984
13952,1162,984
13953,1089,912
13954,1089,912
13955,1089,912
13956,670,540
13957,671,541
13958,671,541
13959,225,174
13960,671,541
13961,671,541
13962,670,540
13963,524,427;541
13964,670,540
13965,1108,930
13966,1086,909
13967,1086,909
13968,824,675
13969,1259,1072
13970,779,641
13971,1259,1072
13972,1259,1072
13973,824,675
13974,779,641
13975,779,641
13976,135,103
13977,1260,1073
13978,1261,1074
13979,145,109
13980,1262,1074;1268
13981,1261,1074
13982,1260,1073
13983,1260,1073
13984,1261,1074
13985,1262,1074;1268
13986,145,109
13987,1261,1074
13988,1168,987;1074
13989,1262,1074;1268
13990,1261,1074
13991,482,391
13992,482,391
13993,483,391;917
13994,482,391
13995,482,391
13996,482,391
13997,1263,1075
13998,1263,1075
13999,1263,1075
14000,1263,1075
14001,1263,1075
14002,1263,1075
14003,1263,1075
14004,1263,1075
14005,1263,1075
14006,1263,1075
14007,1169,988
14008,1263,1075
14009,1095,918
14010,1095,918
14011,1263,1075
14012,1263,1075
14013,1169,988
14014,1095,918
14015,1095,918
14016,1169,988
14017,1096,918;988
14018,1096,918;988
14019,1169,988
14020,1169,988
14021,1169,988
14022,467,379
14023,1098,920
14024,1097,919
14025,1097,919
14026,1097,919
14027,1264,1076
14028,1098,920
14029,1098,920
14030,1098,920
14031,1264,1076
14032,1264,1076
14033,1170,989
14034,1265,1077
14035,1265,1077
14036,1265,1077
14037,1100,922
14038,594,488
14039,589,485
14040,479,388
14041,479,388
14042,595,489
14043,589,485
14044,592,486
14045,592,486
14046,592,486
14047,592,486
14048,592,486
14049,592,486
14050,592,486
14051,592,486
14052,243,190
14053,243,190
14054,1266,1078
14055,1266,1078
14056,1266,1078
14057,1266,1078
14058,1266,1078
14059,1266,1078
14060,8,5
14061,8,5
14062,1266,1078
14063,824,675
14064,824,675
14065,824,675
14066,824,675
14067,824,675
14068,824,675
14069,145,109
14070,142,107;1079
14071,1262,1074;1268
14072,1261,1074
14073,1261,1074
14074,1100,922
14075,1171,990
14076,1099,921
14077,1099,921
14078,1171,990
14079,1171,990
14080,529,433
14081,529,433
14082,1264,1076
14083,1264,1076
14084,1100,922
14085,1264,1076
14086,1097,919
14087,1097,919
14088,1100,922
14089,1268,1080
14090,1268,1080
14091,1268,1080
14092,1268,1080
14093,9,6
14094,243,190
14095,243,190
14096,243,190
14097,9,6
14098,9,6
14099,479,388
14100,595,489
14101,595,489
14102,595,489
14103,592,486
14104,592,486
14105,1263,1075
14106,592,486
14107,592,486
14108,592,486
14109,592,486
14110,1266,1078
14111,1266,1078
14112,9,6
14113,1266,1078
14114,1266,1078
14115,9,6
14116,1266,1078
14117,8,5
14118,8,5
14119,1266,1078
14120,8,5
14121,8,5
14122,467,379
14123,1263,1075
14124,1095,918
14125,1095,918
14126,1095,918
14127,1093,916
14128,1269,1081
14129,1269,1081
14130,1269,1081
14131,1269,1081
14132,1269,1081
14133,1269,1081
14134,1269,1081
14135,1270,1082
14136,1270,1082
14137,827,677
14138,827,677
14139,1107,929
14140,821,673
14141,1107,929
14142,1271,1083
14143,1271,1083
14144,1271,1083
14145,1271,1083
14146,1272,1084
14147,1272,1084
14148,1272,1084
14149,1272,1084
14150,1273,1085
14151,1272,1084
14152,1273,1085
14153,1180,998
14154,1273,1085
14155,1180,998
14156,1272,1084
14157,1272,1084
14158,1272,1084
14159,1246,1059
14160,1246,1059
14161,1246,1059
14162,1246,1059
14163,1246,1059
14164,1174,993
14165,1274,1086
14166,1274,1086
14167,1274,1086
14168,1174,993
14169,1274,1086
14170,1174,993
14171,1275,1087
14172,1174,993
14173,1274,1086
14174,1274,1086
14175,1274,1086
14176,1276,1088
14177,1275,1087
14178,1275,1087
14179,1275,1087
14180,1275,1087
14181,1276,1088
14182,1275,1087
14183,1276,1088
14184,1275,1087
14185,1276,1088
14186,1276,1088
14187,606,493
14188,606,493
14189,715,578
14190,715,578
14191,715,578
14192,606,493
14193,716,579
14194,1277,1089
14195,1172,991
14196,1172,991
14197,1277,1089
14198,1278,1090
14199,1277,1089
14200,1278,1090
14201,1172,991
14202,1277,1089
14203,1172,991
14204,1172,991
14205,1172,991
14206,1278,1090
14207,1278,1090
14208,1270,1082
14209,1270,1082
14210,1270,1082
14211,1279,1091
14212,1279,1091
14213,1279,1091
14214,1279,1091
14215,1279,1091
14216,1279,1091
14217,1279,1091
14218,1280,1092
14219,1280,1092
14220,1281,1093
14221,1280,1092
14222,1280,1092
14223,1173,992
14224,1281,1093
14225,1281,1093
14226,1173,992
14227,1173,992
14228,1173,992
14229,1281,1093
14230,830,680
14231,841,690
14232,831,680;1056
14233,841,690
14234,844,692
14235,841,690
14236,841,690
14237,844,692
14238,1241,1054
14239,1241,1054
14240,831,680;1056
14241,629,502
14242,874,715
14243,873,714
14244,871,713
14245,876,716
14246,876,716
14247,873,714
14248,876,716
14249,876,716
14250,876,716
14251,1282,1094
14252,1282,1094
14253,1282,1094
14254,1282,1094
14255,1282,1094
14256,1282,1094
14257,1282,1094
14258,874,715
14259,1282,1094
14260,1283,1095
14261,1283,1095
14262,876,716
14263,876,716
14264,873,714
14265,876,716
14266,1283,1095
14267,1283,1095
14268,876,716
14269,1283,1095
14270,1284,1096
14271,1073,896
14272,1073,896
14273,1284,1096
14274,1073,896
14275,1284,1096
14276,1073,896
14277,1284,1096
14278,1284,1096
14279,1072,895
14280,1072,895
14281,1072,895
14282,1072,895
14283,1283,1095
14284,1283,1095
14285,1284,1096
14286,1283,1095
14287,1284,1096
14288,1283,1095
14289,1283,1095
14290,1283,1095
14291,1283,1095
14292,1072,895
14293,1072,895
14294,1070,893
14295,1070,893
14296,1070,893
14297,1070,893
14298,1070,893
14299,1070,893
14300,1071,894
14301,1071,894
14302,1071,894
14303,1285,1097
14304,1286,1098
14305,1285,1097
14306,1287,1099
14307,1288,1100
14308,1285,1097
14309,1289,1101
14310,1286,1098
14311,1285,1097
14312,1288,1100
14313,1071,894
14314,1288,1100
14315,1289,1101
14316,1288,1100
14317,1289,1101
14318,1289,1101
14319,1288,1100
14320,1289,1101
14321,1286,1098
14322,1286,1098
14323,1290,1102
14324,1290,1102
14325,1287,1099
14326,1290,1102
14327,1287,1099
14328,1287,1099
14329,1287,1099
14330,1290,1102
14331,1290,1102
14332,1291,1103
14333,1291,1103
14334,1291,1103
14335,1291,1103
14336,1291,1103
14337,1291,1103
14338,1292,1104
14339,1292,1104
14340,1292,1104
14341,1292,1104
14342,1292,1104
14343,876,716
14344,1282,1094
14345,1282,1094
14346,876,716
14347,1293,1105
14348,1293,1105
14349,1293,1105
14350,1293,1105
14351,1293,1105
14352,1293,1105
14353,1294,1106
14354,1294,1106
14355,1294,1106
14356,1294,1106
14357,1294,1106
14358,1295,1107
14359,1295,1107
14360,1295,1107
14361,1295,1107
14362,1295,1107
14363,1295,1107
14364,1297,1108
14365,1297,1108
14366,1297,1108
14367,1297,1108
14368,1297,1108
14369,1297,1108
14370,1298,1109
14371,1298,1109
14372,1298,1109
14373,1298,1109
14374,1298,1109
14375,1299,1110
14376,1299,1110
14377,1299,1110
14378,1299,1110
14379,1299,1110
14380,1299,1110
14381,1300,1111
14382,1300,1111
14383,1300,1111
14384,1300,1111
14385,1300,1111
14386,1300,1111
14387,1300,1111
14388,1301,1112
14389,1301,1112
14390,1301,1112
14391,1301,1112
14392,1301,1112
14393,1282,1094
14394,1283,1095
14395,1072,895
14396,1284,1096
14397,1282,1094
14398,1284,1096
14399,876,716
14400,1302,1113
14401,1302,1113
14402,1302,1113
14403,1302,1113
14404,1302,1113
14405,1302,1113
14406,1284,1096
14407,1284,1096
14408,1072,895
14409,1072,895
14410,1073,896
14411,1284,1096
14412,1303,1114
14413,1304,1115
14414,1303,1114
14415,1305,1116
14416,1305,1116
14417,1303,1114
14418,1302,1113
14419,1302,1113
14420,1305,1116
14421,1303,1114
14422,1305,1116
14423,1305,1116
14424,1305,1116
14425,1303,1114
14426,1304,1115
14427,1306,1117
14428,1307,1118
14429,1304,1115
14430,1306,1117
14431,1307,1118
14432,1308,1119
14433,1306,1117
14434,1307,1118
14435,1304,1115
14436,1307,1118
14437,1308,1119
14438,1304,1115
14439,1306,1117
14440,1308,1119
14441,1308,1119
14442,1307,1118
14443,1308,1119
14444,1304,1115
14445,1306,1117
14446,1309,1120
14447,1309,1120
14448,1309,1120
14449,1309,1120
14450,1309,1120
14451,1310,1121
14452,1310,1121
14453,1310,1121
14454,1310,1121
14455,1310,1121
14456,1310,1121
14457,1311,1122
14458,1311,1122
14459,1311,1122
14460,1311,1122
14461,1311,1122
14462,1312,1123
14463,1312,1123
14464,1312,1123
14465,1312,1123
14466,1312,1123
14467,1313,1124
14468,1313,1124
14469,1313,1124
14470,1313,1124
14471,1313,1124
14472,1314,1125
14473,1314,1125
14474,1314,1125
14475,1314,1125
14476,1314,1125
14477,1314,1125
14478,1299,1110
14479,1300,1111
14480,1299,1110
14481,1298,1109
14482,1300,1111
14483,1298,1109
14484,1295,1107
14485,1295,1107
14486,1301,1112
14487,1303,1114
14488,1297,1108
14489,647,517
14490,1301,1112
14491,647,517
14492,1302,1113
14493,1303,1114
14494,1302,1113
14495,1297,1108
14496,1070,893
14497,1288,1100
14498,1071,894
14499,1287,1099
14500,1289,1101
14501,1287,1099
14502,1288,1100
14503,1070,893
14504,1287,1099
14505,1289,1101
14506,1070,893
14507,1070,893
14508,1302,1113
14509,1303,1114
14510,1286,1098
14511,1303,1114
14512,1301,1112
14513,1301,1112
14514,1302,1113
14515,1315,1126
14516,1315,1126
14517,1315,1126
14518,1315,1126
14519,1315,1126
14520,1315,1126
14521,1315,1126
14522,1315,1126
14523,1316,1127
14524,1316,1127
14525,1316,1127
14526,1316,1127
14527,1316,1127
14528,1316,1127
14529,1247,1060
14530,1247,1060
14531,1247,1060
14532,1247,1060
14533,1247,1060
14534,1247,1060
14535,1247,1060
14536,1247,1060
14537,1247,1060
14538,1317,1128
14539,1317,1128
14540,1317,1128
14541,1317,1128
14542,1317,1128
14543,1317,1128
14544,1318,1129
14545,1318,1129
14546,1318,1129
14547,1318,1129
14548,1318,1129
14549,1318,1129
14550,1319,1130
14551,1319,1130
14552,1319,1130
14553,1319,1130
14554,1319,1130
14555,1319,1130
14556,1303,1114
14557,1303,1114
14558,1320,1131
14559,1320,1131
14560,1320,1131
14561,1320,1131
14562,1320,1131
14563,1320,1131
14564,1320,1131
14565,1320,1131
14566,1321,1132
14567,1322,1133
14568,1322,1133
14569,1321,1132
14570,1323,1134
14571,1322,1133
14572,1323,1134
14573,1323,1134
14574,1323,1134
14575,1322,1133
14576,1322,1133
14577,1321,1132
14578,1321,1132
14579,1321,1132
14580,1322,1133
14581,1323,1134
14582,1323,1134
14583,1323,1134
14584,1323,1134
14585,1323,1134
14586,1323,1134
14587,1323,1134
14588,1323,1134
14589,1323,1134
14590,1323,1134
14591,130,99
14592,130,99
14593,636,509
14594,636,509
14595,636,509
14596,636,509
14597,130,99
14598,636,509
14599,1325,1135;1239
14600,636,509
14601,636,509
14602,636,509
14603,1324,1135
14604,636,509
14605,636,509
14606,1324,1135
14607,1324,1135
14608,636,509
14609,1324,1135
14610,1324,1135
14611,1324,1135
14612,1325,1135;1239
14613,1324,1135
14614,1324,1135
14615,1324,1135
14616,1324,1135
14617,1324,1135
14618,1325,1135;1239
14619,1324,1135
14620,1324,1135
14621,1326,1136
14622,484,392
14623,484,392
14624,484,392
14625,1326,1136
14626,1326,1136
14627,1326,1136
14628,1326,1136
14629,1326,1136
14630,1326,1136
14631,1326,1136
14632,1326,1136
14633,1326,1136
14634,1326,1136
14635,1326,1136
14636,484,392
14637,1326,1136
14638,1326,1136
14639,1326,1136
14640,121,92;93
14641,1183,1001
14642,1183,1001
14643,1183,1001
14644,1183,1001
14645,1183,1001
14646,1327,1137
14647,1327,1137
14648,1327,1137
14649,1328,1138
14650,1328,1138
14651,1328,1138
14652,1328,1138
14653,1328,1138
14654,1328,1138
14655,1327,1137
14656,1328,1138
14657,1327,1137
14658,1329,1139
14659,1329,1139
14660,1329,1139
14661,1329,1139
14662,1329,1139
14663,1329,1139
14664,1329,1139
14665,1329,1139
14666,484,392
14667,484,392
14668,484,392
14669,253,200
14670,253,200
14671,253,200
14672,253,200
14673,1134,956
14674,1134,956
14675,762,624
14676,426,344
14677,1134,956
14678,1330,1140
14679,1330,1140
14680,426,344
14681,1134,956
14682,1330,1140
14683,426,344
14684,1134,956
14685,426,344
14686,1330,1140
14687,1330,1140
14688,1331,1141
14689,1332,1142
14690,1332,1142
14691,1332,1142
14692,1331,1141
14693,1332,1142
14694,1331,1141
14695,1331,1141
14696,1332,1142
14697,1331,1141
14698,1332,1142
14699,1332,1142
14700,1133,955
14701,762,624
14702,1133,955
14703,110,85
14704,110,85
14705,110,85
14706,110,85
14707,110,85
14708,110,85
14709,1154,976
14710,1154,976
14711,1154,976
14712,1065,888
14713,1065,888
14714,1065,888
14715,1154,976
14716,1065,888
14717,1065,888
14718,1154,976
14719,1065,888
14720,1065,888
14721,1065,888
14722,1065,888
14723,89,71
14724,89,71
14725,1154,976
14726,291,228
14727,294,229
14728,295,229;889
14729,297,231
14730,297,231
14731,297,231
14732,295,229;889
14733,294,229
14734,294,229
14735,1067,890
14736,1067,890
14737,1067,890
14738,1067,890
14739,429,347
14740,1067,890
14741,1333,1143
14742,1334,1144
14743,1334,1144
14744,1334,1144
14745,1334,1144
14746,1333,1143
14747,1334,1144
14748,1333,1143
14749,1333,1143
14750,1068,891
14751,1334,1144
14752,53,45;1143
14753,1333,1143
14754,1334,1144
14755,1334,1144
14756,1334,1144
14757,1334,1144
14758,1334,1144
14759,1334,1144
14760,1334,1144
14761,1158,980
14762,1158,980
14763,1158,980
14764,1158,980
14765,1159,981
14766,460,375
14767,1159,981
14768,1159,981
14769,460,375
14770,1159,981
14771,1159,981
14772,1159,981
14773,1159,981
14774,1159,981
14775,438,354
14776,438,354
14777,446,362
14778,645,516;967
14779,1146,968
14780,1146,968
14781,1146,968
14782,1146,968
14783,1146,968
14784,1146,968
14785,1146,968
14786,857,704
14787,866,709
14788,866,709
14789,866,709
14790,866,709
14791,865,708;985
14792,746,608
14793,746,608
14794,443,359
14795,1335,1145
14796,1335,1145
14797,1335,1145
14798,1335,1145
14799,1335,1145
14800,1335,1145
14801,1335,1145
14802,379,304;305
14803,379,304;305
14804,380,305
14805,378,304
14806,388,312
14807,388,312
14808,388,312
14809,395,318
14810,411,332
14811,411,332
14812,411,332
14813,400,323
14814,400,323
14815,400,323
14816,400,323
14817,408,329
14818,408,329
14819,408,329
14820,408,329
14821,409,330
14822,409,330
14823,409,330
14824,409,330
14825,409,330
14826,406,327
14827,406,327
14828,406,327
14829,406,327
14830,1131,953
14831,1131,953
14832,1109,931
14833,1131,953
14834,685,553
14835,685,553
14836,685,553
14837,685,553
14838,685,553
14839,380,305
14840,378,304
14841,388,312
14842,392,316
14843,411,332
14844,411,332
14845,402,324
14846,406,327
14847,409,330
14848,406,327
14849,1191,1008
14850,684,552
14851,1191,1008
14852,684,552
14853,1191,1008
14854,1191,1008
14855,1191,1008
14856,1191,1008
14857,684,552
14858,685,553
14859,684,552
14860,1191,1008
14861,877,717
14862,1045,870
14863,1045,870
14864,1045,870
14865,1045,870
14866,1046,871
14867,1046,871
14868,1046,871
14869,1046,871
14870,1192,1009
14871,1192,1009
14872,1192,1009
14873,1192,1009
14874,1196,1013
14875,1051,876
14876,1043,868
14877,1044,869
14878,1047,872
14879,1047,872
14880,1042,867
14881,1047,872
14882,1042,867
14883,1194,1011
14884,1194,1011
14885,1034,860
14886,1034,860
14887,1034,860
14888,1034,860
14889,1034,860
14890,1336,1146
14891,1336,1146
14892,1336,1146
14893,1336,1146
14894,1336,1146
14895,1336,1146
14896,1026,854
14897,1028,855
14898,1028,855
14899,1027,854;855
14900,1033,859
14901,1195,1012
14902,1195,1012
14903,1195,1012
14904,1195,1012
14905,1195,1012
14906,1195,1012
14907,1195,1012
14908,1195,1012
14909,1195,1012
14910,1195,1012
14911,1195,1012
14912,1191,1008
14913,1045,870
14914,1192,1009
14915,1192,1009
14916,1046,871
14917,1030,856;863
14918,1037,863
14919,1037,863
14920,1037,863
14921,1037,863
14922,1029,856
14923,1037,863
14924,1037,863
14925,1037,863
14926,1037,863
14927,1037,863
14928,1037,863
14929,1037,863
14930,1032,858
14931,1032,858
14932,1031,857
14933,1031,857
14934,1031,857
14935,1031,857
14936,1031,857
14937,1041,866
14938,1041,866
14939,1041,866
14940,1041,866
14941,1041,866
14942,1038,864
14943,1038,864
14944,1041,866
14945,1041,866
14946,1038,864
14947,1041,866
14948,1041,866
14949,1038,864
14950,1035,861
14951,1035,861
14952,1035,861
14953,1035,861
14954,1035,861
14955,1337,1147
14956,1337,1147
14957,1337,1147
14958,1337,1147
14959,1040,865;1147
14960,1337,1147
14961,1337,1147
14962,1337,1147
14963,1337,1147
14964,1337,1147
14965,1337,1147
14966,1337,1147
14967,1040,865;1147
14968,1036,862
14969,1200,1017
14970,1337,1147
14971,1337,1147
14972,1337,1147
14973,1337,1147
14974,1337,1147
14975,1039,865
14976,1337,1147
14977,1199,1016
14978,1199,1016
14979,1199,1016
14980,1199,1016
14981,807,661
14982,815,667
14983,820,672
14984,1201,1018
14985,811,664
14986,820,672
14987,811,664
14988,812,664;1018
14989,697,564
14990,1202,1019
14991,1202,1019
14992,1202,1019
14993,1202,1019
14994,1202,1019
14995,1203,1020
14996,1204,1021
14997,1338,1148
14998,1338,1148
14999,1338,1148
15000,1338,1148
15001,1245,1058
15002,1338,1148
15003,1245,1058
15004,1245,1058
15005,1339,1149
15006,1339,1149
15007,1339,1149
15008,1339,1149
15009,1339,1149
15010,1339,1149
15011,1339,1149
15012,1339,1149
15013,1339,1149
15014,1339,1149
15015,1339,1149
15016,1339,1149
15017,1339,1149
15018,1339,1149
15019,1339,1149
15020,1339,1149
15021,1339,1149
15022,1038,864
15023,1041,866
15024,1041,866
15025,1038,864
15026,1035,861
15027,1199,1016
15028,1199,1016
15029,1199,1016
15030,1200,1017
15031,820,672
15032,1201,1018
15033,1201,1018
15034,1245,1058
15035,700,566
15036,700,566
15037,807,661
15038,1202,1019
15039,1203,1020
15040,1338,1148
15041,1339,1149
15042,700,566
15043,1338,1148
15044,700,566
15045,1201,1018
15046,414,334;1153
15047,704,569
15048,704,569
15049,704,569
15050,704,569
15051,706,570;1150
15052,1340,1150
15053,1340,1150
15054,705,570
15055,706,570;1150
15056,706,570;1150
15057,1340,1150
15058,1340,1150
15059,1340,1150
15060,1341,1151
15061,1341,1151
15062,1341,1151
15063,1341,1151
15064,1341,1151
15065,1341,1151
15066,1341,1151
15067,1341,1151
15068,1342,1152
15069,1342,1152
15070,1342,1152
15071,1342,1152
15072,1342,1152
15073,1343,1153
15074,1343,1153
15075,1342,1152
15076,1343,1153
15077,1343,1153
15078,1343,1153
15079,1343,1153
15080,1343,1153
15081,1343,1153
15082,1343,1153
15083,1344,1154
15084,1344,1154
15085,1345,1155
15086,1346,1156
15087,1347,1157
15088,1345,1155
15089,1346,1156
15090,1346,1156
15091,1346,1156
15092,1347,1157
15093,1344,1154
15094,1344,1154
15095,1347,1157
15096,1344,1154
15097,1346,1156
15098,1345,1155
15099,1345,1155
15100,1347,1157
15101,1344,1154
15102,1344,1154
15103,1347,1157
15104,1344,1154
15105,1345,1155
15106,1346,1156
15107,1345,1155
15108,1054,879
15109,1055,879;1156
15110,709,573
15111,707,571
15112,709,573
15113,710,574
15114,710,574
15115,710,574
15116,710,574
15117,710,574
15118,710,574
15119,710,574
15120,710,574
15121,1207,1023
15122,1207,1023
15123,1207,1023
15124,1207,1023
15125,1207,1023
15126,1205,1022
15127,1205,1022
15128,1205,1022
15129,1205,1022
15130,1348,1158
15131,1348,1158
15132,1348,1158
15133,1348,1158
15134,1348,1158
15135,1349,1159
15136,1349,1159
15137,1350,1160
15138,1349,1159
15139,1350,1160
15140,1350,1160
15141,1350,1160
15142,1349,1159
15143,1350,1160
15144,1349,1159
15145,1350,1160
15146,1349,1159
15147,1351,1161
15148,1350,1160
15149,1350,1160
15150,1351,1161
15151,1350,1160
15152,1351,1161
15153,1350,1160
15154,1350,1160
15155,1351,1161
15156,1351,1161
15157,1351,1161
15158,1351,1161
15159,1351,1161
15160,1351,1161
15161,1352,1162
15162,1352,1162
15163,1353,1163
15164,1352,1162
15165,1353,1163
15166,1352,1162
15167,1352,1162
15168,1352,1162
15169,1353,1163
15170,1352,1162
15171,1354,1164
15172,1353,1163
15173,1056,879;1164
15174,1353,1163
15175,1354,1164
15176,1354,1164
15177,1354,1164
15178,1354,1164
15179,1354,1164
15180,1354,1164
15181,1354,1164
15182,1354,1164
15183,1354,1164
15184,1354,1164
15185,1356,1165
15186,1354,1164
15187,1354,1164
15188,1355,1164;1322
15189,1356,1165
15190,1356,1165
15191,1356,1165
15192,1356,1165
15193,1356,1165
15194,1356,1165
15195,1356,1165
15196,1356,1165
15197,1356,1165
15198,1356,1165
15199,1356,1165
15200,1356,1165
15201,1356,1165
15202,1357,1166
15203,1356,1165
15204,1358,1167
15205,1358,1167
15206,417,336
15207,1358,1167
15208,417,336
15209,417,336
15210,1358,1167
15211,1358,1167
15212,1358,1167
15213,1358,1167
15214,1358,1167
15215,1358,1167
15216,1358,1167
15217,1358,1167
15218,1358,1167
15219,1358,1167
15220,1358,1167
15221,1358,1167
15222,1358,1167
15223,1358,1167
15224,1358,1167
15225,1358,1167
15226,415,335
15227,1359,1168
15228,1360,1169
15229,1359,1168
15230,1360,1169
15231,1360,1169
15232,1360,1169
15233,1359,1168
15234,1359,1168
15235,1360,1169
15236,1359,1168
15237,1359,1168
15238,1360,1169
15239,1359,1168
15240,1357,1166
15241,1357,1166
15242,1357,1166
15243,1357,1166
15244,1357,1166
15245,1357,1166
15246,1357,1166
15247,1357,1166
15248,1354,1164
15249,1357,1166
15250,1357,1166
15251,1354,1164
15252,1354,1164
15253,1354,1164
15254,1354,1164
15255,1111,933
15256,421,339
15257,421,339
15258,1111,933
15259,1111,933
15260,1111,933
15261,1111,933
15262,1111,933
15263,1111,933
15264,1111,933
15265,1111,933
15266,1111,933
15267,1111,933
15268,1110,932
15269,1110,932
15270,1110,932
15271,1110,932
15272,1110,932
15273,1110,932
15274,1110,932
15275,1110,932
15276,1110,932
15277,1112,934
15278,1112,934
15279,1112,934
15280,1354,1164
15281,1357,1166
15282,1357,1166
15283,1357,1166
15284,1357,1166
15285,1357,1166
15286,1358,1167
15287,1358,1167
15288,1358,1167
15289,1113,935
15290,1113,935
15291,1361,1170
15292,1361,1170
15293,1361,1170
15294,1361,1170
15295,704,569
15296,1361,1170
15297,704,569
15298,1340,1150
15299,1342,1152
15300,706,570;1150
15301,1342,1152
15302,705,570
15303,1341,1151
15304,1342,1152
15305,1342,1152
15306,1341,1151
15307,1340,1150
15308,1341,1151
15309,1341,1151
15310,1346,1156
15311,1346,1156
15312,1054,879
15313,1341,1151
15314,1341,1151
15315,1054,879
15316,707,571
15317,709,573
15318,709,573
15319,710,574
15320,710,574
15321,1205,1022
15322,1206,1022;1023
15323,1206,1022;1023
15324,1362,1171
15325,1362,1171
15326,1362,1171
15327,1362,1171
15328,1362,1171
15329,1362,1171
15330,1362,1171
15331,1205,1022
15332,1362,1171
15333,13,10
15334,13,10
15335,13,10
15336,18,14
15337,13,10
15338,13,10
15339,18,14
15340,18,14
15341,18,14
15342,18,14
15343,18,14
15344,712,575;576
15345,712,575;576
15346,712,575;576
15347,1210,1026
15348,1209,1025
15349,712,575;576
15350,1210,1026
15351,1210,1026
15352,229,177
15353,227,176
15354,227,176
15355,229,177
15356,227,176
15357,237,185
15358,1363,1172
15359,237,185
15360,1363,1172
15361,1363,1172
15362,1363,1172
15363,1211,1027
15364,1363,1172
15365,1363,1172
15366,1363,1172
15367,1211,1027
15368,238,185;1172
15369,1209,1025
15370,1209,1025
15371,714,577
15372,714,577
15373,714,577
15374,714,577
15375,714,577
15376,714,577
15377,1209,1025
15378,1209,1025
15379,1209,1025
15380,1216,1032
15381,1216,1032
15382,1216,1032
15383,1215,1031
15384,1216,1032
15385,1216,1032
15386,1216,1032
15387,1216,1032
15388,1216,1032
15389,1216,1032
15390,1215,1031
15391,1216,1032
15392,1216,1032
15393,1216,1032
15394,1244,1057
15395,1213,1029
15396,1212,1028
15397,1214,1030
15398,1212,1028
15399,1213,1029
15400,1244,1057
15401,1214,1030
15402,1214,1030
15403,1244,1057
15404,1213,1029
15405,1244,1057
15406,1214,1030
15407,1217,1033
15408,1177,995
15409,1177,995
15410,1217,1033
15411,1209,1025
15412,1209,1025
15413,1209,1025
15414,1209,1025
15415,1209,1025
15416,1209,1025
15417,1219,1035
15418,1219,1035
15419,1219,1035
15420,1219,1035
15421,1209,1025
15422,1220,1036
15423,1220,1036
15424,1364,1173
15425,1364,1173
15426,1364,1173
15427,1364,1173
15428,1364,1173
15429,1220,1036
15430,1364,1173
15431,31,27
15432,1365,1174
15433,32,28
15434,1366,1175
15435,1365,1174
15436,32,28
15437,1366,1175
15438,1366,1175
15439,32,28
15440,1366,1175
15441,1365,1174
15442,1366,1175
15443,1366,1175
15444,1366,1175
15445,1366,1175
15446,713,576
15447,713,576
15448,711,575
15449,18,14
15450,18,14
15451,1209,1025
15452,1209,1025
15453,1209,1025
15454,1209,1025
15455,1209,1025
15456,1210,1026
15457,1210,1026
15458,1210,1026
15459,1210,1026
15460,714,577
15461,1367,1176
15462,1367,1176
15463,1367,1176
15464,1223,1039
15465,1057,880
15466,1223,1039
15467,1057,880
15468,1057,880
15469,1367,1176
15470,1367,1176
15471,1367,1176
15472,1368,1177
15473,1369,1178
15474,1370,1179
15475,1368,1177
15476,1370,1179
15477,1369,1178
15478,1368,1177
15479,1368,1177
15480,1369,1178
15481,1368,1177
15482,1370,1179
15483,1369,1178
15484,1369,1178
15485,1370,1179
15486,1370,1179
15487,38,32
15488,38,32
15489,1225,1041
15490,1371,1180
15491,1371,1180
15492,40,34
15493,1371,1180
15494,1224,1040
15495,1371,1180
15496,1227,1042
15497,1058,881
15498,1372,1181
15499,1227,1042
15500,40,34
15501,40,34
15502,1058,881
15503,1227,1042
15504,1229,1043;1180
15505,1058,881
15506,40,34
15507,1058,881
15508,1058,881
15509,1373,1182
15510,1374,1183
15511,1372,1181
15512,1375,1184
15513,1374,1183
15514,1372,1181
15515,1375,1184
15516,1375,1184
15517,1375,1184
15518,1373,1182
15519,1373,1182
15520,1372,1181
15521,1375,1184
15522,1375,1184
15523,1374,1183
15524,1372,1181
15525,1374,1183
15526,826,676;1181
15527,1373,1182
15528,1374,1183
15529,1373,1182
15530,826,676;1181
15531,825,676
15532,825,676
15533,825,676
15534,825,676
15535,825,676
15536,1376,1185
15537,1377,1186
15538,1377,1186
15539,1378,1187
15540,1379,1188
15541,1379,1188
15542,1379,1188
15543,1376,1185
15544,825,676
15545,1379,1188
15546,1379,1188
15547,1379,1188
15548,1377,1186
15549,1377,1186
15550,1376,1185
15551,1378,1187
15552,1377,1186
15553,1376,1185
15554,1376,1185
15555,1377,1186
15556,1380,1189
15557,1380,1189
15558,1380,1189
15559,1380,1189
15560,1378,1187
15561,1380,1189
15562,1378,1187
15563,1381,1190
15564,1378,1187
15565,1378,1187
15566,1378,1187
15567,1381,1190
15568,1381,1190
15569,1381,1190
15570,1381,1190
15571,1381,1190
15572,1381,1190
15573,1114,936
15574,1370,1179
15575,1367,1176
15576,1369,1178
15577,1223,1039
15578,1223,1039
15579,1370,1179
15580,1057,880
15581,1057,880
15582,1224,1040
15583,1368,1177
15584,1369,1178
15585,1224,1040
15586,1370,1179
15587,1370,1179
15588,38,32
15589,1058,881
15590,1382,1191
15591,1382,1191
15592,1227,1042
15593,1229,1043;1180
15594,1373,1182
15595,1224,1040
15596,1382,1191
15597,1058,881
15598,1228,1043
15599,1371,1180
15600,1373,1182
15601,1382,1191
15602,1382,1191
15603,1382,1191
15604,1382,1191
15605,825,676
15606,1224,1040
15607,1382,1191
15608,1382,1191
15609,1382,1191
15610,1382,1191
15611,1382,1191
15612,1382,1191
15613,923,763
15614,923,763
15615,923,763
15616,923,763
15617,161,120;801
15618,967,801
15619,165,124
15620,159,119
15621,968,802
15622,159,119
15623,165,124
15624,165,124
15625,165,124
15626,924,764
15627,926,765
15628,968,802
15629,926,765
15630,924,764
15631,907,747
15632,907,747
15633,907,747
15634,907,747
15635,907,747
15636,907,747
15637,907,747
15638,908,748
15639,908,748
15640,908,748
15641,689,557
15642,910,750
15643,909,749
15644,910,750
15645,908,748
15646,169,128
15647,909,749
15648,909,749
15649,395,318
15650,391,315
15651,393,317
15652,392,316
15653,388,312
15654,399,322
15655,399,322
15656,399,322
15657,400,323
15658,399,322
15659,399,322
15660,688,556
15661,397,320
15662,397,320
15663,399,322
15664,399,322
15665,399,322
15666,399,322
15667,690,558
15668,688,556
15669,688,556
15670,688,556
15671,688,556
15672,688,556
15673,690,558
15674,690,558
15675,911,751
15676,690,558
15677,911,751
15678,911,751
15679,357,284
15680,911,751
15681,357,284
15682,357,284
15683,357,284
15684,357,284
15685,357,284
15686,357,284
15687,912,752
15688,112,87
15689,59,51
15690,59,51
15691,59,51
15692,61,53
15693,647,517
15694,647,517
15695,441,357
15696,441,357
15697,442,358
15698,442,358
15699,442,358
15700,439,355
15701,771,633
15702,771,633
15703,1093,916
15704,10,7
15705,473,385
15706,833,682
15707,833,682
15708,833,682
15709,833,682
15710,1383,1192
15711,1383,1192
15712,1383,1192
15713,1383,1192
15714,1383,1192
15715,842,690;1056
15716,842,690;1056
15717,1213,1029
15718,1214,1030
15719,1213,1029
15720,1214,1030
15721,1214,1030
15722,1214,1030
15723,1214,1030
15724,1214,1030
15725,1244,1057
15726,1217,1033
15727,1217,1033
15728,1244,1057
15729,1214,1030
15730,1244,1057
15731,88,70
15732,88,70
15733,1153,975
15734,1153,975
15735,87,69
15736,87,69
15737,1153,975
15738,1153,975
15739,90,72
15740,245,192
15741,1066,889
15742,293,228;889
15743,285,226
15744,285,226
15745,286,226;229
15746,294,229
15747,294,229
15748,436,352
15749,294,229
15750,294,229
15751,297,231
15752,297,231
15753,297,231
15754,297,231
15755,297,231
15756,297,231
15757,442,358
15758,442,358
15759,101,78;79
15760,429,347
15761,429,347
15762,429,347
15763,429,347
15764,1067,890
15765,1067,890
15766,429,347
15767,1067,890
15768,297,231
15769,297,231
15770,52,45
15771,52,45
15772,52,45
15773,52,45
15774,52,45
15775,52,45
15776,54,46
15777,1384,1193
15778,1385,1194
15779,1384,1193
15780,1384,1193
15781,1385,1194
15782,1384,1193
15783,1384,1193
15784,1385,1194
15785,1385,1194
15786,1385,1194
15787,1385,1194
15788,1092,915
15789,1092,915
15790,55,47
15791,1256,1069
15792,1256,1069
15793,1256,1069
15794,647,517
15795,647,517
15796,445,361
15797,783,645
15798,783,645
15799,783,645
15800,782,644
15801,772,634
15802,782,644
15803,1145,967
15804,1147,969
15805,1145,967
15806,645,516;967
15807,1147,969
15808,642,515
15809,1069,892
15810,1146,968
15811,646,516;969
15812,854,701
15813,854,701
15814,854,701
15815,854,701
15816,864,708
15817,862,707;709
15818,868,710
15819,868,710
15820,868,710
15821,747,609
15822,747,609
15823,747,609
15824,788,650
15825,788,650
15826,788,650
15827,641,514
15828,1335,1145
15829,1335,1145
15830,1335,1145
15831,1335,1145
15832,641,514
15833,507,413
15834,507,413
15835,507,413
15836,507,413
15837,1386,1195
15838,1386,1195
15839,1386,1195
15840,1386,1195
15841,1386,1195
15842,1386,1195
15843,1386,1195
15844,1386,1195
15845,1386,1195
15846,1386,1195
15847,1387,1196
15848,1387,1196
15849,1387,1196
15850,1388,1197
15851,1388,1197
15852,1388,1197
15853,1387,1196
15854,1387,1196
15855,1388,1197
15856,1387,1196
15857,1388,1197
15858,1388,1197
15859,1388,1197
15860,1387,1196
15861,1387,1196
15862,726,589
15863,1077,900
15864,1077,900
15865,1077,900
15866,1077,900
15867,726,589
15868,1077,900
15869,1077,900
15870,1386,1195
15871,507,413
15872,1386,1195
15873,1386,1195
15874,1386,1195
15875,507,413
15876,507,413
15877,507,413
15878,1386,1195
15879,1386,1195
15880,507,413
15881,507,413
15882,1250,1063
15883,1078,901
15884,1250,1063
15885,1137,959
15886,560,461
15887,243,190
15888,907,747
15889,907,747
15890,907,747
15891,907,747
15892,907,747
15893,907,747
15894,907,747
15895,907,747
15896,984,814
15897,984,814
15898,984,814
15899,984,814
15900,984,814
15901,985,815
15902,985,815
15903,985,815
15904,985,815
15905,985,815
15906,985,815
15907,985,815
15908,985,815
15909,985,815
15910,985,815
15911,985,815
15912,985,815
15913,985,815
15914,985,815
15915,985,815
15916,985,815
15917,985,815
15918,985,815
15919,985,815
15920,986,816
15921,986,816
15922,986,816
15923,986,816
15924,986,816
15925,986,816
15926,986,816
15927,986,816
15928,986,816
15929,986,816
15930,986,816
15931,986,816
15932,986,816
15933,986,816
15934,986,816
15935,986,816
15936,988,818
15937,988,818
15938,988,818
15939,988,818
15940,990,820
15941,990,820
15942,990,820
15943,991,821
15944,991,821
15945,1009,837
15946,1009,837
15947,1009,837
15948,1009,837
15949,1015,843
15950,1015,843
15951,1015,843
15952,1015,843
15953,1015,843
15954,1015,843
15955,1015,843
15956,1015,843
15957,1015,843
15958,1015,843
15959,1009,837
15960,1009,837
15961,1009,837
15962,1009,837
15963,1009,837
15964,1009,837
15965,1009,837
15966,1009,837
15967,1009,837
15968,1009,837
15969,1014,842
15970,1014,842
15971,1014,842
15972,1023,851
15973,1023,851
15974,1023,851
15975,1023,851
15976,1023,851
15977,1023,851
15978,1023,851
15979,1023,851
15980,1023,851
15981,1023,851
15982,1023,851
15983,1023,851
15984,1023,851
15985,1023,851
15986,370,296
15987,370,296
15988,370,296
15989,370,296
15990,370,296
15991,370,296
15992,370,296
15993,1022,850
15994,1022,850
15995,1022,850
15996,1022,850
15997,1022,850
15998,1022,850
15999,1022,850
16000,1022,850
16001,1022,850
16002,1022,850
16003,1022,850
16004,1022,850
16005,1022,850
16006,1022,850
16007,361,287
16008,361,287
16009,360,286
16010,360,286
16011,1014,842
16012,1014,842
16013,1014,842
16014,1014,842
16015,1014,842
16016,1014,842
16017,490,398
16018,222,171
16019,803,659
16020,803,659
16021,202,155
16022,203,156
16023,201,154
16024,758,620
16025,201,154
16026,201,154
16027,758,620
16028,759,621
16029,759,621
16030,758,620
16031,758,620
16032,758,620
16033,759,621
16034,759,621
16035,758,620
16036,759,621
16037,759,621
16038,773,635
16039,760,622
16040,773,635
16041,773,635
16042,773,635
16043,1388,1197
16044,1388,1197
16045,1388,1197
16046,1387,1196
16047,1388,1197
16048,1387,1196
16049,1387,1196
16050,344,272
16051,513,419
16052,512,418
16053,515,421
16054,684,552
16055,684,552
16056,684,552
16057,684,552
16058,684,552
16059,684,552
16060,684,552
16061,743,605
16062,253,200
16063,253,200
16064,253,200
16065,540,444
16066,540,444
16067,1382,1191
16068,1382,1191
16069,1382,1191
16070,1382,1191
16071,1382,1191
16072,1382,1191
16073,1382,1191
16074,777,639
16075,240,187
16076,778,640
16077,778,640
16078,771,633
16079,779,641
16080,779,641
16081,779,641
16082,779,641
16083,779,641
16084,1064,887
16085,1064,887
16086,1064,887
16087,1259,1072
16088,1259,1072
16089,1259,1072
16090,1259,1072
16091,1259,1072
16092,1259,1072
16093,1064,887
16094,1064,887
16095,1233,1047
16096,726,589
16097,1077,900
16098,744,606
16099,342,270
16100,726,589
16101,1233,1047
16102,1233,1047
16103,1077,900
16104,1077,900
16105,1233,1047
16106,1077,900
16107,1063,886
16108,953,788
16109,953,788
16110,953,788
16111,412,333
16112,1064,887
16113,1064,887
16114,1064,887
16115,1064,887
16116,1064,887
16117,770,632
16118,469,381
16119,44,37
16120,1064,887
16121,1047,872
16122,1192,1009
16123,1192,1009
16124,1192,1009
16125,409,330
16126,911,751
16127,955,790
16128,955,790
16129,955,790
16130,955,790
16131,955,790
16132,955,790
16133,955,790
16134,936,775
16135,936,775
16136,675,545
16137,675,545
16138,675,545
16139,730,593
16140,725,588
16141,724,587
16142,719,582
16143,679,548
16144,679,548
16145,1389,1198
16146,13,10
16147,728,591
16148,728,591
16149,728,591
16150,728,591
16151,728,591
16152,728,591
16153,728,591
16154,1110,932
16155,1110,932
16156,1110,932
16157,417,336
16158,1110,932
16159,1233,1047
16160,1077,900
16161,1077,900
16162,744,606
16163,1077,900
16164,687,555
16165,687,555
16166,687,555
16167,687,555
16168,687,555
16169,687,555
16170,1244,1057
16171,1217,1033
16172,1217,1033
16173,1217,1033
16174,1217,1033
16175,227,176
16176,227,176
16177,227,176
16178,229,177
16179,234,182
16180,234,182
16181,40,34
16182,40,34
16183,1058,881
16184,40,34
16185,40,34
16186,40,34
16187,686,554
16188,1128,950
16189,1128,950
16190,1128,950
16191,1128,950
16192,1128,950
16193,1128,950
16194,769,631
16195,769,631
16196,769,631
16197,769,631
16198,769,631
16199,769,631
16200,769,631
16201,769,631
16202,769,631
16203,769,631
16204,769,631
16205,769,631
16206,769,631
16207,769,631
16208,769,631
16209,919,759
16210,919,759
16211,919,759
16212,688,556
16213,1185,1003
16214,1185,1003
16215,1185,1003
16216,725,588
16217,1233,1047
16218,344,272
16219,512,418
16220,512,418
16221,513,419
16222,773,635
16223,513,419
16224,773,635
16225,773,635
16226,773,635
16227,773,635
16228,773,635
16229,773,635
16230,773,635
16231,773,635
16232,773,635
16233,773,635
16234,773,635
16235,773,635
16236,1390,1199
16237,1390,1199
16238,1390,1199
16239,1390,1199
16240,1390,1199
16241,1390,1199
16242,1390,1199
16243,1390,1199
16244,1390,1199
16245,1390,1199
16246,1390,1199
16247,1390,1199
16248,1390,1199
16249,895,735
16250,899,739
16251,899,739
16252,895,735
16253,895,735
16254,899,739
16255,895,735
16256,899,739
16257,897,737
16258,897,737
16259,897,737
16260,897,737
16261,897,737
16262,897,737
16263,897,737
16264,899,739
16265,897,737
16266,897,737
16267,899,739
16268,897,737
16269,897,737
16270,897,737
16271,898,738
16272,898,738
16273,898,738
16274,898,738
16275,898,738
16276,896,736
16277,898,738
16278,896,736
16279,896,736
16280,898,738
16281,898,738
16282,896,736
16283,1390,1199
16284,1390,1199
16285,459,374
16286,459,374
16287,887,727
16288,887,727
16289,887,727
16290,458,373
16291,458,373
16292,886,726
16293,887,727
16294,888,728
16295,886,726
16296,888,728
16297,721,584
16298,720,583
16299,725,588
16300,1185,1003
16301,1185,1003
16302,1185,1003
16303,1076,899
16304,741,603
16305,760,622
16306,1390,1199
16307,760,622
16308,1391,1200
16309,760,622
16310,1391,1200
16311,1391,1200
16312,1391,1200
16313,1391,1200
16314,1391,1200
16315,1391,1200
16316,198,151
16317,198,151
16318,1391,1200
16319,198,151
16320,219,168
16321,218,167
16322,218,167
16323,221,170
16324,221,170
16325,219,168
16326,890,730
16327,890,730
16328,890,730
16329,891,731
16330,891,731
16331,891,731
16332,891,731
16333,202,155
16334,203,156
16335,679,548
16336,735,598
16337,798,656
16338,801,658
16339,799,657
16340,801,658
16341,894,734;1201
16342,1392,1201
16343,803,659
16344,803,659
16345,804,659;732
16346,803,659
16347,804,659;732
16348,1392,1201
16349,804,659;732
16350,1392,1201
16351,1392,1201
16352,893,734
16353,893,734
16354,893,734
16355,893,734
16356,893,734
16357,804,659;732
16358,893,734
16359,893,734
16360,896,736
16361,896,736
16362,896,736
16363,896,736
16364,896,736
16365,893,734
16366,893,734
16367,893,734
16368,763,625
16369,766,628
16370,766,628
16371,766,628
16372,765,627
16373,846,694
16374,902,742
16375,847,695
16376,846,694
16377,902,742
16378,847,695
16379,900,740
16380,901,741
16381,901,741
16382,900,740
16383,901,741
16384,901,741
16385,903,743
16386,903,743
16387,903,743
16388,903,743
16389,903,743
16390,901,741
16391,903,743
16392,901,741
16393,903,743
16394,903,743
16395,903,743
16396,1393,1202
16397,1393,1202
16398,1393,1202
16399,1393,1202
16400,1393,1202
16401,1393,1202
16402,1393,1202
16403,1393,1202
16404,1393,1202
16405,1393,1202
16406,1393,1202
16407,1393,1202
16408,1393,1202
16409,1393,1202
16410,1393,1202
16411,1393,1202
16412,1394,1203
16413,1393,1202
16414,1394,1203
16415,1395,1204
16416,1395,1204
16417,1394,1203
16418,1394,1203
16419,1395,1204
16420,1394,1203
16421,1394,1203
16422,1395,1204
16423,1394,1203
16424,1396,1205
16425,1395,1204
16426,1395,1204
16427,1395,1204
16428,1396,1205
16429,1396,1205
16430,1396,1205
16431,1396,1205
16432,1396,1205
16433,1396,1205
16434,1396,1205
16435,1396,1205
16436,1396,1205
16437,1396,1205
16438,1396,1205
16439,1396,1205
16440,893,734
16441,893,734
16442,893,734
16443,893,734
16444,1238,1051
16445,776,638
16446,776,638
16447,1237,1050
16448,776,638
16449,1237,1050
16450,1272,1084
16451,1272,1084
16452,1175,994
16453,1175,994
16454,1175,994
16455,354,282
16456,354,282
16457,11,8
16458,429,347
16459,1067,890
16460,138,105
16461,1150,972
16462,1150,972
16463,435,351
16464,96,76
16465,96,76
16466,1151,973
16467,96,76
16468,1397,1206
16469,1397,1206
16470,1397,1206
16471,1397,1206
16472,1151,973
16473,104,80;973
16474,1397,1206
16475,1397,1206
16476,443,359
16477,868,710
16478,110,85
16479,110,85
16480,110,85
16481,106,82
16482,110,85
16483,106,82
16484,106,82
16485,1232,1046
16486,1232,1046
16487,1066,889
16488,1066,889
16489,296,230
16490,282,224
16491,100,78
16492,1067,890
16493,1067,890
16494,1067,890
16495,1067,890
16496,1067,890
16497,1067,890
16498,52,45
16499,197,150
16500,40,34
16501,40,34
16502,40,34
16503,1238,1051
16504,197,150
16505,489,397
16506,489,397
16507,1251,1064
16508,1249,1062
16509,1249,1062
16510,1249,1062
16511,1249,1062
16512,1249,1062
16513,1251,1064
16514,1249,1062
16515,1249,1062
16516,1251,1064
16517,1085,908
16518,1258,1071
16519,1258,1071
16520,1258,1071
16521,1258,1071
16522,1090,913
16523,1090,913
16524,1090,913
16525,1140,962
16526,1140,962
16527,1139,961
16528,1140,962
16529,247,194
16530,248,195
16531,247,194
16532,248,195
16533,248,195
16534,248,195
16535,504,410
16536,761,623
16537,339,267
16538,339,267
16539,339,267
16540,339,267
16541,883,723
16542,884,724
16543,884,724
16544,884,724
16545,884,724
16546,225,174
16547,1257,1070
16548,671,541
16549,671,541
16550,524,427;541
16551,1089,912
16552,1089,912
16553,1089,912
16554,1089,912
16555,670,540
16556,182,140
16557,1250,1063
16558,571,470
16559,565,466
16560,572,471
16561,565,466
16562,576,474
16563,579,477
16564,579,477
16565,579,477
16566,333,261
16567,552,456
16568,1027,854;855
16569,1027,854;855
16570,710,574
16571,1054,879
16572,1054,879
16573,707,571
16574,420,338
16575,420,338
16576,420,338
16577,420,338
16578,1110,932
16579,1110,932
16580,706,570;1150
16581,1348,1158
16582,1348,1158
16583,1348,1158
16584,1348,1158
16585,1348,1158
16586,1348,1158
16587,1348,1158
16588,1348,1158
16589,1348,1158
16590,1348,1158
16591,1348,1158
16592,506,412
16593,347,275
16594,1075,898
16595,1077,900
16596,924,764
16597,926,765
16598,968,802
16599,926,765
16600,968,802
16601,1217,1033
16602,1217,1033
16603,1218,1034
16604,227,176
16605,1363,1172
16606,1363,1172
16607,1363,1172
16608,1363,1172
16609,1363,1172
16610,238,185;1172
16611,1216,1032
16612,1216,1032
16613,1216,1032
16614,1216,1032
16615,1216,1032
16616,1215,1031
16617,1215,1031
16618,1215,1031
16619,1212,1028
16620,1215,1031
16621,1215,1031
16622,1215,1031
16623,1212,1028
16624,1212,1028
16625,1212,1028
16626,1212,1028
16627,417,336
16628,415,335
16629,420,338
16630,227,176
16631,1216,1032
16632,1216,1032
16633,1212,1028
16634,1215,1031
16635,1212,1028
16636,1211,1027
16637,1397,1206
16638,435,351
16639,807,661
16640,1265,1077
16641,1265,1077
16642,480,389
16643,1265,1077
16644,1265,1077
16645,1101,923
16646,1265,1077
16647,1265,1077
16648,1100,922
16649,1100,922
16650,830,680
16651,831,680;1056
16652,407,328
16653,407,328
16654,407,328
16655,404,326
16656,404,326
16657,404,326
16658,404,326
16659,408,329
16660,408,329
16661,408,329
16662,408,329
16663,408,329
16664,138,105
16665,138,105
16666,13,10
16667,406,327
16668,685,553
16669,685,553
16670,406,327
16671,406,327
16672,631,504
16673,626,501;504
16674,631,504
16675,471,383
16676,1071,894
16677,1298,1109
16678,1191,1008
16679,409,330
16680,762,624
16681,762,624
16682,762,624
16683,253,200
16684,1148,970
16685,427,345
16686,427,345
16687,427,345
16688,1148,970
16689,1133,955
16690,1133,955
16691,1133,955
16692,426,344
16693,426,344
16694,91,73
16695,132,101
16696,131,100
16697,127,96
16698,1150,972
16699,1150,972
16700,1151,973
16701,107,83
16702,107,83
16703,107,83
16704,108,84
16705,1152,974
16706,1152,974
16707,1152,974
16708,125,94
16709,120,92
16710,95,75
16711,87,69
16712,88,70
16713,1153,975
16714,1153,975
16715,1153,975
16716,90,72
16717,1154,976
16718,1092,915
16719,868,710
16720,750,612
16721,848,696
16722,848,696
16723,1155,977
16724,849,697
16725,849,697
16726,437,353
16727,282,224
16728,850,698
16729,851,699
16730,851,699
16731,852,700
16732,460,375
16733,1158,980
16734,460,375
16735,460,375
16736,854,701
16737,1160,982
16738,1160,982
16739,857,704
16740,866,709
16741,866,709
16742,859,706
16743,1164,985
16744,859,706
16745,859,706
16746,859,706
16747,1161,983
16748,1161,983
16749,1162,984
16750,1162,984
16751,861,707
16752,1161,983
16753,861,707
16754,1069,892
16755,1069,892
16756,854,701
16757,858,705
16758,858,705
16759,868,710
16760,746,608
16761,1335,1145
16762,1073,896
16763,1073,896
16764,1073,896
16765,815,667
16766,807,661
16767,807,661
16768,1238,1051
16769,1238,1051
16770,1346,1156
16771,1346,1156
16772,1346,1156
16773,1346,1156
16774,1346,1156
16775,1346,1156
16776,1346,1156
16777,1346,1156
16778,1346,1156
16779,1346,1156
16780,1346,1156
16781,704,569
16782,704,569
16783,704,569
16784,704,569
16785,1237,1050
16786,1237,1050
16787,1237,1050
16788,776,638
16789,1237,1050
16790,482,391
16791,482,391
16792,480,389
16793,1170,989
16794,1100,922
16795,1095,918
16796,1095,918
16797,1098,920
16798,1098,920
16799,1098,920
16800,1098,920
16801,1098,920
16802,1098,920
16803,1098,920
16804,1098,920
16805,1098,920
16806,243,190
16807,480,389
16808,480,389
16809,480,389
16810,351,279
16811,343,271
16812,346,274
16813,346,274
16814,1074,897
16815,1074,897
16816,1075,898
16817,1074,897
16818,1074,897
16819,342,270
16820,1075,898
16821,1077,900
16822,1075,898
16823,679,548
16824,679,548
16825,1140,962
16826,1140,962
16827,1140,962
16828,1136,958
16829,1140,962
16830,1140,962
16831,1142,964
16832,1142,964
16833,659,529
16834,659,529
16835,659,529
16836,225,174
16837,225,174
16838,225,174
16839,108,84
16840,108,84
16841,106,82
16842,106,82
16843,108,84
16844,108,84
16845,664,534
16846,121,92;93
16847,1139,961
16848,1083,906
16849,1139,961
16850,1139,961
16851,1252,1065
16852,1135,957
16853,1135,957
16854,1252,1065
16855,1252,1065
16856,1252,1065
16857,335,263
16858,335,263
16859,337,265
16860,331,259
16861,331,259
16862,334,262
16863,334,262
16864,334,262
16865,513,419
16866,180,138
16867,180,138
16868,107,83
16869,107,83
16870,639,512
16871,639,512
16872,639,512
16873,639,512
16874,904,744
16875,640,513
16876,904,744
16877,904,744
16878,906,746
16879,904,744
16880,906,746
16881,906,746
16882,904,744
16883,904,744
16884,906,746
16885,1327,1137
16886,1327,1137
16887,906,746
16888,906,746
16889,110,85
16890,1232,1046
16891,904,744
16892,1232,1046
16893,1327,1137
16894,1327,1137
16895,1327,1137
16896,1327,1137
16897,1327,1137
16898,1327,1137
16899,83,66
16900,131,100
16901,572,471
16902,68,59
16903,68,59
16904,68,59
16905,434,350
16906,434,350
16907,63,55
16908,120,92
16909,120,92
16910,132,101
16911,127,96
16912,126,95
16913,1326,1136
16914,108,84
16915,1333,1143
16916,1333,1143
16917,1333,1143
16918,1333,1143
16919,110,85
16920,110,85
16921,110,85
16922,1152,974
16923,1152,974
16924,110,85
16925,1152,974
16926,1152,974
16927,59,51
16928,132,101
16929,127,96
16930,131,100
16931,131,100
16932,1333,1143
16933,125,94
16934,120,92
16935,1333,1143
16936,1333,1143
16937,125,94
16938,108,84
16939,91,73
16940,438,354
16941,647,517
16942,1186,1004
16943,253,200
16944,253,200
16945,1133,955
16946,1134,956
16947,59,51
16948,1134,956
16949,1134,956
16950,864,708
16951,859,706
16952,864,708
16953,859,706
16954,864,708
16955,1398,1207
16956,526,429
16957,526,429
16958,526,429
16959,521,425
16960,526,429
16961,521,425
16962,521,425
16963,526,429
16964,526,429
16965,522,426
16966,1398,1207
16967,522,426
16968,1398,1207
16969,528,431
16970,522,426
16971,1398,1207
16972,1398,1207
16973,1398,1207
16974,1398,1207
16975,522,426
16976,1398,1207
16977,1398,1207
16978,1398,1207
16979,1398,1207
16980,1398,1207
16981,528,431
16982,525,428
16983,1398,1207
16984,528,431
16985,528,431
16986,138,105
16987,136,104
16988,639,512
16989,854,701
16990,864,708
16991,864,708
16992,1265,1077
16993,1265,1077
16994,1265,1077
16995,1264,1076
16996,1170,989
16997,1265,1077
16998,1101,923
16999,1265,1077
17000,1264,1076
17001,1276,1088
17002,1276,1088
17003,1276,1088
17004,1173,992
17005,1276,1088
17006,1173,992
17007,1276,1088
17008,1276,1088
17009,1276,1088
17010,828,678
17011,12,9
17012,811,664
17013,811,664
17014,685,553
17015,386,311
17016,674,544
17017,551,455
17018,1399,1208
17019,1399,1208
17020,1399,1208
17021,1399,1208
17022,1399,1208
17023,1399,1208
17024,1399,1208
17025,1399,1208
17026,1399,1208
17027,1399,1208
17028,1147,969
17029,645,516;967
17030,1147,969
17031,1147,969
17032,433,349
17033,433,349
17034,1400,1209
17035,1400,1209
17036,1400,1209
17037,1400,1209
17038,1400,1209
17039,1401,1209;1275
17040,1401,1209;1275
17041,1400,1209
17042,1401,1209;1275
17043,1400,1209
17044,1400,1209
17045,1402,1209;1283
17046,1400,1209
17047,1400,1209
17048,1401,1209;1275
17049,641,514
17050,1397,1206
17051,1397,1206
17052,1397,1206
17053,52,45
17054,788,650
17055,871,713
17056,1072,895
17057,1070,893
17058,1072,895
17059,1072,895
17060,1290,1102
17061,1290,1102
17062,1290,1102
17063,1290,1102
17064,1290,1102
17065,1290,1102
17066,1290,1102
17067,1290,1102
17068,1290,1102
17069,1403,1210
17070,1294,1106
17071,1294,1106
17072,1294,1106
17073,1294,1106
17074,1294,1106
17075,1295,1107
17076,1295,1107
17077,1295,1107
17078,1296,1107;1116
17079,1295,1107
17080,1297,1108
17081,1295,1107
17082,1295,1107
17083,1297,1108
17084,1297,1108
17085,1297,1108
17086,1297,1108
17087,878,718
17088,1297,1108
17089,1297,1108
17090,878,718
17091,1297,1108
17092,1297,1108
17093,1304,1115
17094,1295,1107
17095,1297,1108
17096,1295,1107
17097,1297,1108
17098,1295,1107
17099,1295,1107
17100,1295,1107
17101,1304,1115
17102,1304,1115
17103,1304,1115
17104,1297,1108
17105,1299,1110
17106,1300,1111
17107,1300,1111
17108,1300,1111
17109,1300,1111
17110,1300,1111
17111,1300,1111
17112,1298,1109
17113,1300,1111
17114,1298,1109
17115,1298,1109
17116,1301,1112
17117,1301,1112
17118,1301,1112
17119,1301,1112
17120,1301,1112
17121,1301,1112
17122,1301,1112
17123,1301,1112
17124,1301,1112
17125,1301,1112
17126,1301,1112
17127,1301,1112
17128,1301,1112
17129,1301,1112
17130,1302,1113
17131,1302,1113
17132,1302,1113
17133,1302,1113
17134,1303,1114
17135,1303,1114
17136,1303,1114
17137,1303,1114
17138,1310,1121
17139,1310,1121
17140,1310,1121
17141,1310,1121
17142,1310,1121
17143,1310,1121
17144,1310,1121
17145,1311,1122
17146,1311,1122
17147,1312,1123
17148,1312,1123
17149,1312,1123
17150,1312,1123
17151,1312,1123
17152,1312,1123
17153,1312,1123
17154,1313,1124
17155,1313,1124
17156,1313,1124
17157,1313,1124
17158,1313,1124
17159,1314,1125
17160,1314,1125
17161,1314,1125
17162,1314,1125
17163,1314,1125
17164,1299,1110
17165,1314,1125
17166,1314,1125
17167,1314,1125
17168,1299,1110
17169,1299,1110
17170,1299,1110
17171,1314,1125
17172,1313,1124
17173,1313,1124
17174,1313,1124
17175,1313,1124
17176,1314,1125
17177,1404,1211
17178,1404,1211
17179,1404,1211
17180,1404,1211
17181,1404,1211
17182,1405,1212
17183,1404,1211
17184,1405,1212
17185,1404,1211
17186,1404,1211
17187,1404,1211
17188,1404,1211
17189,1404,1211
17190,1404,1211
17191,1404,1211
17192,1404,1211
17193,1404,1211
17194,1405,1212
17195,1405,1212
17196,1404,1211
17197,1405,1212
17198,1405,1212
17199,1405,1212
17200,1405,1212
17201,1405,1212
17202,1405,1212
17203,1311,1122
17204,1311,1122
17205,1312,1123
17206,1312,1123
17207,1311,1122
17208,1302,1113
17209,1302,1113
17210,1320,1131
17211,1320,1131
17212,1320,1131
17213,1320,1131
17214,1320,1131
17215,1320,1131
17216,1320,1131
17217,1320,1131
17218,1320,1131
17219,1320,1131
17220,1320,1131
17221,1406,1213
17222,1406,1213
17223,1406,1213
17224,1406,1213
17225,1406,1213
17226,1406,1213
17227,1406,1213
17228,1406,1213
17229,1406,1213
17230,1406,1213
17231,1406,1213
17232,1406,1213
17233,1315,1126
17234,1406,1213
17235,1315,1126
17236,1406,1213
17237,1406,1213
17238,1406,1213
17239,1315,1126
17240,1315,1126
17241,1315,1126
17242,1315,1126
17243,1315,1126
17244,1315,1126
17245,1315,1126
17246,1406,1213
17247,1406,1213
17248,1406,1213
17249,1321,1132
17250,1316,1127
17251,1316,1127
17252,1316,1127
17253,1316,1127
17254,1316,1127
17255,1316,1127
17256,1316,1127
17257,1316,1127
17258,1316,1127
17259,1247,1060
17260,1247,1060
17261,1247,1060
17262,1247,1060
17263,1316,1127
17264,1317,1128
17265,1317,1128
17266,1317,1128
17267,1317,1128
17268,1317,1128
17269,1317,1128
17270,1317,1128
17271,1317,1128
17272,1317,1128
17273,1317,1128
17274,1317,1128
17275,1247,1060
17276,1317,1128
17277,1318,1129
17278,1318,1129
17279,1318,1129
17280,1318,1129
17281,1318,1129
17282,1318,1129
17283,1318,1129
17284,1318,1129
17285,1318,1129
17286,1321,1132
17287,1318,1129
17288,1321,1132
17289,1321,1132
17290,1321,1132
17291,1321,1132
17292,1322,1133
17293,1322,1133
17294,1322,1133
17295,1321,1132
17296,1321,1132
17297,1321,1132
17298,1321,1132
17299,1322,1133
17300,1321,1132
17301,1322,1133
17302,1322,1133
17303,1322,1133
17304,1322,1133
17305,1322,1133
17306,1322,1133
17307,1319,1130
17308,1319,1130
17309,1319,1130
17310,1319,1130
17311,1319,1130
17312,1319,1130
17313,1319,1130
17314,1319,1130
17315,1319,1130
17316,1407,1214
17317,1319,1130
17318,1407,1214
17319,1407,1214
17320,1319,1130
17321,1407,1214
17322,1407,1214
17323,1319,1130
17324,1407,1214
17325,1407,1214
17326,1407,1214
17327,1407,1214
17328,1407,1214
17329,1407,1214
17330,1407,1214
17331,1407,1214
17332,1407,1214
17333,1407,1214
17334,1407,1214
17335,1407,1214
17336,1407,1214
17337,1407,1214
17338,1407,1214
17339,1408,1215
17340,1409,1216
17341,1409,1216
17342,1409,1216
17343,1409,1216
17344,1409,1216
17345,1408,1215
17346,1409,1216
17347,1408,1215
17348,1409,1216
17349,1408,1215
17350,1408,1215
17351,1408,1215
17352,1408,1215
17353,1408,1215
17354,1408,1215
17355,1408,1215
17356,1408,1215
17357,1408,1215
17358,1408,1215
17359,1409,1216
17360,1408,1215
17361,1408,1215
17362,1408,1215
17363,1408,1215
17364,1408,1215
17365,1408,1215
17366,1408,1215
17367,1409,1216
17368,1409,1216
17369,1409,1216
17370,1409,1216
17371,1409,1216
17372,1409,1216
17373,1410,1217
17374,1410,1217
17375,1410,1217
17376,1410,1217
17377,1410,1217
17378,1410,1217
17379,1410,1217
17380,1410,1217
17381,1410,1217
17382,1410,1217
17383,1410,1217
17384,1410,1217
17385,1410,1217
17386,1410,1217
17387,1410,1217
17388,1410,1217
17389,1410,1217
17390,1410,1217
17391,1410,1217
17392,1410,1217
17393,1411,1218
17394,1411,1218
17395,1411,1218
17396,1411,1218
17397,1411,1218
17398,1411,1218
17399,1411,1218
17400,1411,1218
17401,1411,1218
17402,1411,1218
17403,1411,1218
17404,1411,1218
17405,1411,1218
17406,166,125
17407,1411,1218
17408,166,125
17409,1411,1218
17410,1411,1218
17411,1411,1218
17412,1411,1218
17413,166,125
17414,166,125
17415,1411,1218
17416,1411,1218
17417,166,125
17418,166,125
17419,166,125
17420,166,125
17421,166,125
17422,166,125
17423,166,125
17424,166,125
17425,166,125
17426,1412,1219
17427,1413,1220
17428,1413,1220
17429,1412,1219
17430,1413,1220
17431,1413,1220
17432,1413,1220
17433,1413,1220
17434,1412,1219
17435,1412,1219
17436,1412,1219
17437,1413,1220
17438,1412,1219
17439,1413,1220
17440,1412,1219
17441,1412,1219
17442,1413,1220
17443,1413,1220
17444,1413,1220
17445,1413,1220
17446,1413,1220
17447,1413,1220
17448,1413,1220
17449,1413,1220
17450,1413,1220
17451,1413,1220
17452,1412,1219
17453,1412,1219
17454,1412,1219
17455,1414,1221
17456,1412,1219
17457,1412,1219
17458,1412,1219
17459,1412,1219
17460,1412,1219
17461,1414,1221
17462,1414,1221
17463,1414,1221
17464,1414,1221
17465,1414,1221
17466,1414,1221
17467,1414,1221
17468,1414,1221
17469,1414,1221
17470,1414,1221
17471,1414,1221
17472,1414,1221
17473,1414,1221
17474,1414,1221
17475,1414,1221
17476,1412,1219
17477,1412,1219
17478,1414,1221
17479,1414,1221
17480,1414,1221
17481,1413,1220
17482,1412,1219
17483,1414,1221
17484,1415,1222
17485,1415,1222
17486,1415,1222
17487,1415,1222
17488,1415,1222
17489,1415,1222
17490,1415,1222
17491,1415,1222
17492,1415,1222
17493,1415,1222
17494,1415,1222
17495,1415,1222
17496,1415,1222
17497,1415,1222
17498,1415,1222
17499,1415,1222
17500,1415,1222
17501,1412,1219
17502,1415,1222
17503,1415,1222
17504,168,127
17505,168,127
17506,168,127
17507,168,127
17508,168,127
17509,168,127
17510,168,127
17511,168,127
17512,168,127
17513,168,127
17514,168,127
17515,168,127
17516,1415,1222
17517,1416,1223
17518,1416,1223
17519,1416,1223
17520,1416,1223
17521,1416,1223
17522,1416,1223
17523,1416,1223
17524,1416,1223
17525,1416,1223
17526,1416,1223
17527,1416,1223
17528,1416,1223
17529,1416,1223
17530,1416,1223
17531,1416,1223
17532,1416,1223
17533,1417,1224
17534,1417,1224
17535,1417,1224
17536,1417,1224
17537,1417,1224
17538,1417,1224
17539,1417,1224
17540,1417,1224
17541,1417,1224
17542,1417,1224
17543,1418,1225
17544,1417,1224
17545,1418,1225
17546,1417,1224
17547,1417,1224
17548,1418,1225
17549,1418,1225
17550,1418,1225
17551,1418,1225
17552,1418,1225
17553,1418,1225
17554,1418,1225
17555,1418,1225
17556,1418,1225
17557,1418,1225
17558,1418,1225
17559,1418,1225
17560,1418,1225
17561,1418,1225
17562,1418,1225
17563,1418,1225
17564,1418,1225
17565,1418,1225
17566,1418,1225
17567,1417,1224
17568,1417,1224
17569,1417,1224
17570,1417,1224
17571,1417,1224
17572,1417,1224
17573,1417,1224
17574,1419,1226
17575,1419,1226
17576,1418,1225
17577,1419,1226
17578,1419,1226
17579,1419,1226
17580,1419,1226
17581,1419,1226
17582,1419,1226
17583,1419,1226
17584,1419,1226
17585,1419,1226
17586,1419,1226
17587,1420,1227
17588,1420,1227
17589,1419,1226
17590,1419,1226
17591,1419,1226
17592,1419,1226
17593,1419,1226
17594,1420,1227
17595,1420,1227
17596,1420,1227
17597,1420,1227
17598,1419,1226
17599,1419,1226
17600,1419,1226
17601,1419,1226
17602,1421,1228
17603,1420,1227
17604,1421,1228
17605,1421,1228
17606,1421,1228
17607,1421,1228
17608,1421,1228
17609,1421,1228
17610,1421,1228
17611,1421,1228
17612,1421,1228
17613,1421,1228
17614,1421,1228
17615,1420,1227
17616,1420,1227
17617,1421,1228
17618,1420,1227
17619,1420,1227
17620,1420,1227
17621,1421,1228
17622,1420,1227
17623,1420,1227
17624,1421,1228
17625,1420,1227
17626,1421,1228
17627,1420,1227
17628,1421,1228
17629,1421,1228
17630,1420,1227
17631,1421,1228
17632,1420,1227
17633,1421,1228
17634,1420,1227
17635,1422,1229
17636,1422,1229
17637,1422,1229
17638,751,613
17639,751,613
17640,751,613
17641,751,613
17642,751,613
17643,751,613
17644,1423,1230
17645,1423,1230
17646,1423,1230
17647,1423,1230
17648,1115,937
17649,1115,937
17650,1115,937
17651,1115,937
17652,1115,937
17653,1115,937
17654,1116,938
17655,1115,937
17656,1115,937
17657,1116,938
17658,1115,937
17659,1115,937
17660,1116,938
17661,1115,937
17662,1115,937
17663,1116,938
17664,1116,938
17665,1116,938
17666,1116,938
17667,1116,938
17668,1116,938
17669,1116,938
17670,1116,938
17671,1116,938
17672,1116,938
17673,1116,938
17674,1116,938
17675,1116,938
17676,1117,939
17677,1117,939
17678,1117,939
17679,1117,939
17680,1117,939
17681,1117,939
17682,1117,939
17683,1117,939
17684,1117,939
17685,1117,939
17686,1117,939
17687,1117,939
17688,1117,939
17689,1117,939
17690,1117,939
17691,1117,939
17692,751,613
17693,751,613
17694,751,613
17695,751,613
17696,1118,940
17697,1118,940
17698,1118,940
17699,1118,940
17700,1118,940
17701,1118,940
17702,1118,940
17703,1118,940
17704,1119,941
17705,1119,941
17706,1119,941
17707,1119,941
17708,1119,941
17709,1119,941
17710,1120,942
17711,1118,940
17712,1118,940
17713,1118,940
17714,1118,940
17715,1119,941
17716,1119,941
17717,1119,941
17718,1424,1231
17719,1424,1231
17720,1118,940
17721,1118,940
17722,1120,942
17723,1120,942
17724,1120,942
17725,1120,942
17726,1120,942
17727,1120,942
17728,1120,942
17729,1424,1231
17730,1424,1231
17731,1424,1231
17732,1120,942
17733,1424,1231
17734,1424,1231
17735,1424,1231
17736,1424,1231
17737,1424,1231
17738,1424,1231
17739,1424,1231
17740,1424,1231
17741,1424,1231
17742,1424,1231
17743,1424,1231
17744,1424,1231
17745,1424,1231
17746,1424,1231
17747,1424,1231
17748,1120,942
17749,1120,942
17750,1120,942
17751,1120,942
17752,1120,942
17753,1120,942
17754,1120,942
17755,1118,940
17756,1118,940
17757,1425,1232
17758,1425,1232
17759,1425,1232
17760,1426,1233
17761,1426,1233
17762,1426,1233
17763,1425,1232
17764,1425,1232
17765,1425,1232
17766,1425,1232
17767,1425,1232
17768,1425,1232
17769,1425,1232
17770,1426,1233
17771,1425,1232
17772,1425,1232
17773,1425,1232
17774,1425,1232
17775,1425,1232
17776,1425,1232
17777,1425,1232
17778,1425,1232
17779,1425,1232
17780,1425,1232
17781,1426,1233
17782,1426,1233
17783,1426,1233
17784,1426,1233
17785,1426,1233
17786,1426,1233
17787,1426,1233
17788,1426,1233
17789,1426,1233
17790,1427,1234
17791,1427,1234
17792,1427,1234
17793,1427,1234
17794,1427,1234
17795,1427,1234
17796,1427,1234
17797,1427,1234
17798,1427,1234
17799,1427,1234
17800,1427,1234
17801,1427,1234
17802,1428,1235
17803,1427,1234
17804,1427,1234
17805,1427,1234
17806,1427,1234
17807,1427,1234
17808,1427,1234
17809,1428,1235
17810,1429,1236
17811,1429,1236
17812,1428,1235
17813,1429,1236
17814,1428,1235
17815,1429,1236
17816,1428,1235
17817,1428,1235
17818,1428,1235
17819,1429,1236
17820,1429,1236
17821,1429,1236
17822,1428,1235
17823,1428,1235
17824,1428,1235
17825,1428,1235
17826,1428,1235
17827,1428,1235
17828,1428,1235
17829,1427,1234
17830,1428,1235
17831,1429,1236
17832,1429,1236
17833,1430,1237
17834,1430,1237
17835,1430,1237
17836,1430,1237
17837,1429,1236
17838,1430,1237
17839,1430,1237
17840,1429,1236
17841,1429,1236
17842,1430,1237
17843,1430,1237
17844,1429,1236
17845,1429,1236
17846,1429,1236
17847,1430,1237
17848,1429,1236
17849,1430,1237
17850,1429,1236
17851,1430,1237
17852,1430,1237
17853,1430,1237
17854,1429,1236
17855,1430,1237
17856,1429,1236
17857,1430,1237
17858,1430,1237
17859,1430,1237
17860,1429,1236
17861,1430,1237
17862,1430,1237
17863,1430,1237
17864,346,274
17865,731,594
17866,250,197
17867,781,643
17868,784,646
17869,781,643
17870,784,646
17871,1086,909
17872,1086,909
17873,1086,909
17874,334,262
17875,335,263
17876,336,264
17877,1257,1070
17878,1257,1070
17879,1257,1070
17880,1257,1070
17881,1257,1070
17882,1257,1070
17883,1257,1070
17884,539,443
17885,541,445
17886,541,445
17887,569,469
17888,1223,1039
17889,134,102;333
17890,412,333
17891,412,333
17892,824,675
17893,824,675
17894,59,51
17895,69,60
17896,848,696
17897,904,744
17898,1329,1139
17899,854,701
17900,1152,974
17901,69,60
17902,69,60
17903,69,60
17904,70,61
17905,282,224
17906,1145,967
17907,354,282
17908,96,76
17909,96,76
17910,96,76
17911,96,76
17912,96,76
17913,1397,1206
17914,107,83
17915,110,85
17916,110,85
17917,1152,974
17918,1152,974
17919,1152,974
17920,1152,974
17921,1399,1208
17922,1399,1208
17923,1399,1208
17924,1399,1208
17925,1399,1208
17926,1399,1208
17927,1399,1208
17928,634,507
17929,83,66
17930,92,74
17931,92,74
17932,1187,1005
17933,88,70
17934,88,70
17935,87,69
17936,87,69
17937,1153,975
17938,1153,975
17939,1153,975
17940,1153,975
17941,1153,975
17942,90,72
17943,1091,914
17944,1091,914
17945,107,83
17946,107,83
17947,645,516;967
17948,437,353
17949,437,353
17950,1160,982
17951,1161,983
17952,1161,983
17953,1161,983
17954,867,709;983
17955,1161,983
17956,1237,1050
17957,776,638
17958,1237,1050
17959,1237,1050
17960,199,152
17961,780,642
17962,780,642
17963,780,642
17964,529,433
17965,529,433
17966,518,423
17967,1099,921
17968,1171,990
17969,529,433
17970,1099,921
17971,1099,921
17972,1099,921
17973,1099,921
17974,630,503
17975,630,503
17976,629,502
17977,629,502
17978,10,7
17979,10,7
17980,730,593
17981,225,174
17982,671,541
17983,672,542
17984,672,542
17985,683,551
17986,762,624
17987,253,200
17988,253,200
17989,427,345
17990,1148,970
17991,427,345
17992,1089,912
17993,1089,912
17994,1431,1238
17995,1431,1238
17996,1431,1238
17997,1431,1238
17998,1431,1238
17999,1431,1238
18000,1431,1238
18001,1431,1238
18002,1431,1238
18003,1431,1238
18004,1431,1238
18005,1431,1238
18006,1431,1238
18007,1431,1238
18008,1134,956
18009,426,344
18010,1134,956
18011,426,344
18012,1330,1140
18013,762,624
18014,762,624
18015,762,624
18016,762,624
18017,762,624
18018,426,344
18019,762,624
18020,762,624
18021,762,624
18022,253,200
18023,762,624
18024,762,624
18025,253,200
18026,1134,956
18027,253,200
18028,426,344
18029,253,200
18030,1330,1140
18031,1330,1140
18032,762,624
18033,1148,970
18034,672,542
18035,1108,930
18036,1086,909
18037,1087,910
18038,112,87
18039,660,530
18040,659,529
18041,253,200
18042,762,624
18043,253,200
18044,253,200
18045,1330,1140
18046,114,88
18047,1330,1140
18048,579,477
18049,330,258
18050,332,260
18051,328,256
18052,1330,1140
18053,1330,1140
18054,1330,1140
18055,1330,1140
18056,1330,1140
18057,1086,909
18058,1086,909
18059,280,222
18060,280,222
18061,427,345
18062,524,427;541
18063,126,95
18064,129,98
18065,129,98
18066,129,98
18067,129,98
18068,1432,1239
18069,1432,1239
18070,129,98
18071,1432,1239
18072,1432,1239
18073,1432,1239
18074,1432,1239
18075,1432,1239
18076,1432,1239
18077,1432,1239
18078,1432,1239
18079,1432,1239
18080,1432,1239
18081,1432,1239
18082,131,100
18083,131,100
18084,131,100
18085,131,100
18086,1086,909
18087,639,512
18088,131,100
18089,512,418
18090,197,150
18091,197,150
18092,197,150
18093,197,150
18094,433,349
18095,433,349
18096,1324,1135
18097,136,104
18098,1324,1135
18099,1324,1135
18100,139,106
18101,569,469
18102,139,106
18103,1150,972
18104,1150,972
18105,1150,972
18106,1150,972
18107,1150,972
18108,1397,1206
18109,96,76
18110,1152,974
18111,426,344
18112,1397,1206
18113,112,87
18114,427,345
18115,427,345
18116,427,345
18117,1332,1142
18118,68,59
18119,114,88
18120,1431,1238
18121,1431,1238
18122,1431,1238
18123,1431,1238
18124,1134,956
18125,426,344
18126,426,344
18127,425,343
18128,425,343
18129,425,343
18130,425,343
18131,1330,1140
18132,425,343
18133,129,98
18134,129,98
18135,129,98
18136,1153,975
18137,1433,1240
18138,1433,1240
18139,1433,1240
18140,1433,1240
18141,1433,1240
18142,1433,1240
18143,1433,1240
18144,1433,1240
18145,1433,1240
18146,1433,1240
18147,1433,1240
18148,1433,1240
18149,1433,1240
18150,1433,1240
18151,1433,1240
18152,1433,1240
18153,129,98
18154,1333,1143
18155,1333,1143
18156,52,45
18157,1384,1193
18158,1384,1193
18159,1384,1193
18160,1384,1193
18161,1384,1193
18162,1092,915
18163,1385,1194
18164,1384,1193
18165,1385,1194
18166,1384,1193
18167,1333,1143
18168,1334,1144
18169,1334,1144
18170,649,519
18171,1385,1194
18172,1385,1194
18173,1385,1194
18174,1068,891
18175,1068,891
18176,1384,1193
18177,1384,1193
18178,1385,1194
18179,1385,1194
18180,1385,1194
18181,1384,1193
18182,1385,1194
18183,1333,1143
18184,1397,1206
18185,1397,1206
18186,868,710
18187,1385,1194
18188,1068,891
18189,671,541
18190,129,98
18191,129,98
18192,129,98
18193,641,514
18194,641,514
18195,641,514
18196,1335,1145
18197,1335,1145
18198,1335,1145
18199,904,744
18200,906,746
18201,905,745
18202,1327,1137
18203,1327,1137
18204,1328,1138
18205,1328,1138
18206,1328,1138
18207,1328,1138
18208,1328,1138
18209,1328,1138
18210,1328,1138
18211,1328,1138
18212,1328,1138
18213,1329,1139
18214,1329,1139
18215,1329,1139
18216,1329,1139
18217,1329,1139
18218,1329,1139
18219,1329,1139
18220,100,78
18221,1151,973
18222,720,583
18223,1335,1145
18224,905,745
18225,905,745
18226,905,745
18227,905,745
18228,905,745
18229,1434,1241
18230,905,745
18231,905,745
18232,905,745
18233,905,745
18234,905,745
18235,848,696
18236,1155,977
18237,1155,977
18238,1151,973
18239,1155,977
18240,129,98
18241,129,98
18242,88,70
18243,202,155
18244,203,156
18245,758,620
18246,201,154
18247,202,155
18248,759,621
18249,760,622
18250,760,622
18251,760,622
18252,895,735
18253,895,735
18254,895,735
18255,899,739
18256,758,620
18257,849,697
18258,739,600
18259,899,739
18260,895,735
18261,743,605
18262,334,262
18263,730,593
18264,731,594
18265,331,259
18266,88,70
18267,1066,889
18268,282,224
18269,436,352
18270,282,224
18271,296,230
18272,291,228
18273,285,226
18274,331,259
18275,198,151
18276,282,224
18277,1066,889
18278,851,699
18279,527,430
18280,460,375
18281,460,375
18282,475,386;980
18283,436,352
18284,896,736
18285,218,167
18286,218,167
18287,647,517
18288,880,720
18289,879,719
18290,881,721
18291,880,720
18292,881,721
18293,879,719
18294,879,719
18295,880,720
18296,879,719
18297,880,720
18298,508,414
18299,881,721
18300,881,721
18301,881,721
18302,881,721
18303,881,721
18304,881,721
18305,880,720
18306,880,720
18307,218,167
18308,881,721
18309,879,719
18310,879,719
18311,647,517
18312,440,356
18313,441,357
18314,552,456
18315,880,720
18316,880,720
18317,881,721
18318,879,719
18319,1397,1206
18320,854,701
18321,519,424
18322,519,424
18323,519,424
18324,523,427
18325,523,427
18326,528,431
18327,526,429
18328,528,431
18329,525,428
18330,528,431
18331,528,431
18332,525,428
18333,526,429
18334,528,431
18335,525,428
18336,521,425
18337,521,425
18338,521,425
18339,526,429
18340,522,426
18341,522,426
18342,1398,1207
18343,522,426
18344,1398,1207
18345,343,271
18346,856,703
18347,856,703
18348,856,703
18349,1147,969
18350,351,279
18351,346,274
18352,351,279
18353,642,515
18354,1237,1050
18355,1236,1049
18356,1236,1049
18357,1236,1049
18358,1236,1049
18359,1236,1049
18360,1236,1049
18361,1236,1049
18362,1236,1049
18363,1239,1052
18364,1240,1053
18365,1240,1053
18366,1240,1053
18367,1239,1052
18368,1240,1053
18369,1239,1052
18370,1145,967
18371,1237,1050
18372,1236,1049
18373,1239,1052
18374,1161,983
18375,861,707
18376,862,707;709
18377,861,707
18378,859,706
18379,861,707
18380,1162,984
18381,866,709
18382,866,709
18383,866,709
18384,896,736
18385,775,637
18386,1240,1053
18387,1240,1053
18388,536,440
18389,1077,900
18390,1075,898
18391,1075,898
18392,1074,897
18393,522,426
18394,522,426
18395,522,426
18396,1146,968
18397,342,270
18398,1146,968
18399,1075,898
18400,775,637
18401,1240,1053
18402,342,270
18403,1074,897
18404,1077,900
18405,1074,897
18406,1075,898
18407,1075,898
18408,1139,961
18409,1139,961
18410,1139,961
18411,1078,901
18412,239,186
18413,744,606
18414,864,708
18415,1077,900
18416,726,589
18417,866,709
18418,1078,901
18419,1137,959
18420,1090,913
18421,522,426
18422,1162,984
18423,1160,982
18424,1160,982
18425,1140,962
18426,522,426
18427,297,231
18428,1164,985
18429,784,646
18430,199,152
18431,785,647
18432,784,646
18433,785,647
18434,1041,866
18435,1199,1016
18436,1123,945
18437,1123,945
18438,923,763
18439,1125,947
18440,1125,947
18441,1125,947
18442,1123,945
18443,1123,945
18444,1123,945
18445,1123,945
18446,1123,945
18447,1123,945
18448,1123,945
18449,1123,945
18450,1123,945
18451,1123,945
18452,1123,945
18453,159,119
18454,967,801
18455,165,124
18456,159,119
18457,159,119
18458,165,124
18459,968,802
18460,161,120;801
18461,165,124
18462,165,124
18463,165,124
18464,925,764;766
18465,927,766
18466,928,767
18467,927,766
18468,368,294
18469,152,112
18470,426,344
18471,1153,975
18472,1154,976
18473,441,357
18474,868,710
18475,1115,937
18476,1119,941
18477,1121,943
18478,1121,943
18479,1121,943
18480,1121,943
18481,1427,1234
18482,1121,943
18483,1427,1234
18484,1121,943
18485,1428,1235
18486,1435,1242
18487,1435,1242
18488,1435,1242
18489,1436,1243
18490,1436,1243
18491,1436,1243
18492,1435,1242
18493,1437,1244
18494,1438,1245
18495,1438,1245
18496,1438,1245
18497,1437,1244
18498,1438,1245
18499,1437,1244
18500,1439,1246
18501,1439,1246
18502,1438,1245
18503,1438,1245
18504,1440,1247
18505,1437,1244
18506,1437,1244
18507,1437,1244
18508,1440,1247
18509,1439,1246
18510,1439,1246
18511,1440,1247
18512,1439,1246
18513,1438,1245
18514,1436,1243
18515,1426,1233
18516,1426,1233
18517,1013,841
18518,1013,841
18519,1025,853
18520,1013,841
18521,1013,841
18522,1013,841
18523,1013,841
18524,1015,843
18525,1013,841
18526,1045,870
18527,1045,870
18528,1197,1014
18529,1198,1015
18530,1197,1014
18531,814,666
18532,1198,1015
18533,1198,1015
18534,1197,1014
18535,814,666
18536,1198,1015
18537,1198,1015
18538,1441,1248
18539,1441,1248
18540,1441,1248
18541,1,1
18542,1441,1248
18543,1,1
18544,1,1
18545,1,1
18546,1441,1248
18547,1442,1249
18548,1442,1249
18549,1442,1249
18550,1442,1249
18551,1442,1249
18552,1130,952
18553,1130,952
18554,1130,952
18555,1443,1250
18556,1443,1250
18557,1443,1250
18558,1443,1250
18559,1443,1250
18560,1443,1250
18561,1443,1250
18562,1443,1250
18563,1443,1250
18564,1444,1251
18565,1444,1251
18566,1444,1251
18567,1444,1251
18568,1444,1251
18569,1445,1252
18570,1444,1251
18571,1445,1252
18572,1445,1252
18573,1445,1252
18574,1445,1252
18575,1445,1252
18576,1445,1252
18577,1445,1252
18578,1208,1024
18579,1445,1252
18580,1208,1024
18581,1208,1024
18582,1208,1024
18583,1446,1253
18584,717,580
18585,717,580
18586,717,580
18587,1447,1254
18588,1447,1254
18589,1446,1253
18590,1447,1254
18591,1447,1254
18592,1447,1254
18593,1447,1254
18594,1447,1254
18595,1126,948
18596,1446,1253
18597,1446,1253
18598,686,554
18599,686,554
18600,1124,946
18601,1124,946
18602,1123,945
18603,1448,1255
18604,876,716
18605,1282,1094
18606,1283,1095
18607,1282,1094
18608,876,716
18609,1282,1094
18610,1282,1094
18611,1284,1096
18612,1284,1096
18613,1284,1096
18614,787,649
18615,787,649
18616,1449,1256
18617,1449,1256
18618,1449,1256
18619,787,649
18620,1449,1256
18621,787,649
18622,1450,1257
18623,1449,1256
18624,1449,1256
18625,1450,1257
18626,1450,1257
18627,1450,1257
18628,1450,1257
18629,1450,1257
18630,1450,1257
18631,787,649
18632,787,649
18633,787,649
18634,1299,1110
18635,1298,1109
18636,1298,1109
18637,1298,1109
18638,1298,1109
18639,1298,1109
18640,1298,1109
18641,1305,1116
18642,1305,1116
18643,1109,931
18644,1109,931
18645,1389,1198
18646,1389,1198
18647,1389,1198
18648,1389,1198
18649,1451,1258
18650,1129,951
18651,1451,1258
18652,1451,1258
18653,380,305
18654,1451,1258
18655,1451,1258
18656,1451,1258
18657,1451,1258
18658,1451,1258
18659,1451,1258
18660,1451,1258
18661,1451,1258
18662,378,304
18663,1403,1210
18664,1452,1259
18665,1403,1210
18666,1452,1259
18667,1452,1259
18668,1403,1210
18669,1452,1259
18670,1452,1259
18671,1403,1210
18672,1403,1210
18673,1449,1256
18674,1449,1256
18675,1449,1256
18676,787,649
18677,1449,1256
18678,787,649
18679,1449,1256
18680,1450,1257
18681,1450,1257
18682,1450,1257
18683,1450,1257
18684,1450,1257
18685,1450,1257
18686,1,1
18687,1130,952
18688,1130,952
18689,1,1
18690,1130,952
18691,1,1
18692,1130,952
18693,1109,931
18694,1441,1248
18695,1441,1248
18696,1132,954
18697,1441,1248
18698,1441,1248
18699,1442,1249
18700,701,567
18701,1443,1250
18702,1442,1249
18703,1443,1250
18704,1442,1249
18705,1389,1198
18706,1389,1198
18707,1442,1249
18708,1442,1249
18709,1442,1249
18710,1442,1249
18711,1442,1249
18712,1442,1249
18713,1442,1249
18714,1446,1253
18715,1445,1252
18716,1446,1253
18717,1446,1253
18718,1196,1013
18719,1447,1254
18720,1128,950
18721,1447,1254
18722,1447,1254
18723,1128,950
18724,1208,1024
18725,1122,944
18726,1122,944
18727,686,554
18728,686,554
18729,717,580
18730,1403,1210
18731,1248,1061
18732,1248,1061
18733,1403,1210
18734,1248,1061
18735,1403,1210
18736,1450,1257
18737,1403,1210
18738,1403,1210
18739,1450,1257
18740,1450,1257
18741,1450,1257
18742,1450,1257
18743,1451,1258
18744,1450,1257
18745,1450,1257
18746,1453,1260
18747,1450,1257
18748,1451,1258
18749,1451,1258
18750,1453,1260
18751,1453,1260
18752,1453,1260
18753,1453,1260
18754,1449,1256
18755,1452,1259
18756,1452,1259
18757,1449,1256
18758,1449,1256
18759,1449,1256
18760,1452,1259
18761,1452,1259
18762,1449,1256
18763,787,649
18764,787,649
18765,1448,1255
18766,1448,1255
18767,1448,1255
18768,1448,1255
18769,1448,1255
18770,787,649
18771,787,649
18772,787,649
18773,787,649
18774,162,121
18775,162,121
18776,162,121
18777,162,121
18778,162,121
18779,162,121
18780,1454,1261
18781,1454,1261
18782,1454,1261
18783,1454,1261
18784,162,121
18785,162,121
18786,162,121
18787,162,121
18788,1455,1262
18789,1455,1262
18790,1052,877
18791,1053,878
18792,1052,877
18793,1053,878
18794,1052,877
18795,1053,878
18796,1052,877
18797,1053,878
18798,1052,877
18799,1052,877
18800,1053,878
18801,1052,877
18802,1052,877
18803,1052,877
18804,1456,1263
18805,1456,1263
18806,1456,1263
18807,1456,1263
18808,1456,1263
18809,1457,1264
18810,1457,1264
18811,1457,1264
18812,1457,1264
18813,1457,1264
18814,227,176
18815,1457,1264
18816,1457,1264
18817,1457,1264
18818,1457,1264
18819,1457,1264
18820,1457,1264
18821,1457,1264
18822,1457,1264
18823,1457,1264
18824,1457,1264
18825,1457,1264
18826,1455,1262
18827,1455,1262
18828,1455,1262
18829,1455,1262
18830,1455,1262
18831,1455,1262
18832,1455,1262
18833,1455,1262
18834,1455,1262
18835,1455,1262
18836,1455,1262
18837,1455,1262
18838,1455,1262
18839,1454,1261
18840,1454,1261
18841,1454,1261
18842,1454,1261
18843,1454,1261
18844,1454,1261
18845,1454,1261
18846,1454,1261
18847,1454,1261
18848,1454,1261
18849,1454,1261
18850,1454,1261
18851,931,770
18852,931,770
18853,931,770
18854,931,770
18855,931,770
18856,931,770
18857,932,771
18858,932,771
18859,932,771
18860,933,772
18861,933,772
18862,933,772
18863,935,774
18864,935,774
18865,935,774
18866,935,774
18867,935,774
18868,936,775
18869,984,814
18870,984,814
18871,38,32
18872,1057,880
18873,38,32
18874,38,32
18875,1058,881
18876,1058,881
18877,1058,881
18878,393,317
18879,400,323
18880,400,323
18881,411,332
18882,395,318
18883,400,323
18884,397,320
18885,400,323
18886,1374,1183
18887,1374,1183
18888,1374,1183
18889,1374,1183
18890,1374,1183
18891,1374,1183
18892,1374,1183
18893,1035,861
18894,1032,858
18895,1038,864
18896,1031,857
18897,1041,866
18898,227,176
18899,227,176
18900,409,330
18901,408,329
18902,408,329
18903,408,329
18904,408,329
18905,408,329
18906,753,615
18907,753,615
18908,763,625
18909,753,615
18910,986,816
18911,986,816
18912,986,816
18913,986,816
18914,778,640
18915,778,640
18916,133,102
18917,141,107
18918,142,107;1079
18919,135,103
18920,141,107
18921,143,108
18922,145,109
18923,145,109
18924,1261,1074
18925,1267,1079
18926,468,380
18927,1267,1079
18928,1267,1079
18929,468,380
18930,468,380
18931,468,380
18932,468,380
18933,468,380
18934,468,380
18935,832,681
18936,832,681
18937,832,681
18938,832,681
18939,832,681
18940,832,681
18941,832,681
18942,832,681
18943,832,681
18944,832,681
18945,832,681
18946,605,492
18947,605,492
18948,605,492
18949,1383,1192
18950,1383,1192
18951,605,492
18952,1383,1192
18953,605,492
18954,605,492
18955,605,492
18956,605,492
18957,605,492
18958,1383,1192
18959,482,391
18960,833,682
18961,833,682
18962,833,682
18963,482,391
18964,833,682
18965,833,682
18966,482,391
18967,833,682
18968,833,682
18969,1094,917
18970,1094,917
18971,1094,917
18972,1094,917
18973,1094,917
18974,1263,1075
18975,1094,917
18976,1095,918
18977,1095,918
18978,1095,918
18979,1095,918
18980,1095,918
18981,1095,918
18982,1095,918
18983,1095,918
18984,1095,918
18985,1093,916
18986,1093,916
18987,1093,916
18988,1093,916
18989,9,6
18990,518,423
18991,518,423
18992,518,423
18993,529,433
18994,518,423
18995,1099,921
18996,1171,990
18997,1171,990
18998,1171,990
18999,1171,990
19000,1170,989
19001,1268,1080
19002,1268,1080
19003,1268,1080
19004,1264,1076
19005,1264,1076
19006,1268,1080
19007,1268,1080
19008,1268,1080
19009,1268,1080
19010,1264,1076
19011,1458,1265
19012,1268,1080
19013,1458,1265
19014,1268,1080
19015,1268,1080
19016,1268,1080
19017,1264,1076
19018,1458,1265
19019,1458,1265
19020,1458,1265
19021,715,578
19022,716,579
19023,1270,1082
19024,1270,1082
19025,1270,1082
19026,1270,1082
19027,1270,1082
19028,1172,991
19029,1278,1090
19030,1270,1082
19031,1270,1082
19032,1278,1090
19033,1278,1090
19034,1270,1082
19035,1172,991
19036,1277,1089
19037,716,579
19038,1277,1089
19039,1277,1089
19040,1277,1089
19041,716,579
19042,1272,1084
19043,1272,1084
19044,1272,1084
19045,1272,1084
19046,1272,1084
19047,1272,1084
19048,1273,1085
19049,607,494
19050,1273,1085
19051,607,494
19052,1273,1085
19053,607,494
19054,607,494
19055,607,494
19056,607,494
19057,11,8
19058,12,9
19059,12,9
19060,1459,1266
19061,1459,1266
19062,1459,1266
19063,1459,1266
19064,1459,1266
19065,1459,1266
19066,1459,1266
19067,827,677
19068,1105,927
19069,1105,927
19070,1105,927
19071,821,673
19072,586,484
19073,1106,928
19074,1106,928
19075,821,673
19076,821,673
19077,821,673
19078,1106,928
19079,588,484;1083
19080,586,484
19081,586,484
19082,1246,1059
19083,1180,998
19084,354,282
19085,354,282
19086,1179,997
19087,1175,994
19088,1175,994
19089,354,282
19090,1175,994
19091,1180,998
19092,1175,994
19093,1246,1059
19094,1246,1059
19095,1246,1059
19096,841,690
19097,842,690;1056
19098,841,690
19099,844,692
19100,841,690
19101,844,692
19102,834,683
19103,845,693
19104,834,683
19105,845,693
19106,1243,1056
19107,1243,1056
19108,600,491
19109,600,491
19110,600,491
19111,630,503
19112,630,503
19113,630,503
19114,620,499;501
19115,629,502
19116,621,500
19117,12,9
19118,11,8
19119,715,578
19120,715,578
19121,715,578
19122,715,578
19123,715,578
19124,715,578
19125,11,8
19126,838,687
19127,412,333
19128,482,391
19129,1269,1081
19130,1269,1081
19131,1269,1081
19132,1269,1081
19133,1269,1081
19134,1268,1080
19135,1028,855
19136,572,471
19137,761,623
19138,504,410
19139,761,623
19140,885,725
19141,347,275
19142,506,412
19143,506,412
19144,506,412
19145,506,412
19146,884,724
19147,884,724
19148,884,724
19149,884,724
19150,884,724
19151,884,724
19152,348,276
19153,744,606
19154,1075,898
19155,745,607
19156,745,607
19157,745,607
19158,887,727
19159,887,727
19160,887,727
19161,887,727
19162,1241,1054
19163,1241,1054
19164,1241,1054
19165,1241,1054
19166,1241,1054
19167,1241,1054
19168,1459,1266
19169,12,9
19170,1459,1266
19171,1459,1266
19172,631,504
19173,1361,1170
19174,1361,1170
19175,1361,1170
19176,1361,1170
19177,1361,1170
19178,1361,1170
19179,1361,1170
19180,1361,1170
19181,42,35
19182,42,35
19183,44,37
19184,42,35
19185,43,36
19186,43,36
19187,43,36
19188,135,103
19189,778,640
19190,1063,886
19191,239,186
19192,239,186
19193,1259,1072
19194,1064,887
19195,1259,1072
19196,824,675
19197,1259,1072
19198,824,675
19199,770,632
19200,145,109
19201,145,109
19202,1460,1267
19203,1460,1267
19204,1460,1267
19205,1460,1267
19206,1460,1267
19207,1167,987
19208,1167,987
19209,1167,987
19210,1167,987
19211,1167,987
19212,1167,987
19213,1234,1048
19214,1234,1048
19215,1234,1048
19216,1234,1048
19217,1234,1048
19218,1461,1268
19219,1461,1268
19220,1461,1268
19221,1461,1268
19222,1262,1074;1268
19223,1461,1268
19224,1461,1268
19225,1461,1268
19226,1461,1268
19227,1461,1268
19228,1461,1268
19229,482,391
19230,482,391
19231,1095,918
19232,482,391
19233,1094,917
19234,1094,917
19235,1094,917
19236,1094,917
19237,1094,917
19238,467,379
19239,467,379
19240,9,6
19241,1266,1078
19242,8,5
19243,8,5
19244,8,5
19245,1266,1078
19246,1266,1078
19247,1265,1077
19248,1100,922
19249,1100,922
19250,1264,1076
19251,1264,1076
19252,1264,1076
19253,10,7
19254,10,7
19255,1458,1265
19256,1458,1265
19257,1458,1265
19258,1458,1265
19259,1458,1265
19260,1458,1265
19261,133,102
19262,518,423
19263,529,433
19264,529,433
19265,479,388
19266,1462,1269
19267,1462,1269
19268,479,388
19269,1462,1269
19270,595,489
19271,595,489
19272,595,489
19273,595,489
19274,595,489
19275,595,489
19276,1462,1269
19277,1462,1269
19278,595,489
19279,595,489
19280,1462,1269
19281,595,489
19282,591,485;489
19283,589,485
19284,595,489
19285,592,486
19286,589,485
19287,592,486
19288,592,486
19289,1462,1269
19290,133,102
19291,592,486
19292,518,423
19293,745,607
19294,745,607
19295,653,523
19296,651,521
19297,715,578
19298,716,579
19299,1277,1089
19300,1172,991
19301,1172,991
19302,837,686
19303,1174,993
19304,837,686
19305,839,688
19306,839,688
19307,836,685
19308,839,688
19309,836,685
19310,839,688
19311,836,685
19312,839,688
19313,840,689
19314,840,689
19315,840,689
19316,839,688
19317,840,689
19318,840,689
19319,1463,1270
19320,840,689
19321,840,689
19322,827,677
19323,1463,1270
19324,1463,1270
19325,1463,1270
19326,1463,1270
19327,1463,1270
19328,1463,1270
19329,1463,1270
19330,1463,1270
19331,1463,1270
19332,1463,1270
19333,1463,1270
19334,1463,1270
19335,1463,1270
19336,1459,1266
19337,1459,1266
19338,827,677
19339,1459,1266
19340,1179,997
19341,1459,1266
19342,1278,1090
19343,1105,927
19344,1105,927
19345,1105,927
19346,1105,927
19347,1106,928
19348,1106,928
19349,1106,928
19350,1106,928
19351,1459,1266
19352,1459,1266
19353,821,673
19354,821,673
19355,822,673;928
19356,1107,929
19357,1107,929
19358,1107,929
19359,1107,929
19360,1107,929
19361,1107,929
19362,1174,993
19363,588,484;1083
19364,1271,1083
19365,1271,1083
19366,1271,1083
19367,1271,1083
19368,844,692
19369,844,692
19370,841,690
19371,845,693
19372,845,693
19373,834,683
19374,834,683
19375,845,693
19376,834,683
19377,834,683
19378,1241,1054
19379,1241,1054
19380,133,102
19381,1167,987
19382,1095,918
19383,629,502
19384,631,504
19385,609,496
19386,609,496
19387,619,499
19388,621,500
19389,745,607
19390,143,108
19391,1271,1083
19392,588,484;1083
19393,833,682
19394,833,682
19395,609,496
19396,1034,860
19397,1034,860
19398,1034,860
19399,1034,860
19400,1034,860
19401,1034,860
19402,1034,860
19403,1034,860
19404,1336,1146
19405,1336,1146
19406,1336,1146
19407,1336,1146
19408,1027,854;855
19409,1033,859
19410,1033,859
19411,1033,859
19412,1033,859
19413,1133,955
19414,118,90
19415,299,233
19416,299,233
19417,344,272
19418,1403,1210
19419,1403,1210
19420,1403,1210
19421,540,444
19422,542,446
19423,572,471
19424,577,475
19425,578,476
19426,578,476
19427,337,265
19428,337,265
19429,584,482
19430,834,683
19431,834,683
19432,834,683
19433,1161,983
19434,439,355
19435,518,423
19436,529,433
19437,152,112
19438,180,138
19439,671,541
19440,1087,910
19441,1108,930
19442,1087,910
19443,1087,910
19444,1087,910
19445,1230,1044
19446,1230,1044
19447,1230,1044
19448,1230,1044
19449,1230,1044
19450,1230,1044
19451,39,33
19452,39,33
19453,39,33
19454,923,763
19455,923,763
19456,923,763
19457,39,33
19458,923,763
19459,44,37
19460,42,35
19461,44,37
19462,717,580
19463,1277,1089
19464,1172,991
19465,1278,1090
19466,1270,1082
19467,1270,1082
19468,1279,1091
19469,1279,1091
19470,11,8
19471,354,282
19472,354,282
19473,354,282
19474,1180,998
19475,1180,998
19476,354,282
19477,1105,927
19478,1105,927
19479,1105,927
19480,1105,927
19481,1105,927
19482,1105,927
19483,1464,1271
19484,1464,1271
19485,1464,1271
19486,886,726
19487,459,374
19488,679,548
19489,406,327
19490,397,320
19491,807,661
19492,1202,1019
19493,480,389
19494,732,595
19495,1184,1002
19496,738,599
19497,738,599
19498,1222,1038
19499,1222,1038
19500,1222,1038
19501,1222,1038
19502,1222,1038
19503,1222,1038
19504,504,410
19505,504,410
19506,884,724
19507,884,724
19508,1465,1272
19509,820,672
19510,817,669
19511,817,669
19512,817,669
19513,984,814
19514,984,814
19515,908,748
19516,908,748
19517,908,748
19518,908,748
19519,908,748
19520,908,748
19521,908,748
19522,933,772
19523,513,419
19524,513,419
19525,517,422
19526,514,420
19527,515,421
19528,756,618
19529,517,422
19530,756,618
19531,515,421
19532,756,618
19533,755,617
19534,755,617
19535,756,618
19536,933,772
19537,959,793
19538,959,793
19539,959,793
19540,959,793
19541,955,790
19542,955,790
19543,955,790
19544,955,790
19545,954,789
19546,954,789
19547,954,789
19548,954,789
19549,953,788
19550,953,788
19551,953,788
19552,953,788
19553,953,788
19554,985,815
19555,1006,834
19556,1015,843
19557,1018,846
19558,1019,847
19559,1019,847
19560,1016,844
19561,1016,844
19562,1016,844
19563,1016,844
19564,1016,844
19565,1016,844
19566,1016,844
19567,1014,842
19568,1016,844
19569,1007,835
19570,1006,834
19571,1006,834
19572,1008,836
19573,1008,836
19574,1007,835
19575,1007,835
19576,363,289
19577,675,545
19578,347,275
19579,347,275
19580,764,626
19581,846,694
19582,764,626
19583,764,626
19584,846,694
19585,902,742
19586,902,742
19587,847,695
19588,902,742
19589,902,742
19590,902,742
19591,902,742
19592,902,742
19593,903,743
19594,903,743
19595,903,743
19596,903,743
19597,903,743
19598,903,743
19599,1393,1202
19600,846,694
19601,1394,1203
19602,1394,1203
19603,763,625
19604,847,695
19605,847,695
19606,1434,1241
19607,1434,1241
19608,1434,1241
19609,1434,1241
19610,1434,1241
19611,1434,1241
19612,1434,1241
19613,1434,1241
19614,1434,1241
19615,1434,1241
19616,1434,1241
19617,1434,1241
19618,1434,1241
19619,1434,1241
19620,1434,1241
19621,1434,1241
19622,1434,1241
19623,1434,1241
19624,1434,1241
19625,1434,1241
19626,1434,1241
19627,1434,1241
19628,1434,1241
19629,1434,1241
19630,1434,1241
19631,145,109
19632,145,109
19633,380,305
19634,379,304;305
19635,393,317
19636,393,317
19637,393,317
19638,393,317
19639,407,328
19640,45,38
19641,404,326
19642,404,326
19643,404,326
19644,404,326
19645,390,314
19646,390,314
19647,390,314
19648,390,314
19649,385,310
19650,385,310
19651,385,310
19652,385,310
19653,385,310
19654,851,699
19655,851,699
19656,851,699
19657,851,699
19658,408,329
19659,408,329
19660,408,329
19661,408,329
19662,410,331
19663,410,331
19664,410,331
19665,408,329
19666,408,329
19667,408,329
19668,410,331
19669,684,552
19670,684,552
19671,684,552
19672,684,552
19673,684,552
19674,684,552
19675,684,552
19676,684,552
19677,684,552
19678,684,552
19679,684,552
19680,684,552
19681,391,315
19682,391,315
19683,391,315
19684,391,315
19685,391,315
19686,391,315
19687,391,315
19688,391,315
19689,385,310
19690,806,660
19691,388,312
19692,388,312
19693,388,312
19694,388,312
19695,388,312
19696,388,312
19697,685,553
19698,685,553
19699,1058,881
19700,1058,881
19701,1058,881
19702,1058,881
19703,1375,1184
19704,1375,1184
19705,1375,1184
19706,1466,1273
19707,1466,1273
19708,1378,1187
19709,1466,1273
19710,1466,1273
19711,1466,1273
19712,1378,1187
19713,1378,1187
19714,1378,1187
19715,905,745
19716,1081,904
19717,1081,904
19718,1085,908
19719,1141,963
19720,1085,908
19721,1141,963
19722,1141,963
19723,1082,905
19724,1143,965
19725,1143,965
19726,1135,957
19727,519,424
19728,379,304;305
19729,380,305
19730,378,304
19731,379,304;305
19732,378,304
19733,392,316
19734,689,557
19735,169,128
19736,908,748
19737,688,556
19738,688,556
19739,688,556
19740,688,556
19741,688,556
19742,688,556
19743,688,556
19744,688,556
19745,688,556
19746,690,558
19747,690,558
19748,1053,878
19749,1053,878
19750,1052,877
19751,1053,878
19752,1052,877
19753,1052,877
19754,1052,877
19755,1052,877
19756,1456,1263
19757,1456,1263
19758,1456,1263
19759,1456,1263
19760,1456,1263
19761,1456,1263
19762,911,751
19763,911,751
19764,1456,1263
19765,911,751
19766,911,751
19767,911,751
19768,911,751
19769,909,749
19770,908,748
19771,690,558
19772,690,558
19773,690,558
19774,690,558
19775,689,557
19776,690,558
19777,690,558
19778,690,558
19779,690,558
19780,911,751
19781,911,751
19782,1053,878
19783,1053,878
19784,1053,878
19785,1053,878
19786,1053,878
19787,878,718
19788,878,718
19789,878,718
19790,878,718
19791,878,718
19792,878,718
19793,878,718
19794,878,718
19795,878,718
19796,1062,885
19797,1062,885
19798,1062,885
19799,1062,885
19800,1062,885
19801,1062,885
19802,1062,885
19803,1062,885
19804,1062,885
19805,1062,885
19806,1062,885
19807,1062,885
19808,231,179
19809,231,179
19810,231,179
19811,231,179
19812,231,179
19813,231,179
19814,231,179
19815,232,180
19816,232,180
19817,232,180
19818,232,180
19819,232,180
19820,232,180
19821,232,180
19822,232,180
19823,232,180
19824,232,180
19825,232,180
19826,1052,877
19827,982,813
19828,1456,1263
19829,1456,1263
19830,1456,1263
19831,1456,1263
19832,931,770
19833,940,778
19834,940,778
19835,939,777;778
19836,939,777;778
19837,940,778
19838,940,778
19839,939,777;778
19840,940,778
19841,938,777
19842,938,777
19843,938,777
19844,938,777
19845,938,777
19846,938,777
19847,938,777
19848,938,777
19849,938,777
19850,938,777
19851,940,778
19852,940,778
19853,940,778
19854,938,777
19855,938,777
19856,954,789
19857,954,789
19858,954,789
19859,961,795
19860,962,796
19861,962,796
19862,962,796
19863,962,796
19864,962,796
19865,962,796
19866,962,796
19867,962,796
19868,962,796
19869,962,796
19870,962,796
19871,962,796
19872,962,796
19873,962,796
19874,962,796
19875,962,796
19876,962,796
19877,962,796
19878,962,796
19879,938,777
19880,984,814
19881,994,824
19882,994,824
19883,994,824
19884,994,824
19885,994,824
19886,994,824
19887,374,300
19888,373,299
19889,373,299
19890,374,300
19891,373,299
19892,373,299
19893,373,299
19894,373,299
19895,374,300
19896,384,309
19897,384,309
19898,384,309
19899,384,309
19900,384,309
19901,384,309
19902,384,309
19903,384,309
19904,1240,1053
19905,696,563
19906,696,563
19907,409,330
19908,406,327
19909,1037,863
19910,1036,862
19911,389,313
19912,1029,856
19913,1037,863
19914,389,313
19915,1037,863
19916,229,177
19917,237,185
19918,237,185
19919,237,185
19920,229,177
19921,237,185
19922,237,185
19923,237,185
19924,237,185
19925,13,10
19926,237,185
19927,237,185
19928,237,185
19929,237,185
19930,1041,866
19931,229,177
19932,237,185
19933,237,185
19934,237,185
19935,237,185
19936,237,185
19937,237,185
19938,229,177
19939,229,177
19940,396,319
19941,1395,1204
19942,745,607
19943,455,371
19944,504,410
19945,504,410
19946,884,724
19947,744,606
19948,201,154
19949,657,527
19950,156,116
19951,156,116
19952,114,88
19953,411,332
19954,395,318
19955,395,318
19956,394,317;318
19957,395,318
19958,685,553
19959,685,553
19960,1045,870
19961,1045,870
19962,1191,1008
19963,1192,1009
19964,1034,860
19965,1034,860
19966,1336,1146
19967,1336,1146
19968,1336,1146
19969,1336,1146
19970,707,571
19971,1345,1155
19972,1344,1154
19973,1344,1154
19974,686,554
19975,1222,1038
19976,415,335
19977,415,335
19978,415,335
19979,417,336
19980,1244,1057
19981,112,87
19982,118,90
19983,521,425
19984,528,431
19985,528,431
19986,1462,1269
19987,1462,1269
19988,1462,1269
19989,1462,1269
19990,1462,1269
19991,1462,1269
19992,589,485
19993,589,485
19994,589,485
19995,1099,921
19996,631,504
19997,631,504
19998,631,504
19999,474,386
20000,619,499
20001,1095,918
20002,1095,918
20003,1093,916
20004,1095,918
20005,1093,916
20006,1169,988
20007,474,386
20008,752,614
20009,752,614
20010,752,614
20011,752,614
20012,752,614
20013,752,614
20014,752,614
20015,752,614
20016,752,614
20017,752,614
20018,752,614
20019,752,614
20020,752,614
20021,752,614
20022,1102,924
20023,1102,924
20024,1102,924
20025,1102,924
20026,1102,924
20027,1102,924
20028,1102,924
20029,1102,924
20030,1102,924
20031,1102,924
20032,1102,924
20033,1102,924
20034,1103,925
20035,1103,925
20036,1103,925
20037,1103,925
20038,1103,925
20039,1103,925
20040,1104,926
20041,1104,926
20042,1104,926
20043,1104,926
20044,1104,926
20045,1104,926
20046,1467,1274
20047,1467,1274
20048,1467,1274
20049,1467,1274
20050,1467,1274
20051,1467,1274
20052,1460,1267
20053,1460,1267
20054,1461,1268
20055,1461,1268
20056,778,640
20057,1461,1268
20058,1461,1268
20059,1267,1079
20060,1267,1079
20061,1267,1079
20062,1171,990
20063,1171,990
20064,239,186
20065,239,186
20066,239,186
20067,1259,1072
20068,1259,1072
20069,1064,887
20070,1259,1072
20071,1259,1072
20072,1259,1072
20073,1259,1072
20074,1259,1072
20075,1259,1072
20076,824,675
20077,1101,923
20078,1101,923
20079,1100,922
20080,1100,922
20081,1097,919
20082,1097,919
20083,1097,919
20084,1097,919
20085,1097,919
20086,844,692
20087,600,491
20088,837,686
20089,836,685
20090,836,685
20091,836,685
20092,836,685
20093,839,688
20094,839,688
20095,840,689
20096,840,689
20097,840,689
20098,840,689
20099,840,689
20100,840,689
20101,840,689
20102,1463,1270
20103,1463,1270
20104,1336,1146
20105,1336,1146
20106,69,60
20107,1468,1275
20108,1468,1275
20109,69,60
20110,1468,1275
20111,69,60
20112,1468,1275
20113,1468,1275
20114,1468,1275
20115,69,60
20116,1468,1275
20117,72,61;1275
20118,1468,1275
20119,1468,1275
20120,1400,1209
20121,899,739
20122,899,739
20123,899,739
20124,895,735
20125,895,735
20126,504,410
20127,504,410
20128,879,719
20129,513,419
20130,756,618
20131,1006,834
20132,1006,834
20133,1006,834
20134,1008,836
20135,1007,835
20136,1008,836
20137,1016,844
20138,1016,844
20139,1016,844
20140,1018,846
20141,1013,841
20142,1013,841
20143,1013,841
20144,1013,841
20145,1013,841
20146,1017,845
20147,1013,841
20148,1013,841
20149,1013,841
20150,542,446
20151,542,446
20152,545,449
20153,1046,871
20154,1045,870
20155,1029,856
20156,1029,856
20157,1031,857
20158,1041,866
20159,1038,864
20160,1038,864
20161,1038,864
20162,1054,879
20163,707,571
20164,1207,1023
20165,1456,1263
20166,1456,1263
20167,1456,1263
20168,1456,1263
20169,915,755
20170,915,755
20171,807,661
20172,935,774
20173,935,774
20174,932,771
20175,932,771
20176,932,771
20177,932,771
20178,932,771
20179,932,771
20180,932,771
20181,932,771
20182,932,771
20183,930,769
20184,933,772
20185,967,801
20186,689,557
20187,689,557
20188,915,755
20189,915,755
20190,915,755
20191,915,755
20192,915,755
20193,1457,1264
20194,1457,1264
20195,1457,1264
20196,1457,1264
20197,932,771
20198,890,730
20199,900,740
20200,900,740
20201,900,740
20202,901,741
20203,901,741
20204,901,741
20205,1395,1204
20206,1395,1204
20207,1395,1204
20208,1395,1204
20209,1395,1204
20210,1395,1204
20211,1395,1204
20212,1396,1205
20213,1396,1205
20214,803,659
20215,803,659
20216,1392,1201
20217,1392,1201
20218,1392,1201
20219,1392,1201
20220,347,275
20221,347,275
20222,886,726
20223,1391,1200
20224,1391,1200
20225,1391,1200
20226,1391,1200
20227,1391,1200
20228,1391,1200
20229,1391,1200
20230,1391,1200
20231,729,592
20232,729,592
20233,1388,1197
20234,1388,1197
20235,1388,1197
20236,1388,1197
20237,1388,1197
20238,1387,1196
20239,1387,1196
20240,1387,1196
20241,1387,1196
20242,1387,1196
20243,1387,1196
20244,1077,900
20245,1074,897
20246,455,371
20247,1074,897
20248,509,415
20249,510,416
20250,510,416
20251,889,729
20252,1465,1272
20253,1465,1272
20254,1465,1272
20255,1465,1272
20256,679,548
20257,679,548
20258,799,657
20259,801,658
20260,801,658
20261,1392,1201
20262,1392,1201
20263,515,421
20264,514,420
20265,514,420
20266,514,420
20267,1257,1070
20268,1257,1070
20269,1257,1070
20270,1257,1070
20271,569,469
20272,569,469
20273,571,470
20274,542,446
20275,545,449
20276,547,451
20277,549,453
20278,593,487
20279,593,487
20280,593,487
20281,593,487
20282,378,304
20283,378,304
20284,378,304
20285,378,304
20286,413,334
20287,413,334
20288,704,569
20289,717,580
20290,717,580
20291,717,580
20292,717,580
20293,717,580
20294,717,580
20295,717,580
20296,717,580
20297,717,580
20298,717,580
20299,717,580
20300,510,416
20301,729,592
20302,1257,1070
20303,1084,907
20304,1084,907
20305,178,136
20306,1087,910
20307,180,138
20308,542,446
20309,545,449
20310,545,449
20311,545,449
20312,542,446
20313,197,150
20314,547,451
20315,197,150
20316,1060,883
20317,1060,883
20318,631,504
20319,609,496
20320,619,499
20321,621,500
20322,629,502
20323,1097,919
20324,1097,919
20325,1097,919
20326,1098,920
20327,1462,1269
20328,595,489
20329,593,487
20330,593,487
20331,593,487
20332,593,487
20333,593,487
20334,593,487
20335,593,487
20336,1277,1089
20337,1278,1090
20338,1278,1090
20339,1279,1091
20340,1270,1082
20341,1279,1091
20342,1279,1091
20343,1281,1093
20344,1281,1093
20345,1280,1092
20346,1280,1092
20347,1281,1093
20348,1280,1092
20349,1281,1093
20350,1281,1093
20351,1280,1092
20352,1274,1086
20353,1174,993
20354,1173,992
20355,1173,992
20356,1173,992
20357,1274,1086
20358,1274,1086
20359,1274,1086
20360,1274,1086
20361,1274,1086
20362,504,410
20363,1383,1192
20364,1383,1192
20365,1383,1192
20366,1383,1192
20367,1383,1192
20368,389,313
20369,389,313
20370,388,312
20371,393,317
20372,401,323;325
20373,403,325
20374,401,323;325
20375,403,325
20376,401,323;325
20377,403,325
20378,403,325
20379,403,325
20380,411,332
20381,411,332
20382,411,332
20383,402,324
20384,411,332
20385,411,332
20386,407,328
20387,404,326
20388,408,329
20389,408,329
20390,458,373
20391,1395,1204
20392,1394,1203
20393,847,695
20394,900,740
20395,767,629
20396,767,629
20397,767,629
20398,767,629
20399,901,741
20400,765,627
20401,846,694
20402,846,694
20403,1257,1070
20404,1257,1070
20405,665,535
20406,197,150
20407,197,150
20408,197,150
20409,197,150
20410,197,150
20411,197,150
20412,197,150
20413,197,150
20414,197,150
20415,1469,1276
20416,1469,1276
20417,1469,1276
20418,1469,1276
20419,1469,1276
20420,1470,1277
20421,1470,1277
20422,1469,1276
20423,1469,1276
20424,1470,1277
20425,1469,1276
20426,1235,1048;1277
20427,1469,1276
20428,1469,1276
20429,1469,1276
20430,1469,1276
20431,1273,1085
20432,1273,1085
20433,1273,1085
20434,1273,1085
20435,1273,1085
20436,836,685
20437,836,685
20438,839,688
20439,778,640
20440,778,640
20441,239,186
20442,771,633
20443,239,186
20444,824,675
20445,1064,887
20446,1471,1278
20447,1471,1278
20448,1394,1203
20449,1394,1203
20450,1394,1203
20451,1394,1203
20452,510,416
20453,729,592
20454,1133,955
20455,1332,1142
20456,1332,1142
20457,1332,1142
20458,1331,1141
20459,1332,1142
20460,1331,1141
20461,1331,1141
20462,1331,1141
20463,1331,1141
20464,88,70
20465,294,229
20466,69,60
20467,69,60
20468,69,60
20469,851,699
20470,970,804
20471,973,806
20472,973,806
20473,970,804
20474,973,806
20475,1105,927
20476,1105,927
20477,927,766
20478,595,489
20479,415,335
20480,415,335
20481,415,335
20482,417,336
20483,420,338
20484,421,339
20485,59,51
20486,700,566
20487,986,816
20488,986,816
20489,937,776
20490,820,672
20491,937,776
20492,937,776
20493,937,776
20494,937,776
20495,1472,1279
20496,1472,1279
20497,1473,1280
20498,1473,1280
20499,1472,1279
20500,1473,1280
20501,1474,1280;1281
20502,1472,1279
20503,1473,1280
20504,1473,1280
20505,1473,1280
20506,1472,1279
20507,1473,1280
20508,1472,1279
20509,1474,1280;1281
20510,41,34;676
20511,1372,1181
20512,1374,1183
20513,1372,1181
20514,1372,1181
20515,1058,881
20516,1374,1183
20517,1373,1182
20518,1373,1182
20519,1374,1183
20520,1374,1183
20521,227,176
20522,1373,1182
20523,1475,1281
20524,1475,1281
20525,1475,1281
20526,1475,1281
20527,1475,1281
20528,1475,1281
20529,1475,1281
20530,937,776
20531,1473,1280
20532,1475,1281
20533,1474,1280;1281
20534,1474,1280;1281
20535,1475,1281
20536,1473,1280
20537,705,570
20538,1343,1153
20539,1343,1153
20540,705,570
20541,1223,1039
20542,1223,1039
20543,1223,1039
20544,1376,1185
20545,884,724
20546,744,606
20547,1472,1279
20548,1472,1279
20549,1476,1282
20550,1476,1282
20551,1476,1282
20552,1476,1282
20553,1476,1282
20554,1476,1282
20555,1476,1282
20556,1476,1282
20557,1472,1279
20558,797,655
20559,474,386
20560,506,412
20561,69,60
20562,69,60
20563,69,60
20564,69,60
20565,69,60
20566,69,60
20567,69,60
20568,1478,1283
20569,1478,1283
20570,1478,1283
20571,1478,1283
20572,1478,1283
20573,1478,1283
20574,73,61;1283
20575,1478,1283
20576,1478,1283
20577,1478,1283
20578,1478,1283
20579,522,426
20580,1066,889
20581,870,712
20582,968,802
20583,967,801
20584,967,801
20585,159,119
20586,159,119
20587,161,120;801
20588,161,120;801
20589,169,128
20590,913,753
20591,913,753
20592,911,751
20593,913,753
20594,913,753
20595,918,758
20596,918,758
20597,918,758
20598,918,758
20599,921,761
20600,919,759
20601,919,759
20602,919,759
20603,921,761
20604,921,761
20605,921,761
20606,926,765
20607,1455,1262
20608,1457,1264
20609,982,813
20610,970,804
20611,970,804
20612,981,812
20613,972,805
20614,981,812
20615,981,812
20616,972,805
20617,981,812
20618,973,806
20619,981,812
20620,973,806
20621,973,806
20622,972,805
20623,933,772
20624,933,772
20625,964,798
20626,964,798
20627,941,779
20628,942,779;780
20629,943,780
20630,943,780
20631,941,779
20632,943,780
20633,941,779
20634,941,779
20635,942,779;780
20636,943,780
20637,947,783
20638,949,785
20639,949,785
20640,949,785
20641,947,783
20642,949,785
20643,946,782
20644,947,783
20645,947,783
20646,947,783
20647,954,789
20648,953,788
20649,953,788
20650,953,788
20651,958,792
20652,958,792
20653,958,792
20654,958,792
20655,956,791
20656,956,791
20657,959,793
20658,965,799
20659,965,799
20660,959,793
20661,957,791;792
20662,960,794
20663,960,794
20664,960,794
20665,960,794
20666,960,794
20667,548,452
20668,915,755
20669,1050,875
20670,1050,875
20671,878,718
20672,982,813
20673,982,813
20674,982,813
20675,1060,883
20676,1060,883
20677,1060,883
20678,1060,883
20679,1060,883
20680,1060,883
20681,973,806
20682,990,820
20683,990,820
20684,990,820
20685,1015,843
20686,1,1
20687,1,1
20688,1,1
20689,1141,963
20690,1141,963
20691,537,441
20692,1197,1014
20693,1245,1058
20694,1202,1019
20695,1350,1160
20696,1350,1160
20697,1350,1160
20698,1352,1162
20699,1352,1162
20700,1352,1162
20701,1352,1162
20702,1352,1162
20703,1352,1162
20704,1352,1162
20705,1374,1183
20706,1058,881
20707,1375,1184
20708,1373,1182
20709,1375,1184
20710,1374,1183
20711,1373,1182
20712,1373,1182
20713,1373,1182
20714,826,676;1181
20715,825,676
20716,1375,1184
20717,45,38
20718,378,304
20719,824,675
20720,1101,923
20721,1064,887
20722,1064,887
20723,1458,1265
20724,1458,1265
20725,779,641
20726,1097,919
20727,1097,919
20728,1097,919
20729,1097,919
20730,1045,870
20731,1198,1015
20732,1198,1015
20733,1198,1015
20734,1044,869
20735,752,614
20736,1051,876
20737,1051,876
20738,1460,1267
20739,1460,1267
20740,1460,1267
20741,1051,876
20742,1460,1267
20743,1372,1181
20744,1441,1248
20745,834,683
20746,10,7
20747,1258,1071
20748,1258,1071
20749,1258,1071
20750,1252,1065
20751,1252,1065
20752,1252,1065
20753,1258,1071
20754,1252,1065
20755,1252,1065
20756,1258,1071
20757,1252,1065
20758,1258,1071
20759,1252,1065
20760,1258,1071
20761,1252,1065
20762,1252,1065
20763,1254,1067
20764,1254,1067
20765,1254,1067
20766,1254,1067
20767,1254,1067
20768,1254,1067
20769,1254,1067
20770,1155,977
20771,1457,1264
20772,1455,1262
20773,397,320
20774,629,502
20775,705,570
20776,811,664
20777,32,28
20778,40,34
20779,1372,1181
20780,1372,1181
20781,1372,1181
20782,1372,1181
20783,1373,1182
20784,1373,1182
20785,1373,1182
20786,1230,1044
20787,1230,1044
20788,386,311
20789,1340,1150
20790,1340,1150
20791,1340,1150
20792,1340,1150
20793,1363,1172
20794,1363,1172
20795,1054,879
20796,1054,879
20797,1363,1172
20798,1340,1150
20799,1054,879
20800,1299,1110
20801,395,318
20802,411,332
20803,918,758
20804,918,758
20805,918,758
20806,918,758
20807,918,758
20808,162,121
20809,1454,1261
20810,918,758
20811,918,758
20812,918,758
20813,918,758
20814,1457,1264
20815,1428,1235
20816,706,570;1150
20817,706,570;1150
20818,705,570
20819,706,570;1150
20820,705,570
20821,708,572
20822,709,573
20823,709,573
20824,709,573
20825,709,573
20826,709,573
20827,709,573
20828,709,573
20829,417,336
20830,417,336
20831,419,337
20832,420,338
20833,420,338
20834,1113,935
20835,1361,1170
20836,1113,935
20837,1361,1170
20838,1113,935
20839,712,575;576
20840,712,575;576
20841,712,575;576
20842,712,575;576
20843,712,575;576
20844,712,575;576
20845,712,575;576
20846,712,575;576
20847,712,575;576
20848,712,575;576
20849,227,176
20850,1216,1032
20851,1244,1057
20852,1177,995
20853,1364,1173
20854,1220,1036
20855,1219,1035
20856,1364,1173
20857,1219,1035
20858,1364,1173
20859,1364,1173
20860,1364,1173
20861,1364,1173
20862,1220,1036
20863,413,334
20864,413,334
20865,413,334
20866,1217,1033
20867,1365,1174
20868,1114,936
20869,1114,936
20870,1057,880
20871,1057,880
20872,1057,880
20873,1057,880
20874,1057,880
20875,1224,1040
20876,1224,1040
20877,1224,1040
20878,1224,1040
20879,1224,1040
20880,1224,1040
20881,1224,1040
20882,1224,1040
20883,1223,1039
20884,1223,1039
20885,1223,1039
20886,1223,1039
20887,1377,1186
20888,1374,1183
20889,1377,1186
20890,1377,1186
20891,1373,1182
20892,1373,1182
20893,1377,1186
20894,1374,1183
20895,393,317
20896,393,317
20897,397,320
20898,395,318
20899,397,320
20900,1171,990
20901,1171,990
20902,1171,990
20903,1171,990
20904,474,386
20905,1215,1031
20906,1213,1029
20907,1216,1032
20908,1213,1029
20909,1212,1028
20910,1398,1207
20911,1148,970
20912,679,548
20913,801,658
20914,735,598
20915,510,416
20916,1465,1272
20917,1465,1272
20918,1465,1272
20919,1465,1272
20920,1465,1272
20921,517,422
20922,515,421
20923,517,422
20924,517,422
20925,755,617
20926,755,617
20927,1394,1203
20928,1394,1203
20929,756,618
20930,763,625
20931,1396,1205
20932,1396,1205
20933,901,741
20934,903,743
20935,229,177
20936,229,177
20937,229,177
20938,389,313
20939,392,316
20940,779,641
20941,1460,1267
20942,1460,1267
20943,1460,1267
20944,1167,987
20945,1234,1048
20946,1234,1048
20947,1234,1048
20948,1234,1048
20949,1234,1048
20950,1234,1048
20951,1234,1048
20952,1234,1048
20953,1234,1048
20954,482,391
20955,482,391
20956,482,391
20957,1095,918
20958,1269,1081
20959,1269,1081
20960,1265,1077
20961,1097,919
20962,1097,919
20963,1097,919
20964,1458,1265
20965,1458,1265
20966,1458,1265
20967,595,489
20968,595,489
20969,592,486
20970,593,487
20971,1383,1192
20972,1383,1192
20973,1171,990
20974,1128,950
20975,1472,1279
20976,1472,1279
20977,982,813
20978,1060,883
20979,1060,883
20980,1060,883
20981,933,772
20982,933,772
20983,937,776
20984,937,776
20985,937,776
20986,884,724
20987,884,724
20988,884,724
20989,733,596
20990,886,726
20991,679,548
20992,799,657
20993,1465,1272
20994,1465,1272
20995,756,618
20996,891,731
20997,891,731
20998,219,168
20999,891,731
21000,766,628
21001,901,741
21002,901,741
21003,1394,1203
21004,1394,1203
21005,1394,1203
21006,1048,873
21007,1048,873
21008,1051,876
21009,1048,873
21010,1051,876
21011,1051,876
21012,1051,876
21013,221,170
21014,685,553
21015,1047,872
21016,1042,867
21017,1044,869
21018,1042,867
21019,1047,872
21020,1044,869
21021,1042,867
21022,1038,864
21023,1038,864
21024,710,574
21025,714,577
21026,388,312
21027,388,312
21028,399,322
21029,402,324
21030,399,322
21031,395,318
21032,411,332
21033,411,332
21034,400,323
21035,684,552
21036,1130,952
21037,1028,855
21038,696,563
21039,696,563
21040,413,334
21041,413,334
21042,413,334
21043,704,569
21044,704,569
21045,704,569
21046,704,569
21047,704,569
21048,705,570
21049,1340,1150
21050,1340,1150
21051,1340,1150
21052,1341,1151
21053,1341,1151
21054,1341,1151
21055,1341,1151
21056,1342,1152
21057,1342,1152
21058,1342,1152
21059,1299,1110
21060,1299,1110
21061,1312,1123
21062,1311,1122
21063,1311,1122
21064,1310,1121
21065,1311,1122
21066,1312,1123
21067,1310,1121
21068,1310,1121
21069,1313,1124
21070,1299,1110
21071,1299,1110
21072,1299,1110
21073,787,649
21074,787,649
21075,787,649
21076,1167,987
21077,1234,1048
21078,1235,1048;1277
21079,1260,1073
21080,1260,1073
21081,1260,1073
21082,1260,1073
21083,1260,1073
21084,1260,1073
21085,1260,1073
21086,482,391
21087,1094,917
21088,1269,1081
21089,1269,1081
21090,1469,1276
21091,1101,923
21092,1171,990
21093,1280,1092
21094,1281,1093
21095,1281,1093
21096,1281,1093
21097,1280,1092
21098,1281,1093
21099,1173,992
21100,1174,993
21101,1174,993
21102,1274,1086
21103,1274,1086
21104,1277,1089
21105,1172,991
21106,1278,1090
21107,1279,1091
21108,1279,1091
21109,1276,1088
21110,1276,1088
21111,1275,1087
21112,1275,1087
21113,1275,1087
21114,1275,1087
21115,1276,1088
21116,836,685
21117,839,688
21118,839,688
21119,1463,1270
21120,609,496
21121,621,500
21122,755,617
21123,755,617
21124,400,323
21125,406,327
21126,1191,1008
21127,1045,870
21128,1198,1015
21129,1198,1015
21130,1198,1015
21131,1198,1015
21132,1044,869
21133,1034,860
21134,1035,861
21135,1035,861
21136,704,569
21137,1340,1150
21138,1340,1150
21139,1340,1150
21140,1340,1150
21141,1340,1150
21142,1340,1150
21143,1341,1151
21144,1341,1151
21145,1341,1151
21146,1342,1152
21147,1342,1152
21148,1342,1152
21149,1342,1152
21150,1343,1153
21151,1343,1153
21152,1343,1153
21153,1344,1154
21154,1344,1154
21155,1343,1153
21156,1347,1157
21157,1347,1157
21158,1347,1157
21159,1344,1154
21160,710,574
21161,1054,879
21162,1362,1171
21163,1362,1171
21164,1353,1163
21165,1362,1171
21166,1362,1171
21167,1362,1171
21168,1353,1163
21169,1353,1163
21170,1353,1163
21171,1353,1163
21172,1353,1163
21173,417,336
21174,417,336
21175,420,338
21176,1358,1167
21177,1357,1166
21178,1358,1167
21179,1356,1165
21180,1357,1166
21181,1357,1166
21182,1356,1165
21183,1356,1165
21184,1356,1165
21185,1043,868
21186,219,168
21187,801,658
21188,801,658
21189,798,656
21190,902,742
21191,879,719
21192,879,719
21193,882,722
21194,1453,1260
21195,1453,1260
21196,1453,1260
21197,1332,1142
21198,1332,1142
21199,407,328
21200,407,328
21201,407,328
21202,407,328
21203,407,328
21204,180,138
21205,1047,872
21206,1042,867
21207,1049,874
21208,1049,874
21209,1031,857
21210,1339,1149
21211,1245,1058
21212,1202,1019
21213,1203,1020
21214,1203,1020
21215,1203,1020
21216,1203,1020
21217,1203,1020
21218,1338,1148
21219,700,566
21220,700,566
21221,1338,1148
21222,1338,1148
21223,1338,1148
21224,1338,1148
21225,1338,1148
21226,1338,1148
21227,1346,1156
21228,1054,879
21229,1345,1155
21230,1344,1154
21231,1343,1153
21232,1342,1152
21233,1340,1150
21234,1341,1151
21235,1340,1150
21236,1341,1151
21237,1343,1153
21238,1343,1153
21239,1341,1151
21240,1344,1154
21241,1344,1154
21242,1344,1154
21243,1347,1157
21244,1347,1157
21245,1207,1023
21246,1207,1023
21247,1205,1022
21248,1205,1022
21249,1205,1022
21250,1362,1171
21251,1362,1171
21252,1349,1159
21253,1349,1159
21254,1349,1159
21255,1350,1160
21256,1349,1159
21257,1349,1159
21258,1350,1160
21259,1349,1159
21260,1351,1161
21261,1351,1161
21262,1351,1161
21263,1351,1161
21264,1352,1162
21265,1352,1162
21266,1350,1160
21267,1350,1160
21268,1352,1162
21269,1353,1163
21270,1353,1163
21271,417,336
21272,1360,1169
21273,1360,1169
21274,1360,1169
21275,1359,1168
21276,1360,1169
21277,1360,1169
21278,1360,1169
21279,1359,1168
21280,1360,1169
21281,1360,1169
21282,1360,1169
21283,1359,1168
21284,1359,1168
21285,1359,1168
21286,1111,933
21287,1356,1165
21288,1359,1168
21289,1359,1168
21290,1359,1168
21291,1359,1168
21292,1359,1168
21293,1357,1166
21294,1112,934
21295,1113,935
21296,1110,932
21297,1341,1151
21298,709,573
21299,1205,1022
21300,1213,1029
21301,1212,1028
21302,1212,1028
21303,1213,1029
21304,1213,1029
21305,1212,1028
21306,1212,1028
21307,1213,1029
21308,1213,1029
21309,1216,1032
21310,1213,1029
21311,1210,1026
21312,1210,1026
21313,1210,1026
21314,1210,1026
21315,1210,1026
21316,1210,1026
21317,1210,1026
21318,1210,1026
21319,1217,1033
21320,1219,1035
21321,1219,1035
21322,1219,1035
21323,1219,1035
21324,1219,1035
21325,1219,1035
21326,1219,1035
21327,1220,1036
21328,1220,1036
21329,1220,1036
21330,1220,1036
21331,1220,1036
21332,1210,1026
21333,1223,1039
21334,1367,1176
21335,1223,1039
21336,1370,1179
21337,1368,1177
21338,1368,1177
21339,1368,1177
21340,1370,1179
21341,1368,1177
21342,1370,1179
21343,1192,1009
21344,1225,1041
21345,1192,1009
21346,1371,1180
21347,1371,1180
21348,1229,1043;1180
21349,1466,1273
21350,1230,1044
21351,1466,1273
21352,1230,1044
21353,1377,1186
21354,1466,1273
21355,1377,1186
21356,1466,1273
21357,1230,1044
21358,1378,1187
21359,1378,1187
21360,1378,1187
21361,1378,1187
21362,1380,1189
21363,1381,1190
21364,1379,1188
21365,1379,1188
21366,1376,1185
21367,1379,1188
21368,1376,1185
21369,1376,1185
21370,1381,1190
21371,1380,1189
21372,1380,1189
21373,1381,1190
21374,1376,1185
21375,1381,1190
21376,1376,1185
21377,1381,1190
21378,1369,1178
21379,1370,1179
21380,1370,1179
21381,1371,1180
21382,1371,1180
21383,1229,1043;1180
21384,825,676
21385,910,750
21386,910,750
21387,393,317
21388,392,316
21389,393,317
21390,399,322
21391,399,322
21392,399,322
21393,397,320
21394,400,323
21395,403,325
21396,403,325
21397,403,325
21398,403,325
21399,399,322
21400,403,325
21401,395,318
21402,397,320
21403,403,325
21404,403,325
21405,403,325
21406,403,325
21407,403,325
21408,403,325
21409,403,325
21410,403,325
21411,403,325
21412,221,170
21413,890,730
21414,890,730
21415,777,639
21416,1064,887
21417,1064,887
21418,1064,887
21419,239,186
21420,928,767
21421,927,766
21422,929,768
21423,929,768
21424,929,768
21425,929,768
21426,929,768
21427,969,803
21428,913,753
21429,913,753
21430,913,753
21431,913,753
21432,912,752
21433,913,753
21434,912,752
21435,913,753
21436,912,752
21437,912,752
21438,912,752
21439,922,762
21440,922,762
21441,922,762
21442,916,756
21443,916,756
21444,916,756
21445,358,285
21446,1130,952
21447,932,771
21448,936,775
21449,936,775
21450,936,775
21451,936,775
21452,941,779
21453,941,779
21454,941,779
21455,933,772
21456,947,783
21457,947,783
21458,947,783
21459,943,780
21460,942,779;780
21461,942,779;780
21462,943,780
21463,943,780
21464,943,780
21465,942,779;780
21466,943,780
21467,705,570
21468,1064,887
21469,851,699
21470,1234,1048
21471,1234,1048
21472,1235,1048;1277
21473,1234,1048
21474,1260,1073
21475,1260,1073
21476,1261,1074
21477,1470,1277
21478,1470,1277
21479,1470,1277
21480,1470,1277
21481,1470,1277
21482,1470,1277
21483,1094,917
21484,1095,918
21485,1095,918
21486,837,686
21487,836,685
21488,836,685
21489,839,688
21490,840,689
21491,839,688
21492,827,677
21493,1460,1267
21494,1105,927
21495,1105,927
21496,1106,928
21497,1107,929
21498,1107,929
21499,1462,1269
21500,595,489
21501,1174,993
21502,1174,993
21503,1174,993
21504,482,391
21505,1279,1091
21506,1106,928
21507,1105,927
21508,1141,963
21509,1141,963
21510,1143,965
21511,1143,965
21512,1143,965
21513,1143,965
21514,70,61
21515,74,61;1295
21516,1431,1238
21517,1332,1142
21518,1332,1142
21519,1331,1141
21520,710,574
21521,710,574
21522,1221,1037
21523,1221,1037
21524,1221,1037
21525,1221,1037
21526,1221,1037
21527,1221,1037
21528,1221,1037
21529,1221,1037
21530,1221,1037
21531,1221,1037
21532,1264,1076
21533,1264,1076
21534,1275,1087
21535,1275,1087
21536,1276,1088
21537,1275,1087
21538,606,493
21539,606,493
21540,1272,1084
21541,606,493
21542,1272,1084
21543,606,493
21544,1272,1084
21545,1272,1084
21546,606,493
21547,1273,1085
21548,1273,1085
21549,1273,1085
21550,982,813
21551,1061,884
21552,1332,1142
21553,1332,1142
21554,1332,1142
21555,1332,1142
21556,1431,1238
21557,294,229
21558,354,282
21559,890,730
21560,1465,1272
21561,1465,1272
21562,1240,1053
21563,900,740
21564,879,719
21565,619,499
21566,1044,869
21567,1194,1011
21568,1049,874
21569,1026,854
21570,1027,854;855
21571,1130,952
21572,1130,952
21573,1130,952
21574,1130,952
21575,1130,952
21576,1130,952
21577,1130,952
21578,1130,952
21579,1130,952
21580,1130,952
21581,1054,879
21582,415,335
21583,1216,1032
21584,1212,1028
21585,1220,1036
21586,1220,1036
21587,1220,1036
21588,1220,1036
21589,1220,1036
21590,1220,1036
21591,1220,1036
21592,1220,1036
21593,1220,1036
21594,1220,1036
21595,1220,1036
21596,1220,1036
21597,1220,1036
21598,1220,1036
21599,1220,1036
21600,1220,1036
21601,1364,1173
21602,1220,1036
21603,1220,1036
21604,1220,1036
21605,1220,1036
21606,1220,1036
21607,1220,1036
21608,1220,1036
21609,1364,1173
21610,1220,1036
21611,1220,1036
21612,1220,1036
21613,1220,1036
21614,1220,1036
21615,1364,1173
21616,1364,1173
21617,1364,1173
21618,1364,1173
21619,1364,1173
21620,1364,1173
21621,1364,1173
21622,1364,1173
21623,1364,1173
21624,13,10
21625,13,10
21626,711,575
21627,13,10
21628,13,10
21629,711,575
21630,13,10
21631,13,10
21632,13,10
21633,13,10
21634,13,10
21635,13,10
21636,13,10
21637,711,575
21638,711,575
21639,711,575
21640,711,575
21641,711,575
21642,1222,1038
21643,1222,1038
21644,1222,1038
21645,1222,1038
21646,1222,1038
21647,1222,1038
21648,1222,1038
21649,1222,1038
21650,1222,1038
21651,1222,1038
21652,1222,1038
21653,1222,1038
21654,1372,1181
21655,1372,1181
21656,1372,1181
21657,1375,1184
21658,1375,1184
21659,1375,1184
21660,1466,1273
21661,1466,1273
21662,1230,1044
21663,1466,1273
21664,1466,1273
21665,1466,1273
21666,1230,1044
21667,1466,1273
21668,1466,1273
21669,1379,1188
21670,1379,1188
21671,1379,1188
21672,1379,1188
21673,1379,1188
21674,1379,1188
21675,1379,1188
21676,1379,1188
21677,1380,1189
21678,1379,1188
21679,1379,1188
21680,1379,1188
21681,1466,1273
21682,1377,1186
21683,1466,1273
21684,1466,1273
21685,1377,1186
21686,1377,1186
21687,1464,1271
21688,1464,1271
21689,1479,1284
21690,1464,1271
21691,1479,1284
21692,1464,1271
21693,1479,1284
21694,1480,1285
21695,1480,1285
21696,1480,1285
21697,1480,1285
21698,1480,1285
21699,1479,1284
21700,1479,1284
21701,1479,1284
21702,1480,1285
21703,1480,1285
21704,1479,1284
21705,1479,1284
21706,1479,1284
21707,1480,1285
21708,1479,1284
21709,1479,1284
21710,1479,1284
21711,1479,1284
21712,1479,1284
21713,1479,1284
21714,1479,1284
21715,1481,1286
21716,1481,1286
21717,1481,1286
21718,167,126
21719,1482,1287
21720,1482,1287
21721,1482,1287
21722,1482,1287
21723,1482,1287
21724,1482,1287
21725,1482,1287
21726,1483,1288
21727,1483,1288
21728,1483,1288
21729,1482,1287
21730,1482,1287
21731,1484,1289
21732,1483,1288
21733,1482,1287
21734,1484,1289
21735,1484,1289
21736,1485,1290
21737,1484,1289
21738,1484,1289
21739,1484,1289
21740,1484,1289
21741,1485,1290
21742,1485,1290
21743,1485,1290
21744,1485,1290
21745,1485,1290
21746,1485,1290
21747,1485,1290
21748,1485,1290
21749,1485,1290
21750,1481,1286
21751,1481,1286
21752,1481,1286
21753,1481,1286
21754,1481,1286
21755,1464,1271
21756,1464,1271
21757,1464,1271
21758,1464,1271
21759,1464,1271
21760,1464,1271
21761,1464,1271
21762,1464,1271
21763,1464,1271
21764,1464,1271
21765,1464,1271
21766,1480,1285
21767,1480,1285
21768,1480,1285
21769,1486,1291
21770,1486,1291
21771,1480,1285
21772,1480,1285
21773,1043,868
21774,1,1
21775,1,1
21776,1130,952
21777,1130,952
21778,1130,952
21779,1245,1058
21780,1245,1058
21781,1338,1148
21782,1338,1148
21783,1338,1148
21784,1340,1150
21785,1345,1155
21786,1345,1155
21787,1347,1157
21788,1350,1160
21789,1350,1160
21790,1350,1160
21791,1350,1160
21792,1350,1160
21793,1350,1160
21794,1350,1160
21795,1350,1160
21796,1350,1160
21797,1350,1160
21798,1350,1160
21799,1350,1160
21800,1351,1161
21801,1351,1161
21802,1351,1161
21803,1352,1162
21804,1351,1161
21805,1353,1163
21806,1359,1168
21807,1360,1169
21808,717,580
21809,717,580
21810,1208,1024
21811,1445,1252
21812,1208,1024
21813,1208,1024
21814,1208,1024
21815,417,336
21816,1110,932
21817,1113,935
21818,1361,1170
21819,1361,1170
21820,1361,1170
21821,1361,1170
21822,714,577
21823,714,577
21824,1447,1254
21825,1216,1032
21826,1216,1032
21827,1217,1033
21828,1217,1033
21829,1221,1037
21830,1221,1037
21831,1221,1037
21832,686,554
21833,1128,950
21834,686,554
21835,920,760
21836,920,760
21837,920,760
21838,916,756
21839,916,756
21840,919,759
21841,916,756
21842,916,756
21843,920,760
21844,919,759
21845,1455,1262
21846,1473,1280
21847,1475,1281
21848,1487,1292
21849,1487,1292
21850,1477,1282;1292
21851,1487,1292
21852,1487,1292
21853,1487,1292
21854,1487,1292
21855,1487,1292
21856,1487,1292
21857,1487,1292
21858,1487,1292
21859,1487,1292
21860,1477,1282;1292
21861,1487,1292
21862,1484,1289
21863,1484,1289
21864,1484,1289
21865,1483,1288
21866,1484,1289
21867,1483,1288
21868,1483,1288
21869,1483,1288
21870,1483,1288
21871,1484,1289
21872,1483,1288
21873,1484,1289
21874,1483,1288
21875,1483,1288
21876,879,719
21877,1150,972
21878,879,719
21879,755,617
21880,755,617
21881,1255,1068
21882,1327,1137
21883,756,618
21884,1394,1203
21885,969,803
21886,910,750
21887,357,284
21888,912,752
21889,912,752
21890,912,752
21891,922,762
21892,922,762
21893,358,285
21894,359,285;762
21895,358,285
21896,934,773
21897,936,775
21898,934,773
21899,963,797
21900,936,775
21901,963,797
21902,963,797
21903,937,776
21904,964,798
21905,964,798
21906,964,798
21907,964,798
21908,964,798
21909,941,779
21910,941,779
21911,949,785
21912,951,787
21913,951,787
21914,951,787
21915,956,791
21916,951,787
21917,958,792
21918,965,799
21919,965,799
21920,965,799
21921,959,793
21922,960,794
21923,960,794
21924,960,794
21925,960,794
21926,960,794
21927,960,794
21928,986,816
21929,986,816
21930,986,816
21931,355,283
21932,1148,970
21933,1431,1238
21934,1148,970
21935,1431,1238
21936,1488,1293
21937,1488,1293
21938,1488,1293
21939,1488,1293
21940,1488,1293
21941,1488,1293
21942,1488,1293
21943,1488,1293
21944,1488,1293
21945,1488,1293
21946,1488,1293
21947,1488,1293
21948,1488,1293
21949,1488,1293
21950,10,7
21951,129,98
21952,129,98
21953,1331,1141
21954,1331,1141
21955,1431,1238
21956,1431,1238
21957,70,61
21958,70,61
21959,129,98
21960,1384,1193
21961,1092,915
21962,69,60
21963,1478,1283
21964,797,655
21965,797,655
21966,797,655
21967,797,655
21968,797,655
21969,797,655
21970,87,69
21971,87,69
21972,87,69
21973,1489,1294
21974,1489,1294
21975,69,60
21976,114,88
21977,299,233
21978,365,291
21979,733,596
21980,1360,1169
21981,1360,1169
21982,1360,1169
21983,1360,1169
21984,1360,1169
21985,1360,1169
21986,1292,1104
21987,785,647
21988,849,697
21989,1153,975
21990,1153,975
21991,983,813;884
21992,982,813
21993,933,772
21994,933,772
21995,1008,836
21996,1008,836
21997,1008,836
21998,386,311
21999,1,1
22000,1,1
22001,1468,1275
22002,1490,1295
22003,1490,1295
22004,356,283;1295
22005,1490,1295
22006,1490,1295
22007,797,655
22008,797,655
22009,797,655
22010,797,655
22011,799,657
22012,1465,1272
22013,756,618
22014,756,618
22015,679,548
22016,1255,1068
22017,1255,1068
22018,1141,963
22019,1141,963
22020,1141,963
22021,1141,963
22022,114,88
22023,904,744
22024,1465,1272
22025,408,329
22026,410,331
22027,410,331
22028,685,553
22029,685,553
22030,685,553
22031,685,553
22032,685,553
22033,685,553
22034,685,553
22035,685,553
22036,685,553
22037,685,553
22038,1491,1296
22039,1491,1296
22040,1491,1296
22041,1491,1296
22042,1491,1296
22043,1491,1296
22044,1491,1296
22045,1191,1008
22046,1191,1008
22047,1192,1009
22048,814,666
22049,814,666
22050,1350,1160
22051,1350,1160
22052,1208,1024
22053,1110,932
22054,1353,1163
22055,686,554
22056,1128,950
22057,921,761
22058,921,761
22059,921,761
22060,920,760
22061,710,574
22062,710,574
22063,710,574
22064,999,829
22065,1394,1203
22066,970,804
22067,981,812
22068,981,812
22069,973,806
22070,933,772
22071,933,772
22072,973,806
22073,971,804;811
22074,981,812
22075,970,804
22076,973,806
22077,972,805
22078,981,812
22079,970,804
22080,976,808
22081,979,810
22082,976,808
22083,975,807
22084,976,808
22085,977,809
22086,975,807
22087,977,809
22088,976,808
22089,977,809
22090,975,807
22091,978,809;810
22092,975,807
22093,979,810
22094,979,810
22095,980,811
22096,980,811
22097,1105,927
22098,1105,927
22099,821,673
22100,1383,1192
22101,1383,1192
22102,1271,1083
22103,845,693
22104,845,693
22105,1462,1269
22106,1273,1085
22107,1273,1085
22108,1272,1084
22109,1272,1084
22110,1272,1084
22111,1272,1084
22112,1272,1084
22113,1272,1084
22114,606,493
22115,606,493
22116,606,493
22117,1455,1262
22118,1472,1279
22119,1476,1282
22120,1472,1279
22121,1476,1282
22122,1476,1282
22123,1476,1282
22124,1492,1297
22125,1492,1297
22126,1492,1297
22127,1473,1280
22128,1473,1280
22129,1493,1298
22130,1475,1281
22131,1493,1298
22132,1493,1298
22133,1061,884
22134,973,806
22135,975,807
22136,975,807
22137,977,809
22138,977,809
22139,980,811
22140,934,773
22141,934,773
22142,936,775
22143,936,775
22144,963,797
22145,947,783
22146,949,785
22147,949,785
22148,951,787
22149,951,787
22150,958,792
22151,933,772
22152,933,772
22153,944,781
22154,954,789
22155,953,788
22156,1014,842
22157,1018,846
22158,373,299
22159,937,776
22160,368,294
22161,368,294
22162,375,301
22163,941,779
22164,389,313
22165,42,35
22166,42,35
22167,42,35
22168,42,35
22169,42,35
22170,42,35
22171,42,35
22172,1103,925
22173,679,548
22174,679,548
22175,801,658
22176,679,548
22177,679,548
22178,1423,1230
22179,1423,1230
22180,1423,1230
22181,1423,1230
22182,916,756
22183,916,756
22184,919,759
22185,921,761
22186,921,761
22187,921,761
22188,920,760
22189,920,760
22190,1472,1279
22191,1472,1279
22192,1472,1279
22193,1472,1279
22194,1472,1279
22195,1472,1279
22196,1492,1297
22197,1492,1297
22198,1492,1297
22199,1492,1297
22200,1492,1297
22201,1492,1297
22202,1492,1297
22203,1492,1297
22204,1492,1297
22205,1492,1297
22206,1492,1297
22207,1492,1297
22208,1492,1297
22209,1492,1297
22210,1492,1297
22211,982,813
22212,1060,883
22213,1061,884
22214,1061,884
22215,1061,884
22216,1061,884
22217,1061,884
22218,970,804
22219,970,804
22220,973,806
22221,972,805
22222,972,805
22223,975,807
22224,981,812
22225,981,812
22226,975,807
22227,976,808
22228,976,808
22229,976,808
22230,986,816
22231,986,816
22232,1494,1299
22233,1494,1299
22234,1494,1299
22235,1494,1299
22236,1494,1299
22237,1494,1299
22238,1494,1299
22239,1495,1300
22240,1496,1301
22241,1496,1301
22242,1495,1300
22243,1496,1301
22244,1496,1301
22245,1495,1300
22246,1495,1300
22247,1495,1300
22248,1496,1301
22249,1495,1300
22250,1495,1300
22251,1495,1300
22252,1495,1300
22253,1496,1301
22254,1496,1301
22255,1495,1300
22256,1495,1300
22257,1495,1300
22258,1496,1301
22259,1496,1301
22260,1496,1301
22261,436,352
22262,436,352
22263,851,699
22264,607,494
22265,607,494
22266,1273,1085
22267,607,494
22268,607,494
22269,607,494
22270,801,658
22271,679,548
22272,1285,1097
22273,1285,1097
22274,1288,1100
22275,1286,1098
22276,357,284
22277,912,752
22278,912,752
22279,913,753
22280,922,762
22281,922,762
22282,914,754
22283,914,754
22284,1497,1302
22285,914,754
22286,1497,1302
22287,1497,1302
22288,1497,1302
22289,1249,1062
22290,1249,1062
22291,1340,1150
22292,1340,1150
22293,1340,1150
22294,1340,1150
22295,1342,1152
22296,1342,1152
22297,1343,1153
22298,1345,1155
22299,1345,1155
22300,1344,1154
22301,1216,1032
22302,929,768
22303,929,768
22304,969,803
22305,928,767
22306,169,128
22307,912,752
22308,913,753
22309,922,762
22310,358,285
22311,358,285
22312,922,762
22313,922,762
22314,922,762
22315,358,285
22316,914,754
22317,914,754
22318,358,285
22319,914,754
22320,914,754
22321,914,754
22322,1497,1302
22323,1497,1302
22324,1497,1302
22325,679,548
22326,797,655
22327,785,647
22328,374,300
22329,374,300
22330,374,300
22331,375,301
22332,375,301
22333,376,302
22334,376,302
22335,376,302
22336,376,302
22337,717,580
22338,717,580
22339,717,580
22340,717,580
22341,717,580
22342,415,335
22343,415,335
22344,419,337
22345,717,580
22346,413,334
22347,704,569
22348,413,334
22349,717,580
22350,704,569
22351,1198,1015
22352,417,336
22353,425,343
22354,425,343
22355,425,343
22356,425,343
22357,425,343
22358,425,343
22359,1331,1141
22360,1094,917
22361,1278,1090
22362,1280,1092
22363,1280,1092
22364,1280,1092
22365,1280,1092
22366,354,282
22367,844,692
22368,1277,1089
22369,1277,1089
22370,1278,1090
22371,1280,1092
22372,1054,879
22373,1464,1271
22374,1498,1303
22375,1498,1303
22376,1428,1235
22377,1034,860
22378,1216,1032
22379,686,554
22380,686,554
22381,686,554
22382,686,554
22383,686,554
22384,686,554
22385,686,554
22386,686,554
22387,1171,990
22388,1097,919
22389,1097,919
22390,1097,919
22391,1097,919
22392,1097,919
22393,1097,919
22394,1097,919
22395,1453,1260
22396,1453,1260
22397,1453,1260
22398,1453,1260
22399,1453,1260
22400,1453,1260
22401,1453,1260
22402,817,669
22403,817,669
22404,817,669
22405,817,669
22406,817,669
22407,811,664
22408,811,664
22409,907,747
22410,907,747
22411,907,747
22412,907,747
22413,907,747
22414,689,557
22415,908,748
22416,909,749
22417,909,749
22418,909,749
22419,909,749
22420,908,748
22421,908,748
22422,908,748
22423,908,748
22424,909,749
22425,912,752
22426,912,752
22427,912,752
22428,922,762
22429,922,762
22430,914,754
22431,914,754
22432,914,754
22433,914,754
22434,914,754
22435,1497,1302
22436,1497,1302
22437,1497,1302
22438,1497,1302
22439,1497,1302
22440,1497,1302
22441,1497,1302
22442,1497,1302
22443,1497,1302
22444,1497,1302
22445,1499,1304
22446,1499,1304
22447,1499,1304
22448,1499,1304
22449,1499,1304
22450,1499,1304
22451,1499,1304
22452,1499,1304
22453,1499,1304
22454,1499,1304
22455,1499,1304
22456,1499,1304
22457,1499,1304
22458,1499,1304
22459,1499,1304
22460,1499,1304
22461,1499,1304
22462,916,756
22463,919,759
22464,919,759
22465,912,752
22466,912,752
22467,918,758
22468,918,758
22469,922,762
22470,358,285
22471,358,285
22472,358,285
22473,1455,1262
22474,1472,1279
22475,1476,1282
22476,1476,1282
22477,1476,1282
22478,1476,1282
22479,1476,1282
22480,1476,1282
22481,1476,1282
22482,1487,1292
22483,1487,1292
22484,1492,1297
22485,1492,1297
22486,1474,1280;1281
22487,1475,1281
22488,1475,1281
22489,1475,1281
22490,1475,1281
22491,1475,1281
22492,1493,1298
22493,1493,1298
22494,1493,1298
22495,1493,1298
22496,1493,1298
22497,1493,1298
22498,1493,1298
22499,1493,1298
22500,1493,1298
22501,1493,1298
22502,1493,1298
22503,1493,1298
22504,1493,1298
22505,1493,1298
22506,1493,1298
22507,1060,883
22508,1061,884
22509,1061,884
22510,973,806
22511,975,807
22512,975,807
22513,975,807
22514,975,807
22515,981,812
22516,975,807
22517,977,809
22518,977,809
22519,976,808
22520,976,808
22521,977,809
22522,977,809
22523,977,809
22524,934,773
22525,934,773
22526,934,773
22527,934,773
22528,934,773
22529,934,773
22530,934,773
22531,936,775
22532,934,773
22533,936,775
22534,936,775
22535,934,773
22536,934,773
22537,934,773
22538,963,797
22539,963,797
22540,963,797
22541,963,797
22542,963,797
22543,963,797
22544,963,797
22545,963,797
22546,1493,1298
22547,1493,1298
22548,941,779
22549,947,783
22550,947,783
22551,947,783
22552,947,783
22553,949,785
22554,949,785
22555,949,785
22556,949,785
22557,949,785
22558,949,785
22559,949,785
22560,950,786
22561,950,786
22562,953,788
22563,951,787
22564,951,787
22565,951,787
22566,951,787
22567,951,787
22568,951,787
22569,951,787
22570,951,787
22571,958,792
22572,958,792
22573,958,792
22574,965,799
22575,965,799
22576,965,799
22577,965,799
22578,965,799
22579,965,799
22580,956,791
22581,966,800
22582,959,793
22583,984,814
22584,959,793
22585,986,816
22586,951,787
22587,956,791
22588,979,810
22589,979,810
22590,1221,1037
22591,1221,1037
22592,1221,1037
22593,1221,1037
22594,1221,1037
22595,1221,1037
22596,1221,1037
22597,989,819
22598,989,819
22599,989,819
22600,989,819
22601,989,819
22602,989,819
22603,989,819
22604,989,819
22605,989,819
22606,989,819
22607,989,819
22608,989,819
22609,992,822
22610,992,822
22611,992,822
22612,992,822
22613,992,822
22614,999,829
22615,999,829
22616,999,829
22617,999,829
22618,999,829
22619,999,829
22620,1500,1305
22621,1500,1305
22622,1500,1305
22623,1500,1305
22624,999,829
22625,1500,1305
22626,999,829
22627,1500,1305
22628,999,829
22629,1500,1305
22630,999,829
22631,1500,1305
22632,1500,1305
22633,1500,1305
22634,1500,1305
22635,1500,1305
22636,1500,1305
22637,1500,1305
22638,999,829
22639,1500,1305
22640,999,829
22641,1500,1305
22642,999,829
22643,999,829
22644,991,821
22645,991,821
22646,999,829
22647,999,829
22648,1216,1032
22649,1017,845
22650,1214,1030
22651,1214,1030
22652,1214,1030
22653,1214,1030
22654,1214,1030
22655,1214,1030
22656,1214,1030
22657,1214,1030
22658,1214,1030
22659,1019,847
22660,1019,847
22661,1019,847
22662,1019,847
22663,1019,847
22664,1024,852
22665,1024,852
22666,1024,852
22667,1024,852
22668,1024,852
22669,1025,853
22670,1025,853
22671,1025,853
22672,1025,853
22673,1025,853
22674,1025,853
22675,1025,853
22676,1025,853
22677,1025,853
22678,1025,853
22679,1025,853
22680,1006,834
22681,1006,834
22682,1006,834
22683,1025,853
22684,1025,853
22685,1008,836
22686,363,289
22687,363,289
22688,363,289
22689,368,294
22690,374,300
22691,374,300
22692,375,301
22693,375,301
22694,376,302
22695,376,302
22696,376,302
22697,376,302
22698,376,302
22699,376,302
22700,376,302
22701,363,289
22702,1,1
22703,1130,952
22704,1130,952
22705,1130,952
22706,1130,952
22707,1130,952
22708,1130,952
22709,1130,952
22710,1130,952
22711,1130,952
22712,1130,952
22713,1130,952
22714,1130,952
22715,1130,952
22716,18,14
22717,18,14
22718,18,14
22719,18,14
22720,13,10
22721,18,14
22722,18,14
22723,18,14
22724,18,14
22725,18,14
22726,18,14
22727,18,14
22728,18,14
22729,18,14
22730,717,580
22731,717,580
22732,717,580
22733,717,580
22734,717,580
22735,717,580
22736,1208,1024
22737,876,716
22738,876,716
22739,1283,1095
22740,1283,1095
22741,1284,1096
22742,1288,1100
22743,1288,1100
22744,1072,895
22745,1289,1101
22746,1289,1101
22747,1289,1101
22748,1071,894
22749,1071,894
22750,1071,894
22751,1071,894
22752,1071,894
22753,1287,1099
22754,1342,1152
22755,686,554
22756,686,554
22757,686,554
22758,1230,1044
22759,1230,1044
22760,1230,1044
22761,1230,1044
22762,69,60
22763,1490,1295
22764,1253,1066
22765,1253,1066
22766,1253,1066
22767,1084,907
22768,1084,907
22769,1264,1076
22770,873,714
22771,1353,1163
22772,1353,1163
22773,1031,857
22774,1341,1151
22775,1343,1153
22776,1348,1158
22777,1362,1171
22778,1351,1161
22779,1207,1023
22780,1362,1171
22781,1206,1022;1023
22782,1205,1022
22783,1362,1171
22784,1362,1171
22785,1360,1169
22786,1360,1169
22787,1360,1169
22788,1360,1169
22789,129,98
22790,1327,1137
22791,425,343
22792,425,343
22793,425,343
22794,425,343
22795,1330,1140
22796,1330,1140
22797,1331,1141
22798,69,60
22799,859,706
22800,1501,1306
22801,1501,1306
22802,1471,1278
22803,1501,1306
22804,523,427
22805,1064,887
22806,1251,1064
22807,1085,908
22808,1119,941
22809,1428,1235
22810,1251,1064
22811,1251,1064
22812,1102,924
22813,1102,924
22814,1102,924
22815,1278,1090
22816,461,375;386
22817,619,499
22818,1205,1022
22819,1113,935
22820,400,323
22821,1113,935
22822,712,575;576
22823,1220,1036
22824,1228,1043
22825,1225,1041
22826,1227,1042
22827,1225,1041
22828,1225,1041
22829,1122,944
22830,1122,944
22831,1122,944
22832,1122,944
22833,1122,944
22834,1122,944
22835,1369,1178
22836,1373,1182
22837,1331,1141
22838,1500,1305
22839,1064,887
22840,1469,1276
22841,1469,1276
22842,1469,1276
22843,1102,924
22844,1471,1278
22845,1104,926
22846,1471,1278
22847,1103,925
22848,1104,926
22849,1471,1278
22850,1102,924
22851,1102,924
22852,1103,925
22853,1471,1278
22854,1501,1306
22855,1501,1306
22856,1501,1306
22857,1501,1306
22858,1501,1306
22859,1501,1306
22860,629,502
22861,1273,1085
22862,709,573
22863,1502,1307
22864,1502,1307
22865,1502,1307
22866,1502,1307
22867,1502,1307
22868,1502,1307
22869,1502,1307
22870,1502,1307
22871,1502,1307
22872,1502,1307
22873,1502,1307
22874,1502,1307
22875,1502,1307
22876,1377,1186
22877,461,375;386
22878,474,386
22879,474,386
22880,1104,926
22881,1103,925
22882,1104,926
22883,1471,1278
22884,1471,1278
22885,462,375;1278
22886,1467,1274
22887,1471,1278
22888,1467,1274
22889,1104,926
22890,1103,925
22891,1471,1278
22892,1082,905
22893,1082,905
22894,577,475
22895,158,118
22896,923,763
22897,158,118
22898,1128,950
22899,686,554
22900,1128,950
22901,686,554
22902,686,554
22903,1228,1043
22904,1229,1043;1180
22905,57,49
22906,57,49
22907,57,49
22908,57,49
22909,57,49
22910,57,49
22911,57,49
22912,57,49
22913,57,49
22914,1171,990
22915,1141,963
22916,408,329
22917,408,329
22918,1277,1089
22919,845,693
22920,378,304
22921,1350,1160
22922,1349,1159
22923,1349,1159
22924,1351,1161
22925,1359,1168
22926,1359,1168
22927,1364,1173
22928,1364,1173
22929,1209,1025
22930,1370,1179
22931,1370,1179
22932,1370,1179
22933,1369,1178
22934,1370,1179
22935,1227,1042
22936,1227,1042
22937,1371,1180
22938,1378,1187
22939,1378,1187
22940,1378,1187
22941,1380,1189
22942,1380,1189
22943,1380,1189
22944,1380,1189
22945,1376,1185
22946,1381,1190
22947,1376,1185
22948,1381,1190
22949,1381,1190
22950,1369,1178
22951,1371,1180
22952,1371,1180
22953,973,806
22954,975,807
22955,975,807
22956,975,807
22957,413,334
22958,413,334
22959,704,569
22960,704,569
22961,704,569
22962,1340,1150
22963,704,569
22964,1340,1150
22965,1340,1150
22966,1340,1150
22967,1340,1150
22968,413,334
22969,1277,1089
22970,606,493
22971,1448,1255
22972,1453,1260
22973,1453,1260
22974,1503,1308
22975,397,320
22976,397,320
22977,397,320
22978,395,318
22979,395,318
22980,401,323;325
22981,400,323
22982,402,324
22983,1137,959
22984,1143,965
22985,1351,1161
22986,1351,1161
22987,1351,1161
22988,1353,1163
22989,1353,1163
22990,1359,1168
22991,1028,855
22992,1028,855
22993,1110,932
22994,1110,932
22995,1111,933
22996,421,339
22997,69,60
22998,69,60
22999,69,60
23000,1245,1058
23001,1245,1058
23002,1084,907
23003,1084,907
23004,1254,1067
23005,1282,1094
23006,1282,1094
23007,1403,1210
23008,1403,1210
23009,1403,1210
23010,1300,1111
23011,1383,1192
23012,1278,1090
23013,577,475
23014,525,428
23015,528,431
23016,814,666
23017,1008,836
23018,1353,1163
23019,419,337
23020,419,337
23021,711,575
23022,1209,1025
23023,1209,1025
23024,1209,1025
23025,229,177
23026,229,177
23027,229,177
23028,419,337
23029,415,335
23030,28,24
23031,28,24
23032,28,24
23033,28,24
23034,28,24
23035,29,25
23036,29,25
23037,29,25
23038,29,25
23039,29,25
23040,1375,1184
23041,1377,1186
23042,1466,1273
23043,1380,1189
23044,1376,1185
23045,1376,1185
23046,1376,1185
23047,358,285
23048,358,285
23049,1504,1309
23050,1505,1310
23051,1505,1310
23052,1505,1310
23053,1504,1309
23054,1505,1310
23055,1504,1309
23056,1504,1309
23057,1505,1310
23058,1505,1310
23059,1505,1310
23060,1505,1310
23061,1505,1310
23062,69,60
23063,1008,836
23064,1136,958
23065,1135,957
23066,167,126
23067,1416,1223
23068,1416,1223
23069,1416,1223
23070,1506,1311
23071,1506,1311
23072,1506,1311
23073,1506,1311
23074,1507,1312
23075,1506,1311
23076,1508,1313
23077,1507,1312
23078,1507,1312
23079,1508,1313
23080,1423,1230
23081,1423,1230
23082,1423,1230
23083,774,636
23084,774,636
23085,774,636
23086,1423,1230
23087,1423,1230
23088,774,636
23089,1423,1230
23090,774,636
23091,774,636
23092,774,636
23093,1422,1229
23094,1508,1313
23095,1423,1230
23096,1422,1229
23097,1422,1229
23098,1508,1313
23099,1508,1313
23100,1422,1229
23101,1508,1313
23102,1422,1229
23103,1423,1230
23104,1423,1230
23105,1422,1229
23106,1422,1229
23107,1422,1229
23108,1422,1229
23109,1464,1271
23110,1508,1313
23111,1422,1229
23112,1423,1230
23113,1422,1229
23114,1422,1229
23115,1423,1230
23116,1508,1313
23117,1422,1229
23118,1508,1313
23119,1422,1229
23120,1508,1313
23121,1422,1229
23122,1508,1313
23123,1115,937
23124,1115,937
23125,751,613
23126,1508,1313
23127,1115,937
23128,1119,941
23129,1121,943
23130,1121,943
23131,1121,943
23132,1489,1294
23133,1489,1294
23134,44,37
23135,44,37
23136,44,37
23137,43,36
23138,371,297
23139,371,297
23140,382,307
23141,43,36
23142,371,297
23143,43,36
23144,382,307
23145,43,36
23146,371,297
23147,378,304
23148,378,304
23149,380,305
23150,382,307
23151,380,305
23152,42,35
23153,42,35
23154,385,310
23155,385,310
23156,385,310
23157,696,563
23158,696,563
23159,1450,1257
23160,57,49
23161,57,49
23162,57,49
23163,57,49
23164,923,763
23165,158,118
23166,158,118
23167,69,60
23168,69,60
23169,528,431
23170,525,428
23171,523,427
23172,382,307
23173,378,304
23174,378,304
23175,378,304
23176,380,305
23177,390,314
23178,390,314
23179,390,314
23180,386,311
23181,386,311
23182,386,311
23183,385,310
23184,385,310
23185,385,310
23186,385,310
23187,404,326
23188,684,552
23189,404,326
23190,404,326
23191,404,326
23192,684,552
23193,404,326
23194,806,660
23195,1048,873
23196,1048,873
23197,395,318
23198,408,329
23199,408,329
23200,696,563
23201,1034,860
23202,1029,856
23203,397,320
23204,1029,856
23205,1029,856
23206,1037,863
23207,1029,856
23208,1037,863
23209,1037,863
23210,1032,858
23211,1029,856
23212,1029,856
23213,785,647
23214,1509,1314
23215,1338,1148
23216,395,318
23217,684,552
23218,1491,1296
23219,1491,1296
23220,1491,1296
23221,1491,1296
23222,1491,1296
23223,1360,1169
23224,57,49
23225,1364,1173
23226,1364,1173
23227,1369,1178
23228,1371,1180
23229,1370,1179
23230,1370,1179
23231,1376,1185
23232,1376,1185
23233,1376,1185
23234,1211,1027
23235,1211,1027
23236,1229,1043;1180
23237,713,576
23238,711,575
23239,1082,905
23240,1380,1189
23241,1380,1189
23242,1380,1189
23243,621,500
23244,1173,992
23245,1281,1093
23246,1173,992
23247,1281,1093
23248,1451,1258
23249,1452,1259
23250,1130,952
23251,1173,992
23252,1220,1036
23253,931,770
23254,931,770
23255,1290,1102
23256,1291,1103
23257,1291,1103
23258,1291,1103
23259,1291,1103
23260,1291,1103
23261,1291,1103
23262,1291,1103
23263,1291,1103
23264,1291,1103
23265,1291,1103
23266,1303,1114
23267,1293,1105
23268,1293,1105
23269,1293,1105
23270,1293,1105
23271,1293,1105
23272,1293,1105
23273,1302,1113
23274,1128,950
23275,1380,1189
23276,1380,1189
23277,1377,1186
23278,1377,1186
23279,1380,1189
23280,1466,1273
23281,1380,1189
23282,1380,1189
23283,1379,1188
23284,1380,1189
23285,1380,1189
23286,1379,1188
23287,1379,1188
23288,1378,1187
23289,1466,1273
23290,1379,1188
23291,1466,1273
23292,1379,1188
23293,1380,1189
23294,1380,1189
23295,1377,1186
23296,1377,1186
23297,1377,1186
23298,1377,1186
23299,1378,1187
23300,1377,1186
23301,1377,1186
23302,1377,1186
23303,1377,1186
23304,1377,1186
23305,1377,1186
23306,1466,1273
23307,1377,1186
23308,1466,1273
23309,1377,1186
23310,1466,1273
23311,1466,1273
23312,1466,1273
23313,1466,1273
23314,1466,1273
23315,1466,1273
23316,1466,1273
23317,1466,1273
23318,1377,1186
23319,1466,1273
23320,1466,1273
23321,1466,1273
23322,1466,1273
23323,1377,1186
23324,1378,1187
23325,1378,1187
23326,1378,1187
23327,1378,1187
23328,1378,1187
23329,1378,1187
23330,1378,1187
23331,1378,1187
23332,1378,1187
23333,1378,1187
23334,1378,1187
23335,1378,1187
23336,1378,1187
23337,1378,1187
23338,1378,1187
23339,1505,1310
23340,1505,1310
23341,1504,1309
23342,1505,1310
23343,1484,1289
23344,1484,1289
23345,1483,1288
23346,1480,1285
23347,1480,1285
23348,1480,1285
23349,1481,1286
23350,1483,1288
23351,1486,1291
23352,1486,1291
23353,1486,1291
23354,1486,1291
23355,1486,1291
23356,1481,1286
23357,1486,1291
23358,1481,1286
23359,1486,1291
23360,1486,1291
23361,1486,1291
23362,1486,1291
23363,1481,1286
23364,1481,1286
23365,1481,1286
23366,1481,1286
23367,1481,1286
23368,1481,1286
23369,1481,1286
23370,1420,1227
23371,774,636
23372,774,636
23373,1510,1315
23374,1511,1316
23375,1511,1316
23376,1511,1316
23377,1511,1316
23378,1510,1315
23379,1511,1316
23380,1511,1316
23381,1510,1315
23382,1511,1316
23383,1510,1315
23384,1511,1316
23385,1511,1316
23386,1511,1316
23387,1511,1316
23388,1510,1315
23389,1511,1316
23390,1511,1316
23391,1511,1316
23392,1511,1316
23393,1510,1315
23394,1511,1316
23395,1511,1316
23396,1511,1316
23397,1510,1315
23398,1510,1315
23399,1510,1315
23400,1510,1315
23401,1510,1315
23402,1510,1315
23403,1510,1315
23404,1510,1315
23405,1510,1315
23406,1510,1315
23407,1510,1315
23408,1510,1315
23409,1510,1315
23410,1510,1315
23411,1423,1230
23412,1115,937
23413,1435,1242
23414,1438,1245
23415,1438,1245
23416,1435,1242
23417,1437,1244
23418,1438,1245
23419,1438,1245
23420,1438,1245
23421,1435,1242
23422,1121,943
23423,1362,1171
23424,708,572
23425,1359,1168
23426,708,572
23427,708,572
23428,708,572
23429,1130,952
23430,1354,1164
23431,1435,1242
23432,1435,1242
23433,1435,1242
23434,1435,1242
23435,1435,1242
23436,1435,1242
23437,1435,1242
23438,1435,1242
23439,1435,1242
23440,1435,1242
23441,1438,1245
23442,1438,1245
23443,1438,1245
23444,1438,1245
23445,1438,1245
23446,717,580
23447,1122,944
23448,42,35
23449,1260,1073
23450,57,49
23451,1488,1293
23452,1488,1293
23453,462,375;1278
23454,1471,1278
23455,1467,1274
23456,1104,926
23457,1471,1278
23458,1104,926
23459,1501,1306
23460,1349,1159
23461,1501,1306
23462,1191,1008
23463,917,757
23464,1381,1190
23465,1381,1190
23466,951,787
23467,550,454
23468,696,563
23469,1082,905
23470,1084,907
23471,679,548
23472,679,548
23473,679,548
23474,679,548
23475,679,548
23476,679,548
23477,1323,1134
23478,1323,1134
23479,1503,1308
23480,1503,1308
23481,1503,1308
23482,1503,1308
23483,1503,1308
23484,1503,1308
23485,1503,1308
23486,1503,1308
23487,1503,1308
23488,1503,1308
23489,1503,1308
23490,1503,1308
23491,1503,1308
23492,1503,1308
23493,1503,1308
23494,409,330
23495,409,330
23496,705,570
23497,1340,1150
23498,1341,1151
23499,1340,1150
23500,1341,1151
23501,1341,1151
23502,1341,1151
23503,1341,1151
23504,1341,1151
23505,1341,1151
23506,1341,1151
23507,1341,1151
23508,1343,1153
23509,717,580
23510,717,580
23511,1220,1036
23512,1449,1256
23513,1449,1256
23514,1505,1310
23515,1504,1309
23516,976,808
23517,1008,836
23518,355,283
23519,355,283
23520,397,320
23521,397,320
23522,403,325
23523,411,332
23524,411,332
23525,395,318
23526,399,322
23527,399,322
23528,404,326
23529,1103,925
23530,1467,1274
23531,1467,1274
23532,1467,1274
23533,1471,1278
23534,44,37
23535,1340,1150
23536,1340,1150
23537,1363,1172
23538,1363,1172
23539,1135,957
23540,1489,1294
23541,1489,1294
23542,1500,1305
23543,1500,1305
23544,1209,1025
23545,1209,1025
23546,787,649
23547,1130,952
23548,1428,1235
23549,1435,1242
23550,1512,1317
23551,1512,1317
23552,705,570
23553,1343,1153
23554,1343,1153
23555,1346,1156
23556,1346,1156
23557,1342,1152
23558,1346,1156
23559,1346,1156
23560,1342,1152
23561,1342,1152
23562,1111,933
23563,1380,1189
23564,1490,1295
23565,1490,1295
23566,1490,1295
23567,1490,1295
23568,1490,1295
23569,1468,1275
23570,355,283
23571,355,283
23572,356,283;1295
23573,355,283
23574,1253,1066
23575,1253,1066
23576,1253,1066
23577,1253,1066
23578,1253,1066
23579,1253,1066
23580,1253,1066
23581,1253,1066
23582,1253,1066
23583,411,332
23584,1280,1092
23585,877,717
23586,877,717
23587,44,37
23588,382,307
23589,380,305
23590,382,307
23591,371,297
23592,371,297
23593,371,297
23594,378,304
23595,388,312
23596,386,311
23597,385,310
23598,386,311
23599,389,313
23600,389,313
23601,389,313
23602,388,312
23603,398,321
23604,398,321
23605,388,312
23606,398,321
23607,396,319
23608,396,319
23609,392,316
23610,400,323
23611,1349,1159
23612,1349,1159
23613,1349,1159
23614,1348,1158
23615,1275,1087
23616,1214,1030
23617,1364,1173
23618,1364,1173
23619,1214,1030
23620,1214,1030
23621,1220,1036
23622,1489,1294
23623,1489,1294
23624,1489,1294
23625,1489,1294
23626,1381,1190
23627,1381,1190
23628,1349,1159
23629,1349,1159
23630,1349,1159
23631,1349,1159
23632,1349,1159
23633,1122,944
23634,1279,1091
23635,1298,1109
23636,1300,1111
23637,1300,1111
23638,1130,952
23639,1130,952
23640,1130,952
23641,1130,952
23642,1130,952
23643,1130,952
23644,1130,952
23645,1130,952
23646,1130,952
23647,1377,1186
23648,413,334
23649,1209,1025
23650,696,563
23651,1377,1186
23652,1376,1185
23653,1376,1185
23654,1064,887
23655,1498,1303
23656,403,325
23657,403,325
23658,403,325
23659,403,325
23660,403,325
23661,402,324
23662,411,332
23663,411,332
23664,403,325
23665,404,326
23666,411,332
23667,685,553
23668,685,553
23669,685,553
23670,685,553
23671,685,553
23672,685,553
23673,1191,1008
23674,1191,1008
23675,1491,1296
23676,1491,1296
23677,684,552
23678,1491,1296
23679,1491,1296
23680,684,552
23681,685,553
23682,814,666
23683,814,666
23684,814,666
23685,1048,873
23686,1028,855
23687,1028,855
23688,1028,855
23689,1028,855
23690,1028,855
23691,1028,855
23692,1028,855
23693,1028,855
23694,1028,855
23695,1502,1307
23696,1028,855
23697,1028,855
23698,1028,855
23699,1502,1307
23700,1502,1307
23701,1200,1017
23702,1200,1017
23703,1200,1017
23704,1200,1017
23705,1200,1017
23706,1200,1017
23707,1199,1016
23708,1199,1016
23709,1199,1016
23710,1199,1016
23711,1199,1016
23712,1199,1016
23713,1200,1017
23714,1199,1016
23715,1199,1016
23716,705,570
23717,707,571
23718,708,572
23719,710,574
23720,710,574
23721,1214,1030
23722,69,60
23723,1230,1044
23724,1481,1286
23725,1481,1286
23726,1440,1247
23727,1440,1247
23728,1440,1247
23729,1440,1247
23730,1440,1247
23731,1440,1247
23732,1404,1211
23733,1314,1125
23734,1346,1156
23735,1346,1156
23736,982,813
23737,982,813
23738,1060,883
23739,1060,883
23740,1060,883
23741,1360,1169
23742,1220,1036
23743,44,37
23744,388,312
23745,388,312
23746,388,312
23747,388,312
23748,388,312
23749,1274,1086
23750,1354,1164
23751,1353,1163
23752,1353,1163
23753,1353,1163
23754,1354,1164
23755,1354,1164
23756,1353,1163
23757,1354,1164
23758,1354,1164
23759,1354,1164
23760,1354,1164
23761,1354,1164
23762,1490,1295
23763,1272,1084
23764,1272,1084
23765,395,318
23766,409,330
23767,409,330
23768,409,330
23769,1489,1294
23770,356,283;1295
23771,355,283
23772,355,283
23773,355,283
23774,1349,1159
23775,1350,1160
23776,1349,1159
23777,1501,1306
23778,1501,1306
23779,1281,1093
23780,386,311
23781,385,310
23782,390,314
23783,385,310
23784,390,314
23785,389,313
23786,398,321
23787,398,321
23788,396,319
23789,396,319
23790,28,24
23791,1378,1187
23792,1467,1274
23793,1467,1274
23794,1103,925
23795,1104,926
23796,1467,1274
23797,1501,1306
23798,1467,1274
23799,1501,1306
23800,1103,925
23801,1102,924
23802,1104,926
23803,1471,1278
23804,1471,1278
23805,1064,887
23806,621,500
23807,708,572
23808,708,572
23809,708,572
23810,708,572
23811,708,572
23812,1513,1318
23813,1513,1318
23814,1513,1318
23815,1513,1318
23816,1513,1318
23817,1450,1257
23818,1450,1257
23819,1450,1257
23820,1450,1257
23821,1450,1257
23822,1514,1319
23823,1515,1320
23824,1514,1319
23825,1515,1320
23826,1515,1320
23827,1514,1319
23828,1514,1319
23829,1515,1320
23830,1514,1319
23831,1514,1319
23832,1512,1317
23833,1512,1317
23834,1512,1317
23835,1248,1061
23836,1248,1061
23837,1451,1258
23838,1248,1061
23839,1449,1256
23840,1449,1256
23841,1451,1258
23842,1311,1122
23843,1311,1122
23844,1311,1122
23845,1303,1114
23846,1516,1321
23847,1516,1321
23848,1516,1321
23849,1516,1321
23850,1380,1189
23851,1376,1185
23852,1376,1185
23853,1376,1185
23854,1380,1189
23855,1376,1185
23856,1376,1185
23857,1122,944
23858,1122,944
23859,1376,1185
23860,1376,1185
23861,1111,933
23862,415,335
23863,1111,933
23864,705,570
23865,1340,1150
23866,1341,1151
23867,1341,1151
23868,1341,1151
23869,1340,1150
23870,1346,1156
23871,1346,1156
23872,1343,1153
23873,1342,1152
23874,1343,1153
23875,1342,1152
23876,1342,1152
23877,696,563
23878,707,571
23879,707,571
23880,707,571
23881,708,572
23882,707,571
23883,1362,1171
23884,1207,1023
23885,1207,1023
23886,1207,1023
23887,1207,1023
23888,1207,1023
23889,1207,1023
23890,1207,1023
23891,1207,1023
23892,1205,1022
23893,1205,1022
23894,1205,1022
23895,1205,1022
23896,1346,1156
23897,1205,1022
23898,1205,1022
23899,1205,1022
23900,1207,1023
23901,1207,1023
23902,1205,1022
23903,1205,1022
23904,1516,1321
23905,1516,1321
23906,1516,1321
23907,1516,1321
23908,1353,1163
23909,1353,1163
23910,1353,1163
23911,1353,1163
23912,1354,1164
23913,1354,1164
23914,1354,1164
23915,1354,1164
23916,1354,1164
23917,1354,1164
23918,1354,1164
23919,1517,1322
23920,1517,1322
23921,1517,1322
23922,1517,1322
23923,1517,1322
23924,1518,1323
23925,1518,1323
23926,1518,1323
23927,1518,1323
23928,1518,1323
23929,708,572
23930,1518,1323
23931,1516,1321
23932,1516,1321
23933,1518,1323
23934,1517,1322
23935,1518,1323
23936,1517,1322
23937,1517,1322
23938,1517,1322
23939,1518,1323
23940,1518,1323
23941,1353,1163
23942,1353,1163
23943,1353,1163
23944,1358,1167
23945,1358,1167
23946,1359,1168
23947,1358,1167
23948,1358,1167
23949,1358,1167
23950,1358,1167
23951,1517,1322
23952,1517,1322
23953,1517,1322
23954,1517,1322
23955,1517,1322
23956,1517,1322
23957,1518,1323
23958,1518,1323
23959,1353,1163
23960,1518,1323
23961,1518,1323
23962,1518,1323
23963,1518,1323
23964,1518,1323
23965,1353,1163
23966,1358,1167
23967,1358,1167
23968,1205,1022
23969,1207,1023
23970,1359,1168
23971,1358,1167
23972,1358,1167
23973,1516,1321
23974,1516,1321
23975,818,670
23976,1353,1163
23977,1358,1167
23978,1358,1167
23979,1517,1322
23980,1518,1323
23981,807,661
23982,807,661
23983,408,329
23984,1489,1294
23985,1489,1294
23986,1489,1294
23987,707,571
23988,1484,1289
23989,1484,1289
23990,1484,1289
23991,1484,1289
23992,1506,1311
23993,1508,1313
23994,1506,1311
23995,1506,1311
23996,1508,1313
23997,1507,1312
23998,1506,1311
23999,1507,1312
24000,1507,1312
24001,1507,1312
24002,1507,1312
24003,1482,1287
24004,1482,1287
24005,1482,1287
24006,1483,1288
24007,1483,1288
24008,1485,1290
24009,1485,1290
24010,1485,1290
24011,1485,1290
24012,1485,1290
24013,1485,1290
24014,1483,1288
24015,1422,1229
24016,1480,1285
24017,1486,1291
24018,1214,1030
24019,1214,1030
24020,397,320
24021,397,320
24022,410,331
24023,1343,1153
24024,1313,1124
24025,976,808
24026,1498,1303
24027,1498,1303
24028,1498,1303
24029,1498,1303
24030,1498,1303
24031,1508,1313
24032,1275,1087
24033,1378,1187
24034,1380,1189
24035,1380,1189
24036,1380,1189
24037,1379,1188
24038,1379,1188
24039,1379,1188
24040,1379,1188
24041,1379,1188
24042,1452,1259
24043,1452,1259
24044,1403,1210
24045,1452,1259
24046,1452,1259
24047,1450,1257
24048,1449,1256
24049,1450,1257
24050,787,649
24051,1449,1256
24052,787,649
24053,717,580
24054,717,580
24055,717,580
24056,717,580
24057,1293,1105
24058,1292,1104
24059,1303,1114
24060,1303,1114
24061,1300,1111
24062,1302,1113
24063,1303,1114
24064,403,325
24065,1281,1093
24066,1501,1306
24067,411,332
24068,411,332
24069,411,332
24070,229,177
24071,235,183
24072,235,183
24073,235,183
24074,235,183
24075,235,183
24076,1211,1027
24077,1211,1027
24078,1211,1027
24079,1211,1027
24080,1211,1027
24081,1211,1027
24082,235,183
24083,1363,1172
24084,235,183
24085,1211,1027
24086,229,177
24087,229,177
24088,1362,1171
24089,1349,1159
24090,415,335
24091,1310,1121
24092,1220,1036
24093,1230,1044
24094,1230,1044
24095,1230,1044
24096,1230,1044
24097,1230,1044
24098,1192,1009
24099,877,717
24100,692,560
24101,692,560
24102,1436,1243
24103,1436,1243
24104,1436,1243
24105,1436,1243
24106,1436,1243
24107,1449,1256
24108,1449,1256
24109,1449,1256
24110,1307,1118
24111,1307,1118
24112,1350,1160
24113,1490,1295
24114,1490,1295
24115,356,283;1295
24116,415,335
24117,1220,1036
24118,1248,1061
24119,1248,1061
24120,1409,1216
24121,1248,1061
24122,1248,1061
24123,1307,1118
24124,1307,1118
24125,1306,1117
24126,807,661
24127,807,661
24128,807,661
24129,807,661
24130,807,661
24131,1350,1160
24132,355,283
24133,1220,1036
24134,1376,1185
24135,397,320
24136,395,318
24137,400,323
24138,355,283
24139,1350,1160
24140,1519,1324
24141,1307,1118
24142,1519,1324
24143,1519,1324
24144,1519,1324
24145,1519,1324
24146,1519,1324
24147,1519,1324
24148,1309,1120
24149,1309,1120
24150,1309,1120
24151,1309,1120
24152,1309,1120
24153,1310,1121
24154,1509,1314
24155,1311,1122
24156,1509,1314
24157,1509,1314
24158,1509,1314
24159,1509,1314
24160,1509,1314
24161,1509,1314
24162,1509,1314
24163,1512,1317
24164,1310,1121
24165,1512,1317
24166,1512,1317
24167,1512,1317
24168,1512,1317
24169,1512,1317
24170,1376,1185
24171,707,571
24172,787,649
24173,787,649
24174,787,649
24175,1452,1259
24176,1452,1259
24177,1452,1259
24178,1452,1259
24179,1452,1259
24180,787,649
24181,1452,1259
24182,787,649
24183,787,649
24184,1452,1259
24185,1449,1256
24186,1449,1256
24187,1449,1256
24188,1449,1256
24189,787,649
24190,787,649
24191,1449,1256
24192,1449,1256
24193,787,649
24194,787,649
24195,1449,1256
24196,787,649
24197,1449,1256
24198,787,649
24199,787,649
24200,787,649
24201,1449,1256
24202,787,649
24203,787,649
24204,787,649
24205,787,649
24206,1449,1256
24207,787,649
24208,787,649
24209,1449,1256
24210,1449,1256
24211,1449,1256
24212,787,649
24213,787,649
24214,1449,1256
24215,787,649
24216,1449,1256
24217,1449,1256
24218,1452,1259
24219,787,649
24220,1449,1256
24221,1449,1256
24222,1449,1256
24223,1449,1256
24224,1449,1256
24225,1449,1256
24226,1452,1259
24227,1449,1256
24228,1449,1256
24229,1452,1259
24230,1449,1256
24231,1449,1256
24232,1449,1256
24233,787,649
24234,1449,1256
24235,1449,1256
24236,787,649
24237,1004,833
24238,1004,833
24239,1021,849
24240,1020,848
24241,1021,849
24242,1020,848
24243,1020,848
24244,1020,848
24245,1020,848
24246,1020,848
24247,1311,1122
24248,1311,1122
24249,774,636
24250,1416,1223
24251,1122,944
24252,235,183
24253,235,183
24254,235,183
24255,229,177
24256,235,183
24257,235,183
24258,235,183
24259,235,183
24260,235,183
24261,695,562
24262,931,770
24263,1053,878
24264,1476,1282
24265,1294,1106
24266,1294,1106
24267,1294,1106
24268,1294,1106
24269,1294,1106
24270,1294,1106
24271,1293,1105
24272,1293,1105
24273,1293,1105
24274,1292,1104
24275,1292,1104
24276,1292,1104
24277,1292,1104
24278,1514,1319
24279,1514,1319
24280,1515,1320
24281,1515,1320
24282,1514,1319
24283,1498,1303
24284,1498,1303
24285,1508,1313
24286,1498,1303
24287,1508,1313
24288,1498,1303
24289,1498,1303
24290,1498,1303
24291,1508,1313
24292,1436,1243
24293,1436,1243
24294,1436,1243
24295,1436,1243
24296,1436,1243
24297,1436,1243
24298,1436,1243
24299,1436,1243
24300,1293,1105
24301,1376,1185
24302,397,320
24303,1230,1044
24304,399,322
24305,1500,1305
24306,393,317
24307,386,311
24308,382,307
24309,371,297
24310,382,307
24311,382,307
24312,380,305
24313,1509,1314
24314,1509,1314
24315,1514,1319
24316,404,326
24317,695,562
24318,696,563
24319,1508,1313
24320,1508,1313
24321,774,636
24322,774,636
24323,774,636
24324,774,636
24325,774,636
24326,1422,1229
24327,807,661
24328,809,663
24329,807,661
24330,807,661
24331,1520,1325
24332,1520,1325
24333,1520,1325
24334,1520,1325
24335,1520,1325
24336,1520,1325
24337,1520,1325
24338,1520,1325
24339,1449,1256
24340,159,119
24341,28,24
24342,28,24
24343,28,24
24344,28,24
24345,28,24
24346,28,24
24347,1490,1295
24348,1490,1295
24349,1498,1303
24350,1498,1303
24351,1498,1303
24352,1498,1303
24353,1506,1311
24354,1506,1311
24355,1506,1311
24356,1506,1311
24357,1506,1311
24358,1506,1311
24359,1506,1311
24360,1506,1311
24361,1506,1311
24362,378,304
24363,1449,1256
24364,1449,1256
24365,411,332
24366,696,563
24367,1426,1233
24368,1426,1233
24369,1426,1233
24370,1426,1233
24371,1426,1233
24372,1440,1247
24373,1440,1247
24374,1440,1247
24375,1440,1247
24376,1440,1247
24377,1440,1247
24378,1507,1312
24379,1507,1312
24380,1507,1312
24381,1507,1312
24382,1507,1312
24383,1507,1312
24384,1484,1289
24385,1484,1289
24386,1484,1289
24387,1483,1288
24388,1484,1289
24389,1483,1288
24390,1483,1288
24391,1483,1288
24392,1484,1289
24393,1484,1289
24394,1248,1061
24395,1248,1061
24396,808,662
24397,1311,1122
24398,1346,1156
24399,1346,1156
24400,1220,1036
24401,1450,1257
24402,1440,1247
24403,1440,1247
24404,1440,1247
24405,1440,1247
24406,1439,1246
24407,1439,1246
24408,1439,1246
24409,1439,1246
24410,1439,1246
24411,1439,1246
24412,1439,1246
24413,1439,1246
24414,1439,1246
24415,1439,1246
24416,1439,1246
24417,1439,1246
24418,1439,1246
24419,1439,1246
24420,1439,1246
24421,1310,1121
24422,1033,859
24423,1033,859
24424,1033,859
24425,1033,859
24426,1033,859
24427,1033,859
24428,1033,859
24429,1033,859
24430,1033,859
24431,1029,856
24432,1037,863
24433,1214,1030
24434,385,310
24435,389,313
24436,1489,1294
24437,159,119
24438,159,119
24439,923,763
24440,696,563
24441,1343,1153
24442,1516,1321
24443,1516,1321
24444,1516,1321
24445,1516,1321
24446,1516,1321
24447,1353,1163
24448,1353,1163
24449,807,661
24450,807,661
24451,923,763
24452,1004,833
24453,1004,833
24454,1004,833
24455,1366,1175
24456,1366,1175
24457,1366,1175
24458,1366,1175
24459,1366,1175
24460,1366,1175
24461,1480,1285
24462,1480,1285
24463,1480,1285
24464,1511,1316
24465,807,661
24466,807,661
24467,807,661
24468,807,661
24469,807,661
24470,807,661
24471,807,661
24472,411,332
24473,392,316
24474,1489,1294
24475,1498,1303
24476,1506,1311
24477,1507,1312
24478,397,320
24479,1358,1167
24480,229,177
24481,235,183
24482,1211,1027
24483,28,24
24484,28,24
24485,235,183
24486,229,177
24487,1211,1027
24488,1363,1172
24489,1211,1027
24490,995,825
24491,993,823
24492,994,824
24493,994,824
24494,1521,1326
24495,1521,1326
24496,1521,1326
24497,1521,1326
24498,1521,1326
24499,1485,1290
24500,1485,1290
24501,1485,1290
24502,1482,1287
24503,1482,1287
24504,1482,1287
24505,1498,1303
24506,1486,1291
24507,1486,1291
24508,996,826
24509,996,826
24510,996,826
24511,996,826
24512,1290,1102
24513,44,37
24514,44,37
24515,385,310
24516,395,318
24517,395,318
24518,395,318
24519,395,318
24520,397,320
24521,411,332
24522,395,318
24523,395,318
24524,393,317
24525,400,323
24526,1309,1120
24527,1309,1120
24528,1309,1120
24529,1309,1120
24530,1309,1120
24531,1521,1326
24532,1521,1326
24533,1521,1326
24534,1521,1326
24535,1521,1326
24536,1521,1326
24537,1521,1326
24538,993,823
24539,993,823
24540,993,823
24541,996,826
24542,996,826
24543,996,826
24544,996,826
24545,996,826
24546,996,826
24547,994,824
24548,994,824
24549,996,826
24550,994,824
24551,1211,1027
24552,1211,1027
24553,235,183
24554,993,823
24555,993,823
24556,993,823
24557,993,823
24558,994,824
24559,996,826
24560,995,825
24561,995,825
24562,995,825
24563,995,825
24564,231,179
24565,938,777
24566,938,777
24567,1004,833
24568,1020,848
24569,1020,848
24570,1002,832
24571,1002,832
24572,1053,878
24573,1053,878
24574,807,661
24575,807,661
24576,807,661
24577,807,661
24578,390,314
24579,386,311
24580,395,318
24581,393,317
24582,393,317
24583,395,318
24584,400,323
24585,411,332
24586,411,332
24587,402,324
24588,402,324
24589,407,328
24590,1248,1061
24591,1248,1061
24592,1248,1061
24593,1248,1061
24594,1519,1324
24595,696,563
24596,411,332
24597,411,332
24598,1359,1168
24599,390,314
24600,396,319
24601,396,319
24602,390,314
24603,393,317
24604,1520,1325
24605,1520,1325
24606,1520,1325
24607,1520,1325
24608,1520,1325
24609,1520,1325
24610,1520,1325
24611,235,183
24612,1451,1258
24613,1512,1317
24614,955,790
24615,955,790
24616,955,790
24617,955,790
24618,955,790
24619,1248,1061
24620,1248,1061
24621,1248,1061
24622,1248,1061
24623,1248,1061
24624,1248,1061
24625,1248,1061
24626,1248,1061
24627,233,181
24628,232,180
24629,232,180
24630,1060,883
24631,1060,883
24632,982,813
24633,232,180
24634,233,181
24635,982,813
24636,233,181
24637,232,180
24638,233,181
24639,233,181
24640,1060,883
24641,232,180
24642,1060,883
24643,1060,883
24644,1405,1212
24645,1405,1212
24646,1405,1212
24647,1405,1212
24648,1405,1212
24649,1405,1212
24650,1405,1212
24651,1466,1273
24652,1380,1189
24653,1314,1125
24654,1293,1105
24655,1293,1105
24656,1293,1105
24657,1292,1104
24658,1292,1104
24659,1483,1288
24660,1506,1311
24661,1507,1312
24662,1507,1312
24663,1507,1312
24664,1507,1312
24665,1507,1312
24666,1451,1258
24667,1512,1317
24668,1503,1308
24669,1029,856
24670,1029,856
24671,1029,856
24672,1032,858
24673,1029,856
24674,1032,858
24675,1033,859
24676,1033,859
24677,1033,859
24678,1029,856
24679,692,560
24680,691,559
24681,691,559
24682,808,662
24683,808,662
24684,808,662
24685,1380,1189
24686,1482,1287
24687,1482,1287
24688,1483,1288
24689,1483,1288
24690,1482,1287
24691,1482,1287
24692,1485,1290
24693,1482,1287
24694,1482,1287
24695,1482,1287
24696,1482,1287
24697,1483,1288
24698,1484,1289
24699,1292,1104
24700,1292,1104
24701,878,718
24702,878,718
24703,878,718
24704,1230,1044
24705,1230,1044
24706,1230,1044
24707,1230,1044
24708,1230,1044
24709,1062,885
24710,1062,885
24711,1472,1279
24712,1292,1104
24713,1292,1104
24714,1450,1257
24715,1450,1257
24716,1450,1257
24717,1450,1257
24718,1450,1257
24719,1450,1257
24720,1450,1257
24721,1450,1257
24722,1450,1257
24723,1450,1257
24724,1450,1257
24725,1450,1257
24726,1450,1257
24727,1450,1257
24728,1450,1257
24729,1450,1257
24730,1450,1257
24731,1450,1257
24732,1450,1257
24733,1450,1257
24734,1450,1257
24735,1450,1257
24736,1450,1257
24737,1450,1257
24738,1450,1257
24739,1450,1257
24740,1450,1257
24741,1450,1257
24742,1450,1257
24743,1450,1257
24744,1450,1257
24745,1450,1257
24746,1450,1257
24747,1450,1257
24748,1211,1027
24749,1211,1027
24750,1521,1326
24751,1521,1326
24752,1483,1288
24753,907,747
24754,907,747
24755,907,747
24756,907,747
24757,907,747
24758,907,747
24759,1450,1257
24760,919,759
24761,919,759
24762,993,823
24763,993,823
24764,1002,832
24765,1002,832
24766,1002,832
24767,994,824
24768,994,824
24769,1002,832
24770,1002,832
24771,996,826
24772,996,826
24773,1002,832
24774,994,824
24775,1292,1104
24776,1292,1104
24777,1449,1256
24778,411,332
24779,378,304
24780,386,311
24781,1512,1317
24782,1512,1317
24783,1512,1317
24784,1512,1317
24785,1512,1317
24786,1512,1317
24787,1512,1317
24788,1512,1317
24789,1512,1317
24790,1521,1326
24791,1521,1326
24792,1521,1326
24793,1521,1326
24794,1521,1326
24795,1521,1326
24796,1513,1318
24797,1513,1318
24798,1509,1314
24799,1509,1314
24800,1509,1314
24801,1513,1318
24802,1509,1314
24803,1509,1314
24804,1509,1314
24805,1509,1314
24806,1509,1314
24807,1519,1324
24808,1509,1314
24809,1509,1314
24810,1513,1318
24811,236,184
24812,236,184
24813,236,184
24814,996,826
24815,996,826
24816,993,823
24817,993,823
24818,993,823
24819,993,823
24820,29,25
24821,1342,1152
24822,1029,856
24823,390,314
24824,402,324
24825,1205,1022
24826,1205,1022
24827,1308,1119
24828,1308,1119
24829,1308,1119
24830,386,311
24831,386,311
24832,386,311
24833,389,313
24834,386,311
24835,386,311
24836,386,311
24837,386,311
24838,386,311
24839,385,310
24840,398,321
24841,398,321
24842,1512,1317
24843,1512,1317
24844,1449,1256
24845,1450,1257
24846,1450,1257
24847,808,662
24848,811,664
24849,807,661
24850,807,661
24851,807,661
24852,1306,1117
24853,1306,1117
24854,1306,1117
24855,1308,1119
24856,1306,1117
24857,1306,1117
24858,1306,1117
24859,1306,1117
24860,1306,1117
24861,1306,1117
24862,1306,1117
24863,1306,1117
24864,1486,1291
24865,1486,1291
24866,1486,1291
24867,1486,1291
24868,1486,1291
24869,1483,1288
24870,1483,1288
24871,1511,1316
24872,1437,1244
24873,1437,1244
24874,1437,1244
24875,1437,1244
24876,1437,1244
24877,1437,1244
24878,1437,1244
24879,1437,1244
24880,1437,1244
24881,1437,1244
24882,1437,1244
24883,1437,1244
24884,1437,1244
24885,1436,1243
24886,1436,1243
24887,1059,882
24888,1059,882
24889,1059,882
24890,1059,882
24891,1059,882
24892,1520,1325
24893,1021,849
24894,1520,1325
24895,1520,1325
24896,1520,1325
24897,1520,1325
24898,1021,849
24899,1021,849
24900,1520,1325
24901,1021,849
24902,1520,1325
24903,1520,1325
24904,1520,1325
24905,1021,849
24906,1021,849
24907,1449,1256
24908,1449,1256
24909,993,823
24910,993,823
24911,993,823
24912,1308,1119
24913,1309,1120
24914,1512,1317
24915,1021,849
24916,1021,849
24917,1021,849
24918,1021,849
24919,1021,849
24920,1021,849
24921,1021,849
24922,1363,1172
24923,1366,1175
24924,1366,1175
24925,1366,1175
24926,1366,1175
24927,1366,1175
24928,1484,1289
24929,1035,861
24930,1035,861
24931,1035,861
24932,1035,861
24933,1035,861
24934,1036,862
24935,1036,862
24936,1036,862
24937,1036,862
24938,28,24
24939,28,24
24940,28,24
24941,28,24
24942,1033,859
24943,1033,859
24944,1033,859
24945,1033,859
24946,1033,859
24947,28,24
24948,1205,1022
24949,1380,1189
24950,689,557
24951,908,748
24952,908,748
24953,909,749
24954,993,823
24955,382,307
24956,397,320
24957,402,324
24958,411,332
24959,385,310
24960,1047,872
24961,1048,873
24962,1048,873
24963,1048,873
24964,1048,873
24965,1048,873
24966,1048,873
24967,1048,873
24968,1048,873
24969,1048,873
24970,814,666
24971,814,666
24972,814,666
24973,814,666
24974,814,666
24975,814,666
24976,814,666
24977,814,666
24978,814,666
24979,814,666
24980,814,666
24981,814,666
24982,400,323
24983,400,323
24984,404,326
24985,404,326
24986,404,326
24987,1059,882
24988,1021,849
24989,1059,882
24990,1358,1167
24991,1440,1247
24992,1484,1289
24993,1002,832
24994,1002,832
24995,1002,832
24996,807,661
24997,229,177
24998,1037,863
24999,1200,1017
25000,816,668
25001,816,668
25002,1033,859
25003,1211,1027
25004,1483,1288
25005,380,305
25006,382,307
25007,386,311
25008,378,304
25009,378,304
25010,398,321
25011,396,319
25012,396,319
25013,395,318
25014,411,332
25015,411,332
25016,395,318
25017,395,318
25018,400,323
25019,404,326
25020,404,326
25021,409,330
25022,877,717
25023,877,717
25024,877,717
25025,877,717
25026,877,717
25027,1192,1009
25028,1192,1009
25029,1046,871
25030,1050,875
25031,1050,875
25032,1050,875
25033,806,660
25034,806,660
25035,806,660
25036,806,660
25037,806,660
25038,806,660
25039,1044,869
25040,1044,869
25041,806,660
25042,1044,869
25043,1042,867
25044,1047,872
25045,1042,867
25046,1336,1146
25047,1336,1146
25048,1336,1146
25049,1336,1146
25050,809,663
25051,809,663
25052,809,663
25053,691,559
25054,691,559
25055,691,559
25056,931,770
25057,931,770
25058,878,718
25059,1292,1104
25060,1306,1117
25061,1438,1245
25062,411,332
25063,1438,1245
25064,28,24
25065,935,774
25066,935,774
25067,932,771
25068,932,771
25069,935,774
25070,932,771
25071,935,774
25072,931,770
25073,933,772
25074,933,772
25075,933,772
25076,933,772
25077,933,772
25078,932,771
25079,932,771
25080,931,770
25081,935,774
25082,1019,847
25083,1485,1290
25084,931,770
25085,931,770
25086,931,770
25087,382,307
25088,382,307
25089,1366,1175
25090,232,180
25091,232,180
25092,232,180
25093,231,179
25094,232,180
25095,233,181
25096,699,565
25097,695,562
25098,1059,882
25099,1059,882
25100,1520,1325
25101,1520,1325
25102,371,297
25103,994,824
25104,915,755
25105,236,184
25106,955,790
25107,954,789
25108,955,790
25109,954,789
25110,953,788
25111,953,788
25112,953,788
25113,29,25
25114,29,25
25115,29,25
25116,29,25
25117,1037,863
25118,1037,863
25119,995,825
25120,995,825
25121,995,825
25122,996,826
25123,29,25
25124,29,25
25125,29,25
25126,29,25
25127,29,25
25128,1366,1175
25129,809,663
25130,809,663
25131,809,663
25132,809,663
25133,1029,856
25134,1032,858
25135,1033,859
25136,382,307
25137,402,324
25138,395,318
25139,411,332
25140,397,320
25141,397,320
25142,407,328
25143,409,330
25144,808,662
25145,820,672
25146,820,672
25147,371,297
25148,818,670
25149,806,660
25150,382,307
25151,371,297
25152,378,304
25153,1033,859
25154,382,307
25155,378,304
25156,378,304
25157,877,717
25158,1046,871
25159,1046,871
25160,877,717
25161,232,180
25162,232,180
25163,1438,1245
25164,811,664
25165,933,772
25166,1060,883
25167,933,772
25168,933,772
25169,933,772
25170,933,772
25171,1060,883
25172,231,179
25173,1455,1262
25174,941,779
25175,941,779
25176,232,180
25177,232,180
25178,233,181
25179,1060,883
25180,1061,884
25181,1061,884
25182,1061,884
25183,1061,884
25184,1061,884
25185,1061,884
25186,1061,884
25187,1060,883
25188,809,663
25189,809,663
25190,811,664
25191,811,664
25192,1201,1018
25193,1201,1018
25194,1201,1018
25195,1201,1018
25196,696,563
25197,1041,866
25198,1041,866
25199,692,560
25200,1029,856
25201,1029,856
25202,1037,863
25203,1200,1017
25204,811,664
25205,811,664
25206,1201,1018
25207,1201,1018
25208,811,664
25209,1201,1018
25210,811,664
25211,811,664
25212,1201,1018
25213,1358,1167
25214,1358,1167
25215,29,25
25216,1366,1175
25217,1366,1175
25218,1366,1175
25219,1366,1175
25220,917,757
25221,920,760
25222,920,760
25223,402,324
25224,411,332
25225,411,332
25226,808,662
25227,689,557
25228,931,770
25229,931,770
25230,1051,876
25231,1044,869
25232,1051,876
25233,1042,867
25234,1042,867
25235,1042,867
25236,395,318
25237,395,318
25238,395,318
25239,395,318
25240,877,717
25241,996,826
25242,877,717
25243,1029,856
25244,1029,856
25245,232,180
25246,233,181
25247,233,181
25248,1061,884
25249,1061,884
25250,1061,884
25251,975,807
25252,975,807
25253,932,771
25254,932,771
25255,932,771
25256,1520,1325
25257,29,25
25258,385,310
25259,378,304
25260,380,305
25261,232,180
25262,233,181
25263,1191,1008
25264,685,553
25265,1191,1008
25266,378,304
25267,1021,849
25268,993,823
25269,1449,1256
25270,1449,1256
25271,1002,832
25272,1002,832
25273,1059,882
25274,1059,882
25275,1520,1325
25276,1520,1325
25277,1004,833
25278,1004,833
25279,1004,833
25280,1020,848
25281,1004,833
25282,1021,849
25283,1020,848
25284,1004,833
25285,411,332
25286,395,318
25287,402,324
25288,400,323
25289,684,552
25290,685,553
25291,684,552
25292,684,552
25293,404,326
25294,409,330
25295,407,328
25296,404,326
25297,818,670
25298,818,670
25299,818,670
25300,1191,1008
25301,691,559
25302,909,749
25303,407,328
25304,684,552
25305,685,553
25306,947,783
25307,911,751
25308,911,751
25309,994,824
25310,1059,882
25311,1059,882
25312,1059,882
25313,1520,1325
25314,1520,1325
25315,1520,1325
25316,1021,849
25317,1520,1325
25318,1520,1325
25319,946,782
25320,946,782
25321,946,782
25322,946,782
25323,1059,882
25324,1520,1325
25325,1520,1325
25326,1520,1325
25327,1021,849
25328,1520,1325
25329,1002,832
25330,233,181
25331,232,180
25332,231,179
25333,232,180
25334,1061,884
25335,1061,884
25336,1061,884
25337,1061,884
25338,1061,884
25339,1061,884
25340,1061,884
25341,1061,884
25342,1061,884
25343,1061,884
25344,1061,884
25345,1061,884
25346,1037,863
25347,1037,863
25348,1037,863
25349,1200,1017
25350,404,326
25351,1499,1304
25352,1499,1304
25353,1037,863
25354,1337,1147
25355,1199,1016
25356,995,825
25357,396,319
25358,396,319
25359,396,319
25360,404,326
25361,409,330
25362,407,328
25363,407,328
25364,407,328
25365,685,553
25366,29,25
25367,29,25
25368,947,783
25369,946,782
25370,946,782
25371,1062,885
25372,878,718
25373,395,318
25374,1031,857
25375,878,718
25376,382,307
25377,915,755
25378,953,788
25379,958,792
25380,958,792
25381,954,789
25382,958,792
25383,958,792
25384,958,792
25385,954,789
25386,953,788
25387,954,789
25388,953,788
25389,965,799
25390,954,789
25391,908,748
25392,1053,878
25393,382,307
25394,1002,832
25395,1002,832
25396,1002,832
25397,918,758
25398,921,761
25399,919,759
25400,919,759
25401,921,761
25402,921,761
25403,921,761
25404,921,761
25405,921,761
25406,921,761
25407,921,761
25408,1476,1282
25409,1476,1282
25410,1476,1282
25411,1476,1282
25412,1476,1282
25413,1476,1282
25414,1476,1282
25415,1476,1282
25416,1520,1325
25417,1520,1325
25418,811,664
25419,1201,1018
25420,1020,848
25421,1020,848
25422,1020,848
25423,1020,848
25424,1483,1288
25425,236,184
25426,411,332
25427,908,748
25428,908,748
25429,908,748
25430,404,326
25431,409,330
25432,975,807
25433,975,807
25434,1037,863
25435,911,751
25436,911,751
25437,911,751
25438,911,751
25439,911,751
25440,914,754
25441,914,754
25442,1497,1302
25443,1497,1302
25444,1497,1302
25445,1497,1302
25446,1497,1302
25447,1497,1302
25448,1497,1302
25449,1497,1302
25450,1497,1302
25451,1497,1302
25452,1497,1302
25453,1497,1302
25454,1497,1302
25455,1499,1304
25456,1497,1302
25457,1497,1302
25458,1499,1304
25459,1032,858
25460,995,825
25461,995,825
25462,1053,878
25463,1366,1175
25464,397,320
25465,1020,848
25466,817,669
25467,1020,848
25468,995,825
25469,995,825
25470,685,553
25471,685,553
25472,817,669
25473,811,664
25474,811,664
25475,811,664
25476,811,664
25477,1049,874
25478,1049,874
25479,811,664
25480,811,664
25481,1053,878
25482,1454,1261
25483,1454,1261
25484,1454,1261
25485,1454,1261
25486,1454,1261
25487,1454,1261
25488,1454,1261
25489,1454,1261
25490,232,180
25491,232,180
25492,1060,883
25493,1061,884
25494,1061,884
25495,233,181
25496,1497,1302
25497,1047,872
25498,1049,874
25499,1049,874
25500,1380,1189
25501,932,771
25502,1499,1304
25503,1499,1304
25504,820,672
25505,1031,857
25506,1031,857
25507,1031,857
25508,1031,857
25509,1031,857
25510,1031,857
25511,1201,1018
25512,1201,1018
25513,1201,1018
25514,1201,1018
25515,1201,1018
25516,1201,1018
25517,1201,1018
25518,1201,1018
25519,806,660
25520,689,557
25521,911,751
25522,1457,1264
25523,1454,1261
25524,162,121
25525,232,180
25526,691,559
25527,691,559
25528,691,559
25529,162,121
25530,1454,1261
25531,1454,1261
25532,163,122
25533,955,790
25534,954,789
25535,953,788
25536,953,788
25537,965,799
25538,965,799
25539,965,799
25540,958,792
25541,958,792
25542,958,792
25543,965,799
25544,958,792
25545,965,799
25546,958,792
25547,954,789
25548,965,799
25549,958,792
25550,395,318
25551,811,664
25552,1201,1018
25553,811,664
25554,691,559
25555,1192,1009
25556,818,670
25557,818,670
25558,911,751
25559,1004,833
25560,1004,833
25561,1475,1281
25562,931,770
25563,931,770
25564,931,770
25565,975,807
25566,975,807
25567,975,807
25568,975,807
25569,973,806
25570,919,759
25571,1026,854
25572,1026,854
25573,1026,854
25574,1028,855
25575,1028,855
25576,1033,859
25577,1033,859
25578,1028,855
25579,816,668
25580,816,668
25581,954,789
25582,954,789
25583,811,664
25584,811,664
25585,811,664
25586,811,664
25587,811,664
25588,811,664
25589,1499,1304
25590,1499,1304
25591,1499,1304
25592,1499,1304
25593,1499,1304
25594,1499,1304
25595,1499,1304
25596,1499,1304
25597,817,669
25598,817,669
25599,817,669
25600,409,330
25601,232,180
25602,818,670
25603,817,669
25604,947,783
25605,958,792
25606,958,792
25607,947,783
25608,958,792
25609,958,792
25610,958,792
25611,958,792
25612,958,792
25613,958,792
25614,951,787
25615,951,787
25616,811,664
25617,691,559
25618,819,671
25619,932,771
25620,932,771
25621,931,770
25622,931,770
25623,402,324
25624,402,324
25625,397,320
25626,400,323
25627,920,760
25628,1032,858
25629,932,771
25630,932,771
